{"type":"FeatureCollection","crs":{"type":"name","properties":{"name":"EPSG:4326"}},"features":[{"type":"Feature","id":1,"geometry":{"type":"Polygon","coordinates":[[[-105.079008200124,40.5235808853231],[-105.077088242545,40.5235790600807],[-105.077127077613,40.5216817446083],[-105.077237097879,40.5163936249458],[-105.077273656616,40.5146283942195],[-105.077391966536,40.5086968768167],[-105.077415939876,40.5065298663964],[-105.077417968272,40.5063490487997],[-105.077439608687,40.5044667588901],[-105.077465958969,40.502038923832],[-105.077400140307,40.4948049674415],[-105.078735659351,40.4947800834813],[-105.084245073701,40.4946893327087],[-105.086605840878,40.4946473955139],[-105.086841027904,40.4946434223786],[-105.087522134146,40.4946319128544],[-105.090492934656,40.4945853610171],[-105.093841112027,40.4945258875549],[-105.093957082733,40.4945240232657],[-105.094211835965,40.4945199271578],[-105.096276222878,40.4944884999734],[-105.100053459883,40.4944748036897],[-105.102326811101,40.4944668259738],[-105.105191839478,40.4944564736598],[-105.109034317529,40.494440306449],[-105.111158222321,40.4944324564763],[-105.113198263992,40.4944270220895],[-105.115622630993,40.4944179137694],[-105.115730436013,40.4944167954674],[-105.124407880485,40.4943638028212],[-105.125174595275,40.4943592319201],[-105.126311810322,40.4943595864706],[-105.129810769015,40.4943605886395],[-105.134711837068,40.4943618408383],[-105.134703016511,40.4931705916638],[-105.134674999853,40.4893808212766],[-105.13467303973,40.4891155043429],[-105.134658825687,40.487192460162],[-105.134655999587,40.486803177647],[-105.134632797001,40.4836094889651],[-105.134606741367,40.480022396233],[-105.134763257534,40.4764139171506],[-105.134919756632,40.4728054299941],[-105.134913375001,40.4725888492684],[-105.135277529559,40.4725842645836],[-105.141630087363,40.4725040725264],[-105.146760149457,40.4724654562878],[-105.147529324732,40.4724624891187],[-105.148674867162,40.4726011593744],[-105.153348423395,40.4725970673953],[-105.162676450253,40.4726892202332],[-105.173466955056,40.4727349132387],[-105.173463661832,40.472794980035],[-105.182868937517,40.4728821290369],[-105.182720735258,40.4764881616729],[-105.182586747042,40.4797484670099],[-105.182570734572,40.4801380152417],[-105.182411859429,40.4849700824201],[-105.182338195779,40.4871772244726],[-105.182220014318,40.4907179159478],[-105.182101822078,40.494258609166],[-105.181950135254,40.4983695659818],[-105.181942676542,40.4985720784528],[-105.181836999631,40.501452106843],[-105.181729613225,40.5043658835435],[-105.181573191381,40.5086095619017],[-105.181883823417,40.5159744537486],[-105.181959428326,40.5177565966534],[-105.182056401461,40.5200445218649],[-105.182164760742,40.5226142100558],[-105.182167486231,40.5226848348744],[-105.182193787105,40.5233026162015],[-105.181949249515,40.5374480264995],[-105.18197011199,40.5410460128136],[-105.182008598511,40.5446437369399],[-105.182013769214,40.5518386341406],[-105.177174569033,40.5518548714675],[-105.172348943294,40.5518710507733],[-105.167429946665,40.5520090825353],[-105.162510936561,40.5521469003736],[-105.159239988253,40.5521753341619],[-105.159646431902,40.5531140826455],[-105.159850429421,40.5536562490685],[-105.160151855522,40.5542956445576],[-105.160382347952,40.5548952475215],[-105.160579205662,40.5553812636351],[-105.160866409635,40.5559652006876],[-105.161399568739,40.5562418374195],[-105.162115733531,40.5562672097721],[-105.162584397191,40.555927652163],[-105.162601337621,40.5554842189781],[-105.162665550994,40.5550244691766],[-105.16329428815,40.5551954131629],[-105.164047086239,40.5550018530673],[-105.164807850589,40.5550830317324],[-105.165637413313,40.555006898284],[-105.166328482769,40.5550295505654],[-105.166838718664,40.5548879820422],[-105.16740826852,40.5555648872172],[-105.166853401627,40.5558548776501],[-105.166196322625,40.5557090123819],[-105.165555504027,40.5556053093451],[-105.165040306737,40.5557234551167],[-105.164439314048,40.5556058028055],[-105.163796406868,40.5558005883184],[-105.163592652792,40.5563253187365],[-105.163529618906,40.5568260543011],[-105.16273708384,40.5568224813855],[-105.160485951552,40.5568123011346],[-105.160167238273,40.556811170223],[-105.153256964119,40.5567881506738],[-105.15319137273,40.5522271828963],[-105.153153819558,40.5449972834842],[-105.148373517419,40.5450759806486],[-105.14809647968,40.545080526249],[-105.146859959471,40.5450956812063],[-105.146523524228,40.545141623212],[-105.145683025414,40.5451531732165],[-105.144810578016,40.5451295393931],[-105.143605060465,40.5451464800847],[-105.139488104874,40.5452214956847],[-105.138333294525,40.5452426624747],[-105.136016262726,40.5452675993858],[-105.135689718832,40.5452711107992],[-105.134120120384,40.5452942633235],[-105.13408968636,40.5400436492951],[-105.134082606738,40.5388221942393],[-105.134079469821,40.5382808457436],[-105.134078133128,40.5380500939707],[-105.138844264343,40.5379562845503],[-105.138899481987,40.5343514203326],[-105.136491517325,40.5343906836936],[-105.13407525762,40.5344366303104],[-105.131997780457,40.5344455113076],[-105.129372103696,40.5344704488246],[-105.128197401053,40.5344776748722],[-105.127003079205,40.5344788013819],[-105.127002983085,40.5332606818078],[-105.127002974102,40.5331144887656],[-105.127002948949,40.5326092848034],[-105.127002926491,40.5321900798172],[-105.127002910322,40.5318881369375],[-105.127002930085,40.5316076874251],[-105.127002913915,40.5313331945479],[-105.127002891457,40.5308528340866],[-105.127003685568,40.5307388025159],[-105.126077967176,40.5308149458005],[-105.124694854489,40.5308665529838],[-105.122907336431,40.530874010879],[-105.122520662007,40.5308756426989],[-105.122391556134,40.5308761868664],[-105.122390392816,40.5309580481853],[-105.122390523072,40.5310201541879],[-105.122390749447,40.5311299473438],[-105.122391321674,40.5314044403708],[-105.122391751069,40.5316103099152],[-105.122392179565,40.5318161781444],[-105.12239258201,40.5320083236667],[-105.122392983557,40.5322004686381],[-105.122393385104,40.532392614424],[-105.122393784855,40.5325847603417],[-105.122394186402,40.5327769043429],[-105.12239458705,40.5329690491587],[-105.122394989495,40.5331611947889],[-105.122395391042,40.5333533405509],[-105.122395790793,40.5335454850791],[-105.12239619234,40.5337376290565],[-105.12239659209,40.5339297752137],[-105.122396993637,40.5341219208199],[-105.122397393387,40.5343140651923],[-105.122397838951,40.5345275607966],[-105.122235954452,40.5345290505192],[-105.12197694141,40.5345314325731],[-105.121716632098,40.5345338262334],[-105.121585685578,40.5345350305737],[-105.121423586381,40.5345365175651],[-105.12125335833,40.5345380830707],[-105.121089135516,40.5345395919095],[-105.120960132052,40.5345407757676],[-105.119916881681,40.534550353138],[-105.116946449481,40.53457114097],[-105.116334436261,40.5345749151133],[-105.116349280921,40.5327831187372],[-105.115341959569,40.5327837721293],[-105.11515416586,40.5327834239266],[-105.1151479594,40.5355383258198],[-105.115146065751,40.5360293221991],[-105.115141618192,40.5382341890295],[-105.115142770731,40.5402452105624],[-105.11514503179,40.5436424321029],[-105.115144620362,40.5437148287364],[-105.11514578368,40.5450914223094],[-105.115145897766,40.5455866048092],[-105.115006002229,40.5455867194894],[-105.114950268054,40.5455862123028],[-105.114086082462,40.5455783478383],[-105.112989178415,40.5455683563289],[-105.112771472604,40.5455663712696],[-105.111227239884,40.545558641279],[-105.110435498031,40.5455547414698],[-105.109928938042,40.5455500375336],[-105.109760552435,40.5455484736505],[-105.109533878743,40.5455463670843],[-105.109307205051,40.545544260518],[-105.109080531358,40.545542153269],[-105.108853856768,40.5455400460199],[-105.108627183076,40.5455379394534],[-105.108334577533,40.5455351714276],[-105.108189686464,40.5455138934629],[-105.108030216637,40.5455230542313],[-105.105660101591,40.5455118230744],[-105.104999264935,40.5455056781229],[-105.104629020698,40.5455022336187],[-105.104361836579,40.5454997481964],[-105.104127721243,40.5454975679056],[-105.103892350961,40.5454953766927],[-105.103659924457,40.5454932127846],[-105.103418593853,40.5454909649141],[-105.103318320308,40.5454898809122],[-105.103332360976,40.5456048164232],[-105.103328769511,40.5462172695903],[-105.103297290747,40.5462161330389],[-105.103257711874,40.5462156545268],[-105.102099989187,40.5462089526273],[-105.097711092898,40.5461811511364],[-105.096360871127,40.5461726962808],[-105.096128784187,40.54617191264],[-105.096128971037,40.5460582156834],[-105.096135267328,40.5422233053488],[-105.096137555337,40.5409359321192],[-105.096138899217,40.5399749665534],[-105.096139479529,40.5395590032822],[-105.096141788199,40.5384640144373],[-105.096142425105,40.5381614901827],[-105.093979231595,40.5381539539059],[-105.091407684618,40.5381452850359],[-105.090237754725,40.5381414121029],[-105.089772471425,40.5381398678451],[-105.088419689455,40.5381350855609],[-105.085174448236,40.5381242347923],[-105.083421409316,40.5381179649123],[-105.081068430532,40.5381101937831],[-105.080552413979,40.5381057241716],[-105.080659238937,40.5334533441214],[-105.080709249048,40.5310528765354],[-105.080842421593,40.5259393191811],[-105.080881391409,40.5235829789232],[-105.079008200124,40.5235808853231]]]},"properties":{"FID":1,"OG_CODE":6151,"CDE_Code":"9330","School":"Webber","SchoolFull":"Webber Middle","Address":"4201 Seneca St","City":"Fort Collins","State":"CO","Zip":80526,"Phone":"970-488-7800","BldgID":92700,"Loc_Code":"270","ArticArea":"Rocky Mountain HS","Shape_Leng":139606.342295,"Shape_Area":625035915.321,"Shape__Area":100579644.03125,"Shape__Length":56013.891517541961,"RIC":55,"RICNC":"43","FCI":"33","NSC":"74","FCA":21.33,"FCA_Remain":8.6700000000000017}},{"type":"Feature","id":2,"geometry":{"type":"Polygon","coordinates":[[[-105.11930273266,40.5748124878688],[-105.116202583478,40.5747663968409],[-105.11564167152,40.574758048551],[-105.115332437634,40.5747534454458],[-105.115325236142,40.5747537647393],[-105.11531983844,40.5747534037698],[-105.115309942977,40.5747526848071],[-105.11530634516,40.574752329791],[-105.1153018474,40.5747519717977],[-105.115288356072,40.5747505547087],[-105.115285658197,40.5747502026691],[-105.115282960322,40.5747498506294],[-105.115280262447,40.5747494985896],[-105.115277564572,40.5747491465498],[-105.115274866698,40.5747487945099],[-105.115272168823,40.57474844247],[-105.115267673016,40.5747477413672],[-105.115260480105,40.5747463451121],[-105.115256882288,40.5747459900944],[-105.115254186366,40.5747452949459],[-105.115250590501,40.5747445968199],[-105.115246992684,40.5747442418019],[-105.11524249883,40.5747431975901],[-105.115230811295,40.5747411002331],[-105.115224519509,40.5747397069571],[-105.115220923646,40.5747390088303],[-105.115218229677,40.5747379705728],[-105.11521373387,40.5747372694679],[-105.115211039902,40.5747362312103],[-105.115200254264,40.5747337937198],[-105.115197558343,40.57473309857],[-105.115191268511,40.5747313621842],[-105.11518857259,40.5747306670341],[-105.115185878622,40.5747296287759],[-105.11518048678,40.5747282384756],[-105.115176894823,40.574726854131],[-105.11517329896,40.5747261560026],[-105.115169707003,40.5747247716578],[-105.115167011082,40.5747240765073],[-105.115163419125,40.5747226921623],[-105.115160723205,40.5747219970116],[-105.115157131249,40.5747206126665],[-105.11515263935,40.574719225343],[-105.115149047394,40.5747178409976],[-105.11514635538,40.5747164596303],[-105.115142761471,40.5747154183928],[-105.115139169515,40.5747140340471],[-105.115135577559,40.5747126497012],[-105.115131985604,40.5747112653553],[-105.11512929359,40.5747098839876],[-105.115123007668,40.5747074613817],[-105.115076322031,40.5746877493298],[-105.115019815208,40.5746542801621],[-105.115014427283,40.5746522036377],[-105.114992873633,40.5746442406459],[-105.114959634433,40.5746338371575],[-105.114946150952,40.5746310475961],[-105.114942555097,40.5746303494606],[-105.114938959241,40.5746296513249],[-105.114932667472,40.5746282580332],[-105.114928169722,40.5746279000255],[-105.114915580322,40.5746261427649],[-105.114911982513,40.5746257877366],[-105.114831551347,40.5746246658339],[-105.113976098652,40.574612734561],[-105.112984418071,40.5745998312904],[-105.112537172136,40.574593881516],[-105.111984637227,40.5745868925351],[-105.110988010398,40.5746514996529],[-105.110795237112,40.5746640758117],[-105.110547765402,40.5746802202306],[-105.109851198637,40.574679600968],[-105.105990656427,40.5746302149304],[-105.105520086525,40.5746114638945],[-105.104974753725,40.5746041229219],[-105.10071995775,40.5745679759347],[-105.099749755862,40.5745756204322],[-105.099396873928,40.5745922473275],[-105.09926719379,40.574609580366],[-105.099049241751,40.5746339386398],[-105.098873676082,40.574646371557],[-105.098698139712,40.574653657587],[-105.09847494228,40.5746549458474],[-105.097151125759,40.5746431648032],[-105.097020130849,40.5746419976998],[-105.096652996724,40.5746387274563],[-105.095952487041,40.5746324845039],[-105.095965372158,40.573379813698],[-105.095973242364,40.5726651314014],[-105.095982063648,40.5717912459169],[-105.095991571394,40.5709530466002],[-105.095869359268,40.5709523193457],[-105.091831430125,40.5709282251809],[-105.089840347017,40.570910719606],[-105.088447944087,40.5708984576879],[-105.088239485557,40.5708966498599],[-105.087970829596,40.5708943194841],[-105.087383488031,40.5708892217981],[-105.086774051527,40.5708839300609],[-105.086576228458,40.5708822110783],[-105.086427746675,40.5708816830917],[-105.08638632447,40.5708859962656],[-105.086367150673,40.5708887864597],[-105.086365608119,40.570889010617],[-105.086344886387,40.5708927111765],[-105.08630433887,40.5709011448183],[-105.086284509805,40.5709062210047],[-105.086264676538,40.5709119834036],[-105.086245741058,40.5709180921091],[-105.08619613372,40.5709364438255],[-105.086169982306,40.5709452717641],[-105.086142941493,40.570952380954],[-105.086128522245,40.5709557607899],[-105.086115007085,40.5709584576108],[-105.086086183283,40.5709628155178],[-105.086071774531,40.5709644798067],[-105.086057367878,40.5709658009858],[-105.086028562974,40.5709670709067],[-105.086014164723,40.5709670196484],[-105.085985372422,40.5709662309107],[-105.08596378555,40.5709644384748],[-105.085960185987,40.5709644256584],[-105.084875943923,40.5709396300538],[-105.084173191754,40.570926825723],[-105.083733101606,40.5709321918197],[-105.08322653616,40.5709185844514],[-105.082604938314,40.5708793470946],[-105.080332105038,40.5708241599061],[-105.079055182294,40.5708161133713],[-105.078997475972,40.5671059286532],[-105.079002425513,40.5658664800766],[-105.079018597252,40.5653132508767],[-105.079034497998,40.564803701731],[-105.079128154161,40.5640711770026],[-105.079208258275,40.5634794256862],[-105.079559299546,40.5611036375156],[-105.07967900774,40.5604282631719],[-105.079792193739,40.5596230075367],[-105.079847623715,40.5588951962657],[-105.080034774855,40.5526073398051],[-105.080200455217,40.5484501166297],[-105.080340561663,40.5455031400312],[-105.08043969327,40.5424177329018],[-105.080458893059,40.5418399812445],[-105.080489853696,40.5406248797061],[-105.080552414028,40.538105724503],[-105.081068430324,40.5381101936419],[-105.083421409711,40.5381179646793],[-105.08517444855,40.5381242346313],[-105.088419689679,40.5381350856038],[-105.089772471101,40.5381398681398],[-105.090237755123,40.5381414121738],[-105.091407684638,40.53814528503],[-105.093979231821,40.5381539535987],[-105.096142425121,40.5381614901952],[-105.096141787766,40.5384640147228],[-105.096139479265,40.539559003147],[-105.096138898906,40.5399749665751],[-105.096137555681,40.540935932059],[-105.096135267143,40.5422233054326],[-105.096128970737,40.5460582159691],[-105.096128784197,40.5461719124131],[-105.096360871155,40.5461726960317],[-105.097711092741,40.5461811510056],[-105.10209998914,40.5462089525601],[-105.103257711878,40.5462156546604],[-105.103297290604,40.5462161328562],[-105.103328769247,40.5462172696325],[-105.10333236071,40.5456048163325],[-105.103318320455,40.5454898807976],[-105.103418593789,40.5454909650166],[-105.103659924074,40.5454932128226],[-105.10389235124,40.5454953766555],[-105.10412772134,40.5454975680575],[-105.104361836605,40.5454997484079],[-105.104629020538,40.5455022334907],[-105.104999264662,40.5455056779031],[-105.105660101644,40.5455118229067],[-105.108030216515,40.5455230542626],[-105.108189686036,40.545513893648],[-105.108334577879,40.5455351716147],[-105.108627183324,40.5455379393905],[-105.108853857127,40.5455400460128],[-105.109080530939,40.5455421530936],[-105.109307204759,40.5455442606329],[-105.109533878599,40.5455463668296],[-105.109760552448,40.5455484734848],[-105.109928937939,40.5455500373938],[-105.110435498043,40.5455547413666],[-105.111227239871,40.545558641173],[-105.112771472342,40.5455663713067],[-105.11298917846,40.5455683562371],[-105.11408608239,40.5455783476005],[-105.114950268244,40.5455862125101],[-105.115006002185,40.5455867195206],[-105.115145897988,40.5455866046106],[-105.115145783981,40.5450914220228],[-105.115144620239,40.5437148285051],[-105.115145032118,40.543642432086],[-105.115142770632,40.5402452108363],[-105.115141618265,40.5382341887808],[-105.11514606589,40.5360293224683],[-105.115147959487,40.5355383257477],[-105.115154166246,40.5327834241973],[-105.115341959691,40.5327837721308],[-105.116349280811,40.5327831185468],[-105.116334436572,40.5345749154154],[-105.116946449282,40.5345711407692],[-105.119916882021,40.5345503528109],[-105.120960132208,40.5345407754483],[-105.121089135389,40.5345395921824],[-105.121253358393,40.5345380831742],[-105.121423586126,40.5345365178456],[-105.121585685549,40.5345350302689],[-105.12171663167,40.534533826516],[-105.121976940975,40.5345314323312],[-105.12223595417,40.5345290504614],[-105.122397838738,40.5345275610537],[-105.122397393167,40.5343140653609],[-105.122396993682,40.534121920583],[-105.122396591843,40.5339297748874],[-105.122396192368,40.5337376291898],[-105.122395790524,40.5335454852762],[-105.122395391048,40.53335334046],[-105.122394989219,40.533161194726],[-105.122394587392,40.5329690489825],[-105.122394186743,40.5327769041337],[-105.122393784911,40.5325847601721],[-105.122393385451,40.5323926144075],[-105.122392983633,40.5322004686256],[-105.122392581813,40.5320083237347],[-105.12239218,40.5318161779337],[-105.122391750907,40.5316103099996],[-105.122391321827,40.5314044402536],[-105.122390749331,40.5311299472404],[-105.122390522908,40.5310201540005],[-105.122390392688,40.5309580482339],[-105.122391556546,40.5308761871895],[-105.122520662448,40.5308756429977],[-105.122907336879,40.5308740110769],[-105.1246948549,40.5308665527043],[-105.126077967225,40.5308149459086],[-105.127003685144,40.5307388026588],[-105.127002891266,40.5308528342987],[-105.127002914087,40.5313331947063],[-105.127002930493,40.5316076876382],[-105.127002910521,40.5318881368237],[-105.127002926673,40.532190080079],[-105.127002949074,40.5326092851199],[-105.127002974212,40.5331144885152],[-105.127002982663,40.5332606821106],[-105.127003078757,40.5344788013369],[-105.128197400804,40.5344776750679],[-105.129372103411,40.534470449133],[-105.131997780708,40.5344455111639],[-105.134075257325,40.53443663039],[-105.13649151754,40.5343906838063],[-105.138899482041,40.5343514200161],[-105.138844264351,40.5379562848072],[-105.134078133085,40.5380500941643],[-105.134079470078,40.5382808454362],[-105.134082606973,40.538822194028],[-105.134089686212,40.5400436489636],[-105.134120120765,40.5452942633731],[-105.135689718842,40.5452711108091],[-105.13601626258,40.5452675994083],[-105.138333294655,40.5452426624094],[-105.139488105174,40.5452214957693],[-105.143605060253,40.5451464804103],[-105.144810578298,40.5451295391682],[-105.145683025673,40.5451531733443],[-105.146523524606,40.5451416230547],[-105.146859959408,40.5450956809616],[-105.148096479944,40.54508052622],[-105.148373517098,40.5450759809873],[-105.153153819741,40.5449972837514],[-105.153191372834,40.5522271825579],[-105.153256964035,40.556788150814],[-105.160167238599,40.5568111703541],[-105.160485951798,40.5568123014504],[-105.162737083485,40.556822481084],[-105.163529618792,40.5568260544688],[-105.163692415178,40.5572861525482],[-105.163922760063,40.5577730339098],[-105.164166751261,40.558137351207],[-105.164137474657,40.5586829740297],[-105.163509368524,40.5582897587115],[-105.163104130978,40.5578448198862],[-105.162507729172,40.5575227130924],[-105.161575194055,40.5573490299604],[-105.161326732715,40.5578088322406],[-105.161586526173,40.5585934489228],[-105.161832661598,40.5592382862352],[-105.162006653795,40.5599614604713],[-105.162295070985,40.5605788342507],[-105.162527758439,40.5610782849229],[-105.162678639161,40.5614789489676],[-105.162770160517,40.561862576647],[-105.162691027446,40.5623375551085],[-105.163106187895,40.5626675836098],[-105.163410567978,40.5630059677826],[-105.16355151115,40.5636797445513],[-105.163686024629,40.5643440897289],[-105.163460117978,40.5647755094654],[-105.16360854823,40.5651884655711],[-105.164073116795,40.5656280111702],[-105.163818876952,40.5660139305876],[-105.163851568802,40.5665617540139],[-105.164176208706,40.5670867748041],[-105.164381532807,40.5674498631607],[-105.164618534013,40.5678993587349],[-105.165331005809,40.5684260082491],[-105.165060458999,40.5689050580778],[-105.164980068889,40.5693035397714],[-105.165446314388,40.569704771493],[-105.166078029076,40.5701337807151],[-105.166463621205,40.5706184199146],[-105.166674068511,40.5710206470256],[-105.166914156275,40.5716758318928],[-105.167119231539,40.5722883931908],[-105.167301309558,40.5727683651816],[-105.167468855708,40.5734658366898],[-105.167736812102,40.5740549474348],[-105.168039102414,40.5745218871835],[-105.168166492794,40.574943825016],[-105.153289340274,40.5750201996628],[-105.153355993584,40.5738274458385],[-105.150433871583,40.5740225553287],[-105.147741505576,40.5742022585142],[-105.146347733426,40.574281531084],[-105.143345036429,40.5744522571269],[-105.136481229246,40.574874197657],[-105.135469101426,40.5749361680064],[-105.135470283183,40.5748534487547],[-105.134957351133,40.5748849156391],[-105.134950473984,40.5748853335259],[-105.134943595211,40.5748858333583],[-105.134936716437,40.5748863331904],[-105.134929837367,40.5748868879554],[-105.134922959328,40.5748874706406],[-105.134916079815,40.5748881073546],[-105.134909236763,40.5748887721001],[-105.134902356949,40.5748894646471],[-105.1348955136,40.5748901843252],[-105.134888669955,40.5748909589362],[-105.134881861595,40.5748917606744],[-105.134875017507,40.5748926172344],[-105.134868208698,40.5748935018222],[-105.134861399739,40.5748944143266],[-105.13485459182,40.5748953529501],[-105.134847782418,40.5748963474034],[-105.134841009482,40.5748973689877],[-105.134834235214,40.5748984184849],[-105.13482746183,40.5748995229188],[-105.13482072373,40.5749006544799],[-105.134548288857,40.5749471214161],[-105.134463398136,40.574961594118],[-105.134458497125,40.5749624027274],[-105.134453561868,40.5749632103283],[-105.134448625426,40.5749640188259],[-105.134443689285,40.5749647714892],[-105.134438753144,40.5749655241524],[-105.134433816998,40.5749662777159],[-105.134428882334,40.5749669754491],[-105.134423909873,40.5749676739638],[-105.134418975356,40.57496834468],[-105.134414003045,40.5749690152773],[-105.134409032213,40.5749696309447],[-105.13440406138,40.5749702466119],[-105.134399090548,40.5749708622789],[-105.134394118831,40.5749714230086],[-105.134389112864,40.5749719836304],[-105.134384141147,40.5749725443596],[-105.134379135477,40.5749730500476],[-105.134374164057,40.5749735558431],[-105.134369158533,40.5749740345142],[-105.134364151828,40.5749745131814],[-105.133840451139,40.5750266109928],[-105.13230073564,40.5750039108895],[-105.131265861521,40.5749886251637],[-105.130229184921,40.5749736676103],[-105.127440424402,40.5749325140868],[-105.126322762035,40.5749158897686],[-105.12451758315,40.5748894874774],[-105.123947051426,40.5748814678926],[-105.12306336215,40.5748683135213],[-105.12039068002,40.5748287395573],[-105.120301606732,40.5748274194198],[-105.11930273266,40.5748124878688]]]},"properties":{"FID":2,"OG_CODE":6160,"CDE_Code":"0892","School":"Blevins","SchoolFull":"Blevins Middle","Address":"2101 S Taft Hill Rd","City":"Fort Collins","State":"CO","Zip":80526,"Phone":"970-488-4000","BldgID":92100,"Loc_Code":"210","ArticArea":"Rocky Mountain HS","Shape_Leng":92331.9341627,"Shape_Area":268004367.847,"Shape__Area":43182631.58203125,"Shape__Length":37051.71903684768,"RIC":31,"RICNC":"57","FCI":"7","NSC":"42","FCA":16.17,"FCA_Remain":13.829999999999998}},{"type":"Feature","id":3,"geometry":{"type":"Polygon","coordinates":[[[-105.039355293265,40.5207935716566],[-105.039340098262,40.5174775828876],[-105.03932816055,40.5148722105659],[-105.039301791403,40.5091035326122],[-105.03930153179,40.5060744087689],[-105.039481610767,40.5060758922937],[-105.040076109534,40.5064278391679],[-105.040320676768,40.506557139975],[-105.04101693669,40.5067647380505],[-105.04140166177,40.5068811060179],[-105.041769088891,40.5069922398541],[-105.041830719608,40.507010880645],[-105.042246273072,40.5071147654619],[-105.042320306828,40.5071544860043],[-105.04269598228,40.507356039647],[-105.04308282918,40.5074766917818],[-105.043451411535,40.5075916446894],[-105.044724229969,40.5078595632097],[-105.044885765922,40.5079421137864],[-105.044946276439,40.508058196265],[-105.044964657767,40.5082640746809],[-105.045047314451,40.508398458923],[-105.045116748832,40.5084892676469],[-105.045184675841,40.508568724155],[-105.045393102953,40.5087068581157],[-105.045602467907,40.5088589986361],[-105.045888839141,40.5089246254568],[-105.046521859464,40.5089158155241],[-105.047839750868,40.5089010123212],[-105.048137920575,40.5088995056371],[-105.048496791243,40.5089009979783],[-105.048436297793,40.5090759616018],[-105.048259738416,40.5095876250637],[-105.048015756883,40.5102946641592],[-105.047400205199,40.5120784154693],[-105.047187118526,40.5126854703842],[-105.047097063317,40.5129568263423],[-105.047068653198,40.5130391486853],[-105.04688911321,40.5135564790463],[-105.04684771435,40.51367576438],[-105.046628033144,40.5143087483098],[-105.046376258726,40.5150341911137],[-105.045941095938,40.5162879884757],[-105.045517048005,40.517509718402],[-105.045395800594,40.5178590389236],[-105.04535047969,40.5179896070075],[-105.045289672728,40.5181647920781],[-105.045216485185,40.5183703622092],[-105.044953030872,40.5191103448606],[-105.04446506062,40.5204808904257],[-105.044230828503,40.5212237389963],[-105.044169445721,40.5214184059844],[-105.044045814182,40.5218104826879],[-105.043981901744,40.5220131702131],[-105.043704122895,40.5228940805898],[-105.043599358672,40.5232263073266],[-105.043540884635,40.5234691439332],[-105.044611834557,40.5235666862607],[-105.047107424485,40.5235984323665],[-105.048770909457,40.5236097744036],[-105.051032932021,40.5236251588735],[-105.053430849026,40.523641420111],[-105.05573220163,40.5236569786987],[-105.056893722394,40.5236648136429],[-105.058055604281,40.5236769825919],[-105.05848450132,40.5236764131007],[-105.061340507018,40.5236946989552],[-105.062880571555,40.5236780109537],[-105.063973215791,40.523653969408],[-105.065375295507,40.5235464781641],[-105.066261945269,40.5235532219359],[-105.066477743058,40.5235578017732],[-105.066498426767,40.5235578789346],[-105.066572156892,40.5235595266381],[-105.066644994092,40.5235604839858],[-105.066676462975,40.5235612876936],[-105.066697146684,40.523561364855],[-105.066728615567,40.5235621685628],[-105.066780770854,40.5235627059613],[-105.066811341422,40.5235635062548],[-105.066832923446,40.5235635868305],[-105.066842812999,40.5235639664919],[-105.066989383918,40.5235658852844],[-105.067030745048,40.5235667258657],[-105.067062219321,40.5235668433149],[-105.067103580452,40.5235676832134],[-105.067218682487,40.523568798298],[-105.06722857204,40.5235691786423],[-105.067302309352,40.5235697959335],[-105.067312198905,40.5235701762778],[-105.067354464639,40.5235703333319],[-105.067364354192,40.5235707136762],[-105.067406619028,40.5235708707303],[-105.067416508581,40.5235712503917],[-105.067458774315,40.5235714081287],[-105.067468663868,40.5235717877901],[-105.067520820952,40.5235719824007],[-105.067531609718,40.5235723654763],[-105.067552292529,40.5235724426378],[-105.067563077703,40.5235735119718],[-105.068272607538,40.5235740917065],[-105.070736632464,40.5235756711251],[-105.077088242545,40.5235790600807],[-105.079008200124,40.5235808853231],[-105.080881391409,40.5235829789232],[-105.080842421593,40.5259393191811],[-105.080709249048,40.5310528765354],[-105.080659238937,40.5334533441214],[-105.080552413979,40.5381057241716],[-105.080489853506,40.540624879503],[-105.080458893069,40.5418399809592],[-105.080439693377,40.5424177331691],[-105.08034056159,40.545503140139],[-105.080200454949,40.5484501163398],[-105.080034775068,40.5526073395136],[-105.079827073794,40.5526055614751],[-105.077021135698,40.5525854358511],[-105.075285730707,40.5525767067369],[-105.074200734727,40.5525761695712],[-105.073853470292,40.5525748966179],[-105.072814375529,40.5525714265403],[-105.071021374154,40.5525655102078],[-105.069390312974,40.5525598232113],[-105.067525340376,40.5525535860798],[-105.060808151008,40.552538835514],[-105.060232734254,40.5525375509568],[-105.059525615497,40.5525345306771],[-105.059514842002,40.5525310592324],[-105.059473469193,40.5525291863175],[-105.059421312109,40.5525255578862],[-105.059400631993,40.5525237634644],[-105.059338596136,40.5525173522795],[-105.059297244887,40.5525120488716],[-105.05924601217,40.552504649354],[-105.059175021008,40.5524920276495],[-105.05912470547,40.5524818870105],[-105.059064519245,40.5524679336471],[-105.059044758105,40.5524630547812],[-105.059025895281,40.5524579697849],[-105.059024102243,40.5524574872221],[-105.059005241216,40.5524526117682],[-105.058946874079,40.5524355773677],[-105.058879541755,40.5524137057289],[-105.058866976121,40.5524091974839],[-105.058020422661,40.5521287417302],[-105.057397637743,40.5519342240176],[-105.057358723623,40.5519220690734],[-105.057348845748,40.5519192869778],[-105.057339868884,40.551916164287],[-105.057290476814,40.5519025950844],[-105.057241075762,40.5518903978161],[-105.057220410917,40.5518862014638],[-105.057210530347,40.5518837620097],[-105.057190765614,40.5518795690698],[-105.057179981339,40.5518778128538],[-105.057150331545,40.5518718664276],[-105.057129662209,40.5518683567253],[-105.057068545328,40.5518592029679],[-105.057057756562,40.5518581327201],[-105.057027194079,40.5518542414684],[-105.056975045979,40.5518492390151],[-105.056933679458,40.5518463367866],[-105.056892310243,40.5518441205269],[-105.056850036424,40.5518425868233],[-105.056808657327,40.5518417425013],[-105.056756478684,40.5518415438775],[-105.056735785093,40.5518418080267],[-105.056662898485,40.5518439321414],[-105.056641301189,40.5518448788467],[-105.056589999302,40.5518481141626],[-105.056569296728,40.5518497509321],[-105.056562204529,40.5518504191545],[-105.056537789218,40.5518527186859],[-105.056496371493,40.5518577074877],[-105.056465755112,40.5518620512739],[-105.05643513334,40.5518670810284],[-105.056384688445,40.5518768395292],[-105.056364868017,40.5518812242675],[-105.056315305268,40.5518933874098],[-105.056245907717,40.5519123371988],[-105.056226976621,40.5519180979664],[-105.055902513225,40.5520074416744],[-105.055893496835,40.552010495423],[-105.0554740887,40.5521262149181],[-105.054823658128,40.552305259999],[-105.054503459035,40.5523926524611],[-105.05441222883,40.5524163983899],[-105.054297344187,40.5524432355793],[-105.054197341933,40.5524644683419],[-105.054105240361,40.5524821702686],[-105.053953249009,40.5525072798993],[-105.053814128717,40.552525617268],[-105.053684942894,40.5525383311103],[-105.053580538896,40.5525447928018],[-105.053468514488,40.5525472793277],[-105.053331085724,40.552548767967],[-105.052931851954,40.5525488191581],[-105.052454127886,40.5525486962994],[-105.051894534956,40.5525485993774],[-105.049295397124,40.5525478164938],[-105.046928314791,40.5525557709188],[-105.045721819872,40.5525613562159],[-105.044487434958,40.552567163341],[-105.04329553946,40.5525723609495],[-105.04329629135,40.5524323557312],[-105.043328199509,40.5460187530104],[-105.043346155933,40.5444504446534],[-105.043357581605,40.5433037163408],[-105.043355864026,40.5419208362995],[-105.043362267217,40.540952630842],[-105.043371548611,40.5380264692469],[-105.041323873057,40.5380215606557],[-105.039634659437,40.5380174542331],[-105.039295587638,40.5380166268043],[-105.037690376379,40.5379935366207],[-105.035868922664,40.5379673094339],[-105.033139983663,40.5379570662391],[-105.030275373003,40.5379252798287],[-105.026613854278,40.5378901802682],[-105.024023597191,40.5378572987773],[-105.022062919878,40.5378320969511],[-105.020254984911,40.5378308244002],[-105.020162346147,40.5378297559764],[-105.019309257444,40.5378212181427],[-105.016551422335,40.5377935749702],[-105.01530774435,40.5377810877157],[-105.011070866364,40.5377384462944],[-105.010760817335,40.5377353195289],[-105.004767232607,40.5376823187826],[-105.00127018463,40.5376514060988],[-105.000448150687,40.537639984514],[-104.999821891085,40.5376341364979],[-104.995290362092,40.5376393393616],[-104.99481507695,40.5359716844489],[-104.993830765944,40.5327948620426],[-104.993268105267,40.5308558218882],[-104.99298841121,40.5298849090652],[-104.992672206027,40.5281398272145],[-104.992489183271,40.5270321215172],[-104.992424708488,40.525732818358],[-104.992298995552,40.5233007315439],[-104.993472803473,40.5233219749102],[-104.995663370446,40.5233437795698],[-105.001320821765,40.5232399820341],[-105.003171862391,40.523260087796],[-105.007451007909,40.5232912652354],[-105.010664970688,40.5233073660848],[-105.015554001316,40.523348752741],[-105.020319292607,40.5233829517334],[-105.020614468229,40.523369739342],[-105.02132665079,40.5232517188177],[-105.023663633273,40.5231905697975],[-105.026822600292,40.5232175504865],[-105.032051197691,40.5232717091749],[-105.03605583243,40.5232967088921],[-105.039367264214,40.5233210141448],[-105.039355293265,40.5207935716566]]]},"properties":{"FID":3,"OG_CODE":6210,"CDE_Code":"0898","School":"Boltz","SchoolFull":"Boltz Middle","Address":"720 Boltz Dr","City":"Fort Collins","State":"CO","Zip":80525,"Phone":"970-472-3700","BldgID":92200,"Loc_Code":"220","ArticArea":"Fort Collins HS","Shape_Leng":83015.5307583,"Shape_Area":193011239.904,"Shape__Area":31077511.546875,"Shape__Length":33297.209941814108,"RIC":48,"RICNC":"53","FCI":"39","NSC":"64","FCA":18.03,"FCA_Remain":11.969999999999999}},{"type":"Feature","id":4,"geometry":{"type":"Polygon","coordinates":[[[-105.006585453285,40.5885273682835],[-105.001309179599,40.5884583894085],[-105.001271829446,40.5811959357985],[-105.001286268966,40.5786728580574],[-105.001277713411,40.575505383091],[-105.001285536839,40.5740963532263],[-105.001385420515,40.5665610967018],[-105.001427491315,40.5645794501638],[-105.001403352685,40.5631517124637],[-105.00140433634,40.5614508940266],[-105.001302921036,40.5597426193237],[-105.001218827946,40.5591050407517],[-105.001033728285,40.5579344747463],[-105.000906242973,40.5571612618641],[-105.000640435972,40.5559903485979],[-105.000439818813,40.5551501762745],[-104.999823908701,40.5530091825022],[-104.997818997446,40.5462730397707],[-104.997048551054,40.5436007644442],[-104.996563734787,40.5419233839764],[-104.995290362092,40.5376393393616],[-104.999821891085,40.5376341364979],[-105.000448150687,40.537639984514],[-105.00127018463,40.5376514060988],[-105.004767232607,40.5376823187826],[-105.010760817335,40.5377353195289],[-105.011070866364,40.5377384462944],[-105.01530774435,40.5377810877157],[-105.016551422335,40.5377935749702],[-105.019309257444,40.5378212181427],[-105.020162346147,40.5378297559764],[-105.020254984911,40.5378308244002],[-105.022062919878,40.5378320969511],[-105.024023597191,40.5378572987773],[-105.026613854278,40.5378901802682],[-105.030275373003,40.5379252798287],[-105.033139983663,40.5379570662391],[-105.035868922664,40.5379673094339],[-105.037690376379,40.5379935366207],[-105.039295587638,40.5380166268043],[-105.039634659437,40.5380174542331],[-105.041323873057,40.5380215606557],[-105.043371548611,40.5380264692469],[-105.043362267217,40.540952630842],[-105.043355864026,40.5419208362995],[-105.043357581605,40.5433037163408],[-105.043346155933,40.5444504446534],[-105.043328199509,40.5460187530104],[-105.04329629135,40.5524323557312],[-105.04329553946,40.5525723609495],[-105.044487434958,40.552567163341],[-105.045721819872,40.5525613562159],[-105.046928314791,40.5525557709188],[-105.049295397124,40.5525478164938],[-105.051894534956,40.5525485993774],[-105.052454127886,40.5525486962994],[-105.052931851954,40.5525488191581],[-105.053331085724,40.552548767967],[-105.053468514488,40.5525472793277],[-105.053580538896,40.5525447928018],[-105.053684942894,40.5525383311103],[-105.053814128717,40.552525617268],[-105.053953249009,40.5525072798993],[-105.054105240361,40.5524821702686],[-105.054197341933,40.5524644683419],[-105.054297344187,40.5524432355793],[-105.05441222883,40.5524163983899],[-105.054503459035,40.5523926524611],[-105.054823658128,40.552305259999],[-105.0554740887,40.5521262149181],[-105.055893496835,40.552010495423],[-105.055902513225,40.5520074416744],[-105.056226976621,40.5519180979664],[-105.056245907717,40.5519123371988],[-105.056315305268,40.5518933874098],[-105.056364868017,40.5518812242675],[-105.056384688445,40.5518768395292],[-105.05643513334,40.5518670810284],[-105.056465755112,40.5518620512739],[-105.056496371493,40.5518577074877],[-105.056537789218,40.5518527186859],[-105.056562204529,40.5518504191545],[-105.056569296728,40.5518497509321],[-105.056589999302,40.5518481141626],[-105.056641301189,40.5518448788467],[-105.056662898485,40.5518439321414],[-105.056735785093,40.5518418080267],[-105.056756478684,40.5518415438775],[-105.056808657327,40.5518417425013],[-105.056850036424,40.5518425868233],[-105.056892310243,40.5518441205269],[-105.056933679458,40.5518463367866],[-105.056975045979,40.5518492390151],[-105.057027194079,40.5518542414684],[-105.057057756562,40.5518581327201],[-105.057068545328,40.5518592029679],[-105.057129662209,40.5518683567253],[-105.057150331545,40.5518718664276],[-105.057179981339,40.5518778128538],[-105.057190765614,40.5518795690698],[-105.057210530347,40.5518837620097],[-105.057220410917,40.5518862014638],[-105.057241075762,40.5518903978161],[-105.057290476814,40.5519025950844],[-105.057339868884,40.551916164287],[-105.057348845748,40.5519192869778],[-105.057358723623,40.5519220690734],[-105.057397637743,40.5519342240176],[-105.058020422661,40.5521287417302],[-105.058866976121,40.5524091974839],[-105.058879541755,40.5524137057289],[-105.058946874079,40.5524355773677],[-105.059005241216,40.5524526117682],[-105.059024102243,40.5524574872221],[-105.059025895281,40.5524579697849],[-105.059044758105,40.5524630547812],[-105.059064519245,40.5524679336471],[-105.05912470547,40.5524818870105],[-105.059175021008,40.5524920276495],[-105.05924601217,40.552504649354],[-105.059297244887,40.5525120488716],[-105.059338596136,40.5525173522795],[-105.059400631993,40.5525237634644],[-105.059421312109,40.5525255578862],[-105.059473469193,40.5525291863175],[-105.059514842002,40.5525310592324],[-105.059525615497,40.5525345306771],[-105.060232734254,40.5525375509568],[-105.060808151008,40.552538835514],[-105.067525340376,40.5525535860798],[-105.069390312974,40.5525598232113],[-105.071021374154,40.5525655102078],[-105.072814375529,40.5525714265403],[-105.073853470292,40.5525748966179],[-105.074200734727,40.5525761695712],[-105.075285730707,40.5525767067369],[-105.077021135698,40.5525854358511],[-105.079827073794,40.5526055614751],[-105.080034775068,40.5526073395136],[-105.079847623655,40.5588951962847],[-105.079792194008,40.5596230078597],[-105.079679008079,40.5604282628826],[-105.079559299483,40.5611036372425],[-105.079208258531,40.5634794258994],[-105.07912815396,40.5640711771311],[-105.079034498304,40.5648037018922],[-105.079018597225,40.5653132509449],[-105.079002425753,40.5658664801292],[-105.078997476036,40.5671059288695],[-105.079055182013,40.5708161134642],[-105.079051045271,40.5714807143753],[-105.079045561955,40.5723614738168],[-105.079036800686,40.5736241094384],[-105.078932698521,40.5737218632747],[-105.077084245042,40.5737151559403],[-105.077089100436,40.5743029014773],[-105.077082461886,40.5753610815257],[-105.077091480073,40.5767311710157],[-105.07709189779,40.5769521390528],[-105.077094597227,40.5781033025116],[-105.077082933502,40.5801118577293],[-105.077073441903,40.5814853144134],[-105.077064826161,40.5828625484317],[-105.077055376782,40.584229141388],[-105.077045954353,40.5855912740915],[-105.07703600102,40.5870384961771],[-105.077031708869,40.5877243662727],[-105.077024420837,40.588889214408],[-105.077012502889,40.5907937999694],[-105.077011724049,40.5909183470691],[-105.076996997967,40.5911138695443],[-105.076973164764,40.5913261703799],[-105.076943032574,40.5915381055904],[-105.076905703083,40.5917493279654],[-105.07680944321,40.5921710087581],[-105.076673471514,40.5921777190171],[-105.076560049328,40.5921773063195],[-105.076447562288,40.5921714071307],[-105.076336009496,40.5921600214494],[-105.07622539185,40.5921431485905],[-105.076116607666,40.592120793325],[-105.076009656943,40.5920932974023],[-105.075914784968,40.5920639037382],[-105.075905437099,40.5920610080284],[-105.075803952624,40.5920232382749],[-105.075706099141,40.5919806784652],[-105.075669796423,40.5919625674642],[-105.075611873952,40.591933671028],[-105.075521278856,40.5918818735158],[-105.075436112279,40.591825977616],[-105.075355472312,40.5917659812717],[-105.075279356262,40.5917022275933],[-105.07520956435,40.591635065831],[-105.074554180469,40.5911757840115],[-105.073956858297,40.590756371262],[-105.072972600291,40.5900670764077],[-105.070388932346,40.588255524318],[-105.069728407406,40.5885100749659],[-105.069664970177,40.5884712478702],[-105.069606631786,40.5884280234001],[-105.069553912357,40.5883807890271],[-105.069507284404,40.588329967697],[-105.069467165643,40.5882760144187],[-105.069433915401,40.5882194121718],[-105.069407831021,40.5881606671314],[-105.069389145164,40.5881003059397],[-105.069364782854,40.5880104687497],[-105.069331831751,40.5879222386745],[-105.06929047062,40.5878360912062],[-105.069240923142,40.5877524916067],[-105.069183455219,40.5876718921777],[-105.069118379463,40.5875947281685],[-105.069046046218,40.587521415046],[-105.068966845353,40.5874523505415],[-105.068881206262,40.5873879057815],[-105.068789590679,40.5873284300628],[-105.068692492678,40.5872742447125],[-105.068590437774,40.5872256410407],[-105.068483976633,40.5871828823874],[-105.068376297376,40.5871451412597],[-105.068265173081,40.5871137377163],[-105.068151243347,40.5870888525483],[-105.068035164842,40.5870706290244],[-105.067917607711,40.5870591728905],[-105.067799249282,40.5870545489588],[-105.067680772276,40.5870567845186],[-105.067562858514,40.5870658672897],[-105.067446188918,40.5870817440579],[-105.067331435428,40.5871043240864],[-105.067219260104,40.5871334763865],[-105.067145890203,40.5871670902354],[-105.067068551545,40.5871950595809],[-105.066987988834,40.5872171149628],[-105.066904978214,40.5872330428598],[-105.066820319185,40.5872426911467],[-105.066734827417,40.5872459663657],[-105.066649326667,40.5872428371365],[-105.066564638892,40.5872333327928],[-105.066481582457,40.5872175461103],[-105.066400955067,40.5871956285321],[-105.066323534663,40.5871677908506],[-105.066250065947,40.587134301844],[-105.066144861549,40.5870940338324],[-105.066043962777,40.5870478033936],[-105.065947949043,40.5869958772547],[-105.065857372811,40.5869385535229],[-105.065772755104,40.5868761616865],[-105.06569458281,40.5868090612505],[-105.065623304187,40.5867376376439],[-105.065559330664,40.5866623008557],[-105.065503028754,40.5865834854353],[-105.065454723646,40.5865016436707],[-105.065414691124,40.5864172469536],[-105.065383162952,40.5863307803217],[-105.065360319693,40.5862427404124],[-105.065346293398,40.5861536340988],[-105.065341164018,40.5860639737143],[-105.065344961196,40.5859742750059],[-105.065357663374,40.5858850530413],[-105.06537919689,40.5857968222087],[-105.065409437776,40.5857100880303],[-105.065448212657,40.5856253512551],[-105.065495298751,40.5855430976261],[-105.065560792223,40.5854828097976],[-105.065619533059,40.5854186046435],[-105.065671118815,40.5853509208162],[-105.065715197349,40.5852802208471],[-105.065751467727,40.5852069870534],[-105.065779682912,40.5851317201737],[-105.065799649766,40.5850549345933],[-105.065811231744,40.5849771535682],[-105.065814350695,40.5848989092259],[-105.06580898416,40.584820735743],[-105.06574599519,40.5843369091166],[-105.065726799091,40.5842668070697],[-105.065699109421,40.5841983764036],[-105.065663167826,40.5841322133897],[-105.065619287819,40.584068894517],[-105.065567851185,40.5840089730807],[-105.065509307079,40.5839529709948],[-105.065444166645,40.5839013767454],[-105.065372996718,40.583854639932],[-105.065296419832,40.5838131692208],[-105.065215101637,40.583777324839],[-105.065129752702,40.5837474206221],[-105.06504111773,40.5837237165081],[-105.064949968373,40.5837064199017],[-105.064857100539,40.5836956815811],[-105.064763322711,40.583691594333],[-105.064669455052,40.5836941943167],[-105.062666592854,40.5838016456702],[-105.062467633985,40.5838264447359],[-105.062267380644,40.5838441806673],[-105.062066264021,40.5838548166295],[-105.061864717106,40.5838583294303],[-105.061663172885,40.5838547108839],[-105.061462065246,40.583843969176],[-105.061261828972,40.5838261274989],[-105.061062892561,40.5838012233697],[-105.060865685407,40.5837693120411],[-105.060722727513,40.5837451706249],[-105.060581762082,40.5837149771276],[-105.060443229288,40.5836788263713],[-105.060307562121,40.5836368302324],[-105.060175184584,40.5835891210529],[-105.060046510801,40.5835358475475],[-105.059921942319,40.5834771754856],[-105.059801868108,40.5834132890562],[-105.059686662766,40.583344387457],[-105.059576687416,40.5832706862589],[-105.059472285213,40.5831924146776],[-105.059373781349,40.5831098189846],[-105.059281484844,40.5830231556856],[-105.059195684056,40.582932696296],[-105.059115407009,40.582837658953],[-105.05904228145,40.5827393248861],[-105.058976537348,40.5826380051831],[-105.058918385806,40.5825340225315],[-105.058868010081,40.582427707125],[-105.058825570074,40.5823193966642],[-105.058791202328,40.5822094356736],[-105.058765013743,40.5820981727738],[-105.058747088759,40.5819859620454],[-105.058737483972,40.581873159618],[-105.058736229924,40.5817601229883],[-105.058743330208,40.5816472123842],[-105.058752757129,40.5815227203372],[-105.058753990516,40.5813980240643],[-105.058747026776,40.5812734380845],[-105.058731883875,40.5811492735076],[-105.058708600441,40.581025844175],[-105.058677234865,40.5809034591544],[-105.058637865299,40.5807824261514],[-105.058590591457,40.5806630494623],[-105.058528979605,40.5805882700633],[-105.058459685361,40.5805175077498],[-105.058383155187,40.5804512203341],[-105.05829988675,40.5803898369742],[-105.058210416344,40.5803337547623],[-105.058115324281,40.5802833359948],[-105.058015225907,40.5802389074905],[-105.057910767111,40.5802007564956],[-105.057802626121,40.5801691293192],[-105.057691500927,40.5801442313334],[-105.057578110182,40.5801262228784],[-105.057463188708,40.58011522131],[-105.057347478512,40.580111296905],[-105.05723172969,40.5801144755912],[-105.057116690536,40.5801247368992],[-105.057261188143,40.5797137143345],[-105.057431303905,40.5791841559384],[-105.057501930351,40.5789883843498],[-105.057734116106,40.5783033791881],[-105.056984196218,40.577848109111],[-105.056074889148,40.577360942701],[-105.055305558464,40.5769743806687],[-105.054177706557,40.5764601538205],[-105.05270375533,40.5758325959446],[-105.051372624556,40.5753485344091],[-105.050168994365,40.5749602617714],[-105.048500167112,40.5745129855812],[-105.046862737775,40.574046745142],[-105.045537244827,40.5736650979155],[-105.04494822219,40.5734316670732],[-105.044409554617,40.5731460098967],[-105.044104617002,40.5729541945924],[-105.043900540431,40.572567025741],[-105.043818573652,40.5723467474035],[-105.043656893071,40.572190660324],[-105.043446159983,40.5719462207437],[-105.043326203452,40.5717858571074],[-105.043099602523,40.5714260665141],[-105.042944303574,40.5711025837247],[-105.042832519016,40.5708425980024],[-105.041796930377,40.5684436375474],[-105.041770569315,40.5683498631926],[-105.041778702661,40.5682119613373],[-105.041854736965,40.5680459562973],[-105.042014009164,40.5678814377792],[-105.0420687507,40.5677708259376],[-105.042090259962,40.5671193312146],[-105.040083026561,40.5671382719173],[-105.039713570146,40.5671415140006],[-105.039640664675,40.5671439699588],[-105.039598358516,40.5671458615719],[-105.039504735199,40.5671513235023],[-105.039463321966,40.5671542475865],[-105.039437232195,40.5671564121594],[-105.039412000316,40.5671585050802],[-105.03931835454,40.5671673981164],[-105.039308447021,40.5671687315258],[-105.039256216276,40.5671743572303],[-105.039235502024,40.5671770199544],[-105.039225587318,40.5671793831049],[-105.03927174096,40.5713574432523],[-105.039297750781,40.5737579095564],[-105.039294969597,40.5745879621397],[-105.039294268911,40.5747971965399],[-105.039249862492,40.5752386117692],[-105.039131028854,40.5756402731955],[-105.038911188646,40.5760720718572],[-105.038643253536,40.5764299099558],[-105.038313433487,40.5767555899311],[-105.037874744811,40.577076377603],[-105.03743392084,40.5773141208068],[-105.036951123087,40.577503657712],[-105.035262504152,40.5780559257538],[-105.034607643089,40.578270090429],[-105.034226803223,40.5784202226697],[-105.033904280188,40.5785970072957],[-105.033836521165,40.5786344796514],[-105.033495433546,40.5788925076563],[-105.033240726129,40.5791536267485],[-105.033035347001,40.5794393039884],[-105.032971431868,40.5795714911813],[-105.032869166758,40.5797831259188],[-105.032782360755,40.5801018754669],[-105.032773542892,40.5802113793918],[-105.032754794154,40.5804441950569],[-105.032759254289,40.5807104707675],[-105.032762187289,40.5809372828592],[-105.032764646876,40.5811023307762],[-105.032766963631,40.5812470450038],[-105.03277281885,40.5816129210132],[-105.032778294082,40.5819927722524],[-105.03279149752,40.5834537980657],[-105.032790432118,40.5834823352179],[-105.032787204471,40.5835687400381],[-105.03272918588,40.5838889772277],[-105.03262800863,40.5842025222922],[-105.032511038997,40.5844566435567],[-105.032365328664,40.5847017292024],[-105.032154565932,40.5849822367764],[-105.031907024376,40.5852440675257],[-105.031672489527,40.5854472774001],[-105.031534921524,40.5855558338502],[-105.030626227105,40.586273742546],[-105.03027022386,40.5865986091673],[-105.029978794212,40.5869566740709],[-105.029859290431,40.5871630352626],[-105.029755581729,40.5873421203365],[-105.029606071523,40.5877429607299],[-105.029600580121,40.5877559769151],[-105.029595071652,40.587771395088],[-105.029593216631,40.5877792791548],[-105.02958770906,40.5877946973223],[-105.029585855835,40.587802238245],[-105.029583100702,40.5878101188972],[-105.029581245681,40.5878180029594],[-105.029578492345,40.5878255404686],[-105.029574782303,40.5878413085884],[-105.029572029865,40.5878488460949],[-105.029566463903,40.5878724982651],[-105.02956370877,40.587880378909],[-105.029561856444,40.5878879198221],[-105.029556290483,40.5879115719784],[-105.029555335574,40.5879194601217],[-105.02954977051,40.5879431122669],[-105.029548815601,40.5879510004065],[-105.029545103762,40.5879667684968],[-105.029544148853,40.5879746559515],[-105.029542293832,40.5879825406765],[-105.029540384014,40.5879983162634],[-105.029538528095,40.5880062003034],[-105.029536618276,40.5880219758847],[-105.029534763255,40.5880298599219],[-105.029533808346,40.5880377473692],[-105.029529245803,40.5880466499097],[-105.029529184717,40.5880504162638],[-105.029519346368,40.5886719170492],[-105.02951314979,40.5890633183814],[-105.029409485104,40.589062297163],[-105.029291911803,40.5890600098248],[-105.0283056793,40.5890408140539],[-105.027052656141,40.5890164139487],[-105.026827369448,40.5890120255034],[-105.026184406572,40.5888457323444],[-105.025541476035,40.5886794435472],[-105.024770957778,40.5886644212484],[-105.024244966331,40.5888079321234],[-105.023719007224,40.5889514317754],[-105.023443627775,40.588946061672],[-105.023250376801,40.588942289911],[-105.021872937874,40.5889154114168],[-105.021710223332,40.5889087308462],[-105.021608736162,40.5889102514214],[-105.020244205127,40.5888856554834],[-105.020080883324,40.588880416353],[-105.020081247141,40.5887309160936],[-105.017670928894,40.5886960648733],[-105.01528976457,40.588661588152],[-105.012908419685,40.5886269763412],[-105.01052717092,40.5885923597371],[-105.010170023221,40.5885872727102],[-105.010037719346,40.5885615994885],[-105.009925337409,40.5885444255616],[-105.009748078243,40.5885245890737],[-105.0096394854,40.5885165604722],[-105.009496497862,40.5885115409755],[-105.008412638251,40.5884967287512],[-105.006585453285,40.5885273682835]]]},"properties":{"FID":4,"OG_CODE":1282,"CDE_Code":"5068","School":"Lesher","SchoolFull":"Lesher Middle","Address":"1400 Stover St","City":"Fort Collins","State":"CO","Zip":80524,"Phone":"970-472-3800","BldgID":92400,"Loc_Code":"240","ArticArea":"Fort Collins HS","Shape_Leng":96068.2052878,"Shape_Area":311316664.556,"Shape__Area":50170033.03125,"Shape__Length":38573.851882582596,"RIC":72,"RICNC":"55","FCI":"32","NSC":"96","FCA":22.58,"FCA_Remain":7.4200000000000017}},{"type":"Feature","id":5,"geometry":{"type":"Polygon","coordinates":[[[-104.956130048216,40.6382644195356],[-104.955995253313,40.6379221226505],[-104.956263972652,40.6373196979565],[-104.957095680553,40.636818139501],[-104.957077673823,40.6365100200359],[-104.957028262889,40.6356645239153],[-104.956246290214,40.6344546927432],[-104.955942974956,40.6334896141761],[-104.955652224435,40.6325644902933],[-104.955990381749,40.6318535204826],[-104.957381248693,40.6314945282357],[-104.957790358542,40.6309600854949],[-104.958637870503,40.6304446362444],[-104.960517252079,40.6306705433278],[-104.962150346146,40.6288945844253],[-104.962929577163,40.629324232525],[-104.962942147289,40.6281695295608],[-104.964008664025,40.6287104612433],[-104.964114561024,40.6286840255289],[-104.965897612658,40.6297627564379],[-104.966010185936,40.6296562959246],[-104.966079383163,40.629695407255],[-104.967564385464,40.6307551459684],[-104.968036620826,40.6309566017573],[-104.96917730876,40.6313162568258],[-104.969331491104,40.6313648679815],[-104.970123632708,40.6316094142001],[-104.970468889407,40.63171599704],[-104.970328884275,40.6318196741328],[-104.971117361651,40.6321630071856],[-104.97185421195,40.6324670951692],[-104.972673464709,40.6327919677289],[-104.972836652664,40.6327555892253],[-104.972778581072,40.6316303464154],[-104.972745742259,40.6303820648063],[-104.972948712105,40.6303652206851],[-104.973151683749,40.6303483751962],[-104.973712189367,40.6306543285366],[-104.974259558023,40.6309531064298],[-104.974884582441,40.6312942643975],[-104.975250711496,40.6314941062364],[-104.975531134985,40.6316168376927],[-104.975836843355,40.6317566867577],[-104.976478943848,40.6319271176737],[-104.976772300382,40.6319583706344],[-104.97715235063,40.6319988577282],[-104.977541587049,40.6319818210828],[-104.977831194913,40.6319691448342],[-104.978489385132,40.6318391289516],[-104.978862036855,40.6317013416454],[-104.97898140499,40.6316580510486],[-104.979091079405,40.6316176864618],[-104.979644456891,40.6313018106393],[-104.98171372525,40.629870715972],[-104.9827369908,40.6309759347945],[-104.982965095508,40.6312207224121],[-104.983134671383,40.6315680351506],[-104.983194961813,40.6316915163868],[-104.988704308789,40.6317184553991],[-104.988899629482,40.6317194023377],[-104.989103189522,40.6317202961005],[-104.990034501723,40.631725066244],[-104.99030358488,40.6313985754859],[-104.991218229739,40.6305060220544],[-104.991370671148,40.6303570955273],[-104.991355817504,40.6317315352861],[-105.000645641709,40.6317747317551],[-105.001028695923,40.6317858938948],[-105.000729470695,40.6389985795614],[-105.001174104421,40.639000989254],[-105.00268685119,40.6390149811479],[-105.007250682702,40.6390519179341],[-105.010124156141,40.6390726235479],[-105.010234964229,40.6390720604917],[-105.010296188907,40.6318218018441],[-105.019791490157,40.631892473726],[-105.019847365367,40.6303990609545],[-105.02478318834,40.6304399709997],[-105.024764169209,40.6317618386735],[-105.033149021613,40.6317698170861],[-105.033714623374,40.6328357511629],[-105.033766872984,40.6334221085471],[-105.033839012193,40.6338596116018],[-105.034153939074,40.6344386956558],[-105.034444940225,40.6348735136145],[-105.034730741029,40.635155816925],[-105.035436526687,40.6353111298656],[-105.036327584482,40.6358150528693],[-105.036980138671,40.6364371559446],[-105.037833168983,40.6370171631429],[-105.038329101902,40.6376767604039],[-105.038673565389,40.6376790065409],[-105.038722370858,40.6356673693352],[-105.038814268512,40.6356654101266],[-105.038906184132,40.6356647304707],[-105.048137813676,40.6357682098745],[-105.048230447948,40.6356155143676],[-105.048986371276,40.6352379358838],[-105.049494838388,40.6359537206207],[-105.049317545985,40.6364973521456],[-105.050402237437,40.6375954754143],[-105.051299144162,40.637978475579],[-105.051971804444,40.6382657488008],[-105.052559267605,40.6392933078424],[-105.052626779592,40.6393911926677],[-105.05284892847,40.639394181078],[-105.053340148827,40.6393966984591],[-105.053550030312,40.6393985191806],[-105.053736063322,40.6394011660775],[-105.053736615786,40.6393035791539],[-105.053759603674,40.6377665315236],[-105.054408130716,40.6377727702544],[-105.054683938661,40.6377654210676],[-105.055033875583,40.6379506351878],[-105.05547807183,40.638185733126],[-105.056202740074,40.6385692527462],[-105.056912967003,40.6389451327609],[-105.057011674784,40.6389973730108],[-105.057129109745,40.6389979606078],[-105.057144760194,40.6376256248071],[-105.057235996687,40.6376338145218],[-105.058328834061,40.6376446573371],[-105.059517556711,40.6376596209102],[-105.060706518312,40.6376730377469],[-105.061894845702,40.637684899668],[-105.062855471727,40.6376964255186],[-105.063083815388,40.6376982871873],[-105.063565255786,40.6377042675677],[-105.064279721864,40.6377116822025],[-105.064280789063,40.6376576856189],[-105.064285693864,40.6373163065781],[-105.064291169096,40.636806342868],[-105.066443524432,40.6368293962341],[-105.0666690914,40.6367712515369],[-105.067789945431,40.6367828777536],[-105.069137804633,40.6367968462532],[-105.069234900837,40.6367989499468],[-105.069137969923,40.6355274377946],[-105.069946795038,40.6356412022385],[-105.071253901269,40.6390344979467],[-105.071448322747,40.6395183131422],[-105.072005262952,40.6395228605069],[-105.072535620211,40.6395261249842],[-105.073407579823,40.6395324119485],[-105.073662506429,40.6395336887005],[-105.074076806743,40.6395461849177],[-105.074218212349,40.6395501331002],[-105.07470456743,40.6395646061318],[-105.074948040517,40.6395813893094],[-105.075133823796,40.6396031070253],[-105.075300976015,40.6396265002558],[-105.075408742409,40.6396408437554],[-105.075525370682,40.6396565287592],[-105.075696422488,40.6396814986505],[-105.075920595271,40.639707010452],[-105.076314322368,40.6397336074456],[-105.076417356436,40.6397371084484],[-105.076607833413,40.6397421234165],[-105.076731201746,40.6397442345155],[-105.08078204762,40.639778142969],[-105.081343005091,40.6397814640115],[-105.083137604568,40.6397913705604],[-105.085479347224,40.6398147589533],[-105.087072614483,40.6398284268888],[-105.087092029771,40.63992069339],[-105.087814527686,40.6426741813081],[-105.086362230349,40.6428748983761],[-105.086830951502,40.6447256014457],[-105.086037042912,40.6451906231133],[-105.085396115618,40.645444316217],[-105.085315418159,40.654222182744],[-105.085457510976,40.6542233488101],[-105.085454539349,40.654425606794],[-105.085448400262,40.6548443930041],[-105.085443791006,40.6551584305055],[-105.085306500583,40.6551920551199],[-105.085154577502,40.6717107852591],[-105.094564702293,40.6747971037486],[-105.094548087054,40.6760390355836],[-105.094505274245,40.6792398057748],[-105.094442334683,40.6827856639272],[-105.094312391581,40.6834477121108],[-105.094373046727,40.6863764863611],[-105.094423807829,40.6888437717657],[-105.094465868747,40.6908548030215],[-105.094496834573,40.6923490847058],[-105.094083325675,40.6922999846549],[-105.094201935632,40.6955221005605],[-105.094211029277,40.6963079192153],[-105.094230813773,40.6980178427293],[-105.095014841794,40.6980581004058],[-105.095659019192,40.6980911728419],[-105.095649631798,40.6998669022225],[-105.095452455186,40.6999393360885],[-105.094406265528,40.701009557933],[-105.094137714174,40.7013875051662],[-105.094073262747,40.7015086002692],[-105.094051816368,40.7016351849105],[-105.094185030237,40.7022602407648],[-105.095629504145,40.7030999467523],[-105.095625495863,40.703745045834],[-105.095622515252,40.704224976511],[-105.095620211074,40.7045987555057],[-105.098762089441,40.7046331512753],[-105.100419914128,40.704651281437],[-105.102815040966,40.7046774677751],[-105.105198781658,40.7047048526551],[-105.105201517028,40.7044261730271],[-105.1144654446,40.7042500305134],[-105.114569836022,40.7042475033215],[-105.114690219254,40.7041888310396],[-105.114693211542,40.7039805772542],[-105.114786067698,40.7039253826222],[-105.124029018709,40.7039711943947],[-105.133600759402,40.7039133131956],[-105.133592352968,40.7045081563319],[-105.142966092396,40.7045278303487],[-105.145531587423,40.7045329065029],[-105.145510712373,40.7060231400901],[-105.145467336321,40.7091203121158],[-105.145429911608,40.7117917733793],[-105.143056784511,40.7117841824483],[-105.143052826534,40.7148253929881],[-105.143048873048,40.7178657183906],[-105.143043654735,40.7216318283523],[-105.143037081762,40.7262471720479],[-105.152566640264,40.726291878543],[-105.152565058331,40.7269050829226],[-105.152561894465,40.7281313896369],[-105.152547992137,40.7335197545336],[-105.152544852525,40.7348245581202],[-105.152539298242,40.7371332459848],[-105.152532295874,40.7397711813812],[-105.152530392344,40.7404883271592],[-105.152529706032,40.7407470652532],[-105.152520282704,40.744327601989],[-105.152509952977,40.7479077921687],[-105.152505032006,40.7496131451082],[-105.152504793054,40.7496980385377],[-105.152489289929,40.755068839589],[-105.152435664099,40.7623220667799],[-105.152381122887,40.7695752733525],[-105.152346517986,40.776811026742],[-105.15231558899,40.7840327047141],[-105.152220240009,40.7876396934571],[-105.152119578392,40.7912253940398],[-105.152041998986,40.7939638029813],[-105.152018004086,40.7948107472983],[-105.151918223716,40.7983964373709],[-105.158405117384,40.798424414073],[-105.160004777055,40.7984312593187],[-105.161017915897,40.7984355823094],[-105.16552346651,40.7984664205863],[-105.170598774491,40.7984980130084],[-105.170683135279,40.8021137407422],[-105.17076660404,40.8057291246447],[-105.170850992677,40.8093444938197],[-105.170935382211,40.8129598686302],[-105.175829043654,40.8130555559197],[-105.176118315549,40.8130612275323],[-105.176974659746,40.8130780132455],[-105.180721806783,40.8131513872069],[-105.185614588775,40.8132473570521],[-105.190508296931,40.813343119394],[-105.190463838409,40.8169234736149],[-105.190418480674,40.8205038215578],[-105.190374027542,40.8240845139519],[-105.190350540191,40.8259759008087],[-105.190329564529,40.8276648546563],[-105.192232259183,40.8276829145791],[-105.195039359698,40.8277095038282],[-105.19975006576,40.8277536241356],[-105.204459880692,40.8277978932756],[-105.209170597533,40.8278423146468],[-105.209195066743,40.83138062655],[-105.209221346956,40.8349189453852],[-105.209246725262,40.8384572514083],[-105.209272105363,40.8419958938969],[-105.20923967169,40.8457412745927],[-105.209208139027,40.8494866467997],[-105.209176159901,40.853177965728],[-105.209143248324,40.8569770374255],[-105.209107056998,40.8585781080762],[-105.209067272411,40.8603380332558],[-105.208990385605,40.8636990229571],[-105.20891439442,40.8670596688731],[-105.208863075465,40.8703575883194],[-105.20915880984,40.8741970538474],[-105.209458808517,40.8780917753993],[-105.209794578109,40.8819572260848],[-105.210054686198,40.8858259438488],[-105.21026061779,40.8896545362567],[-105.21046566005,40.8934834605846],[-105.210535955916,40.8947957517948],[-105.210670735548,40.8973116988775],[-105.210875832606,40.9011406180045],[-105.2109725075,40.9049486715231],[-105.211069201259,40.9087570645169],[-105.211165906696,40.9125651071577],[-105.211261717411,40.9163734939037],[-105.211209424681,40.920126613606],[-105.21115622106,40.9238800611746],[-105.211103003965,40.9276331693403],[-105.211049788666,40.9313866113638],[-105.211052736936,40.9351220015966],[-105.211056593404,40.9388570476243],[-105.211060448973,40.9425924348085],[-105.21106339904,40.9463278088647],[-105.191610208188,40.9463485525422],[-105.191575317622,40.94949266828],[-105.191540432447,40.952636780178],[-105.191562743903,40.9562555544878],[-105.191566906696,40.9569619278944],[-105.191585133513,40.9600551191784],[-105.191653663291,40.9638606373622],[-105.191676871267,40.965149566755],[-105.191722197561,40.9676668301181],[-105.191790741712,40.9714726771834],[-105.19186019945,40.9752785203996],[-105.192123461524,40.9788762788421],[-105.192387657846,40.9824740390773],[-105.19265188471,40.9860714477738],[-105.192915232124,40.9896691884515],[-105.193166348975,40.9933725579552],[-105.193417499962,40.9970759275823],[-105.193423730677,40.9978927810384],[-105.193421602568,40.9984058267458],[-105.081979472249,40.9983728645334],[-105.077075048989,40.9983684522141],[-105.076507337984,40.9983679281325],[-105.038380596029,40.9983264307565],[-105.035883421473,40.9983232794851],[-104.999987455083,40.9983019555164],[-104.993236662436,40.9982967160511],[-104.962407125078,40.9983585190707],[-104.947367612338,40.9982507988453],[-104.943314675186,40.9983183288429],[-104.943313627751,40.9971455998965],[-104.943310445918,40.9935825634652],[-104.943304246644,40.9863523116883],[-104.943298048269,40.979122383358],[-104.943291850791,40.9718924343156],[-104.943285655111,40.9646621236427],[-104.943070453803,40.9574776284745],[-104.94289734216,40.9502799310431],[-104.942934905213,40.9429931277906],[-104.942972460182,40.93570630497],[-104.943010010659,40.9284191174103],[-104.94304754856,40.9211326024585],[-104.943085081071,40.9138453744152],[-104.943122756414,40.9065584714195],[-104.943145487384,40.9021609111215],[-104.943160420977,40.8992715530148],[-104.943198081947,40.8919846079464],[-104.943235733934,40.8846976453294],[-104.943273369751,40.877410664094],[-104.943311001077,40.8701236665666],[-104.943323660136,40.8628499851111],[-104.943336317398,40.855576286796],[-104.943348972864,40.8483025671516],[-104.943361623838,40.841028829182],[-104.943374272117,40.8337550758924],[-104.9433869186,40.8264813000927],[-104.943399407877,40.8192078548965],[-104.943411897154,40.8119340424494],[-104.94342438194,40.8046602124286],[-104.943437166763,40.7973863596801],[-104.94344994979,40.7901128442726],[-104.943462730121,40.7828389598853],[-104.943482671822,40.7755681985171],[-104.943502606337,40.7682977700299],[-104.943522537258,40.7610269787552],[-104.943542465484,40.7537561644316],[-104.943563070142,40.746485342315],[-104.943583662223,40.739214491594],[-104.943647898054,40.7318803385165],[-104.943712121309,40.7245461618914],[-104.943776325699,40.7172119701795],[-104.943840521106,40.7098774163936],[-104.943904255677,40.7025431885398],[-104.943968875088,40.6952089457968],[-104.943183114218,40.6949740474277],[-104.943177138625,40.6946631526963],[-104.943177909379,40.6945720319083],[-104.943176007646,40.6944750290151],[-104.943170534211,40.6943714506299],[-104.94316873758,40.6942620227773],[-104.943167069409,40.6940300586742],[-104.943170870181,40.6937950144784],[-104.943170948334,40.6936783461794],[-104.943172844678,40.6935613425702],[-104.943172932712,40.6934436392548],[-104.943172121534,40.6933248956737],[-104.94317223023,40.6932047753513],[-104.943171437017,40.6930839614379],[-104.943168838191,40.6929621031553],[-104.943165333863,40.6928402392008],[-104.943163787863,40.6925937800157],[-104.943162117895,40.6924695096696],[-104.943161348039,40.6923459338359],[-104.94316161933,40.6920991370281],[-104.943160855762,40.6919748712084],[-104.94316101117,40.6918492285993],[-104.94316027006,40.6917222017005],[-104.943160620403,40.6914660847123],[-104.943162775462,40.6912110129607],[-104.943162938955,40.6910843363109],[-104.943163986391,40.6909604234705],[-104.943167699128,40.6908430826935],[-104.943169545166,40.6907319468811],[-104.943169652963,40.6905044775967],[-104.943167483532,40.6901171832554],[-104.943167761111,40.68997704508],[-104.943174220897,40.6895345649575],[-104.943174614359,40.6893806199651],[-104.943176852062,40.6892232320656],[-104.943180925922,40.6890630912452],[-104.943183203151,40.6889008711485],[-104.943186393069,40.68873796473],[-104.943190493878,40.6885747186954],[-104.943195503782,40.6884111309986],[-104.943198702683,40.6882471893762],[-104.943203298464,40.6879179180651],[-104.943206485687,40.6877553559586],[-104.943208564388,40.6876166064906],[-104.943208743153,40.687595552196],[-104.943210066371,40.6874388501079],[-104.94321228521,40.6872835324773],[-104.943216306968,40.6871296054447],[-104.943219420528,40.6869756739694],[-104.943223453964,40.686820365477],[-104.943225689871,40.6866629776614],[-104.943228851941,40.6865035220879],[-104.943235718663,40.6860127200607],[-104.943238957988,40.6858439463187],[-104.943243117187,40.6856737961452],[-104.943249636261,40.6853314168546],[-104.943254351518,40.6849879915299],[-104.943255803196,40.6848161027953],[-104.943258159477,40.6846445630733],[-104.943261032289,40.6843045817834],[-104.943265685562,40.6839684060283],[-104.943268901531,40.6838023921377],[-104.943271198523,40.6836377559233],[-104.943274383051,40.6834755410129],[-104.943277091471,40.6831548866687],[-104.943281596522,40.6828363139498],[-104.943285666789,40.6826765188287],[-104.943288830655,40.6825167192372],[-104.943291084529,40.6823572598746],[-104.943318797555,40.6806255066837],[-104.943342989186,40.6788961119845],[-104.943344846003,40.6786762440131],[-104.943344921462,40.6785599212137],[-104.943344146216,40.6784370355949],[-104.943342530147,40.6783062061953],[-104.943341879766,40.6781684787128],[-104.943344917869,40.678023521327],[-104.943347107063,40.6778716541875],[-104.943348441959,40.6777135714628],[-104.943347590357,40.6773849614052],[-104.943348637792,40.6770463512885],[-104.943355540447,40.6765510594547],[-104.943356924751,40.6763871090972],[-104.943361478311,40.6760626667551],[-104.943362828479,40.6759028574397],[-104.943365096725,40.6757416735761],[-104.943366465757,40.6755794476254],[-104.943376071443,40.6750862405672],[-104.943376587076,40.6749177975218],[-104.943378041448,40.6747455626063],[-104.943390115704,40.6738526561196],[-104.943393374792,40.6736814649488],[-104.943395639444,40.673520625229],[-104.943396922239,40.6733687546452],[-104.943397511533,40.6732990314684],[-104.943399070111,40.6732217203876],[-104.943400300802,40.6730760627511],[-104.943402463946,40.6729273027448],[-104.943408744966,40.6726128801446],[-104.943410121185,40.672449963893],[-104.943414743017,40.6721172385566],[-104.943417562829,40.6717834684406],[-104.94341716218,40.6716160567663],[-104.943417667034,40.6714489941969],[-104.943420458997,40.6711183310478],[-104.94342098002,40.670949198],[-104.94342396063,40.6705960984373],[-104.943426413031,40.6704131681711],[-104.943430691707,40.6702285204063],[-104.943440811228,40.6696742183776],[-104.943440272239,40.6693086752489],[-104.943439079277,40.6691277984744],[-104.94344150383,40.6689479739122],[-104.943441197504,40.6687695170417],[-104.943442339263,40.6684195156934],[-104.943444682069,40.6682493557922],[-104.943446087034,40.6680829879616],[-104.943449269765,40.6679207706315],[-104.943450581306,40.6677654490845],[-104.943454736912,40.6674879477212],[-104.943457571097,40.6673671505572],[-104.943457622301,40.667146238849],[-104.943482673619,40.6660991221287],[-104.943482388853,40.6643200643697],[-104.94348578718,40.66413230545],[-104.94349309228,40.6635890346154],[-104.943496319028,40.663421639847],[-104.943500384803,40.6632621893246],[-104.943506910165,40.6628114222343],[-104.943507413222,40.6625370102883],[-104.943508500183,40.66240826416],[-104.943508766983,40.6621618103308],[-104.943507985449,40.6620396133993],[-104.943509025698,40.6619163920503],[-104.943509316752,40.6617745257517],[-104.943508478624,40.6616588889721],[-104.943509632959,40.6615222044538],[-104.94351266118,40.6613782807359],[-104.94351482073,40.6612298660186],[-104.943514283537,40.6610786754603],[-104.943515557348,40.6609278402726],[-104.943518636773,40.6607777045872],[-104.943520822374,40.6606261825027],[-104.943523025942,40.6604725905176],[-104.943524333889,40.6603176127926],[-104.94352383712,40.6601615900434],[-104.943524250345,40.6600052275661],[-104.943528735634,40.6596887235219],[-104.94353515769,40.6593573867035],[-104.943539862167,40.6590149942369],[-104.943541711798,40.6587958164505],[-104.943542821217,40.6586643099782],[-104.943543971061,40.6583132715563],[-104.94354632824,40.6581413855992],[-104.943546843873,40.6579729420017],[-104.943548259618,40.6578051930832],[-104.943549336698,40.6574627831091],[-104.94355412382,40.6571103828969],[-104.943557158329,40.6567507243645],[-104.943563829218,40.6563900471112],[-104.9435644257,40.6562119389553],[-104.943563050379,40.6555157110151],[-104.943560866575,40.6553448380555],[-104.943559585577,40.6551743142687],[-104.943557405366,40.6550030962755],[-104.943557955135,40.6548305121064],[-104.943556703782,40.654656536535],[-104.943556358829,40.654482565962],[-104.943557496994,40.6541329067255],[-104.943556542983,40.6536016759278],[-104.943558024305,40.653425987901],[-104.943560405739,40.6532513407763],[-104.943560611453,40.6532270111397],[-104.943561870891,40.6530777236575],[-104.943504903329,40.6529681353241],[-104.943503145326,40.6522520000752],[-104.943509001443,40.6520880213264],[-104.943515742401,40.6519261044994],[-104.94352154462,40.6517686445285],[-104.94352930247,40.6514832123276],[-104.943540554768,40.6511017263447],[-104.94354333146,40.6509833666957],[-104.943543388952,40.6508670521557],[-104.943544352845,40.6507500558659],[-104.943547133131,40.650631352093],[-104.943549148052,40.6503867235664],[-104.943549281901,40.6502611450147],[-104.943550336523,40.6501331698855],[-104.943552320003,40.6500017676545],[-104.94355613964,40.649866257427],[-104.943559086114,40.6497273105122],[-104.943563851676,40.6495863145422],[-104.943567713534,40.6494456576913],[-104.943570682466,40.6493039659333],[-104.943574569476,40.6491602216877],[-104.94357936648,40.6490154513777],[-104.94358533309,40.6487286381307],[-104.943589203032,40.6485869523474],[-104.943598744937,40.6483035873759],[-104.943615800351,40.6478737499298],[-104.943619707124,40.6477276027681],[-104.943624520297,40.6475807743886],[-104.943630246159,40.6474325770718],[-104.943639914726,40.6471337734151],[-104.94364296271,40.6469824752552],[-104.943646920687,40.6468301530087],[-104.943651787759,40.6466768046238],[-104.943657566622,40.6465220886168],[-104.943662453457,40.6463663396397],[-104.943666447367,40.6462095563221],[-104.943669551944,40.6460513964959],[-104.943669695675,40.6460338985886],[-104.943674461237,40.6458929029943],[-104.943681177941,40.6457337302445],[-104.943695944447,40.6452534444537],[-104.943736469246,40.6442036849849],[-104.943770402208,40.6422289244915],[-104.943775417502,40.6420573917655],[-104.943781340095,40.6418851776429],[-104.94378637066,40.6417119297109],[-104.943792301338,40.6415386867823],[-104.94379732831,40.6413657821805],[-104.943803248208,40.6411939105041],[-104.943807351712,40.6410237472723],[-104.943812345447,40.640854959854],[-104.943825903719,40.6405211757639],[-104.943829967698,40.6403558144267],[-104.943835822018,40.6401918350757],[-104.943849306629,40.639866971938],[-104.943855126814,40.6397071092927],[-104.943864859162,40.6394004135217],[-104.943888370768,40.6388316009427],[-104.943890595895,40.6387758356516],[-104.945005834557,40.6387885999067],[-104.945158964974,40.6387896728538],[-104.945311202465,40.6387900552702],[-104.945459829627,40.6387911064038],[-104.945744455435,40.6387952066432],[-104.946224525004,40.6388036675186],[-104.94632901075,40.6388048508959],[-104.946535297177,40.6388051460586],[-104.946729890233,40.6388033260025],[-104.946821806752,40.6387993021106],[-104.946914609907,40.638796998751],[-104.94701190913,40.6387957451617],[-104.947219986798,40.6387974200225],[-104.947333485341,40.638797958541],[-104.947455080399,40.6387999081143],[-104.947854119235,40.6388031739903],[-104.947996415071,40.6388072803639],[-104.94814053269,40.6388089927162],[-104.948286445144,40.6388117432501],[-104.948434171295,40.6388127862034],[-104.948730532694,40.6388138475618],[-104.948876458622,40.6388148816535],[-104.949021493421,40.638814538774],[-104.949443052123,40.6388179055363],[-104.94957818659,40.6388164863018],[-104.949712415554,40.6388157480545],[-104.949844833515,40.6388160309471],[-104.949974541259,40.6388173302078],[-104.950344727106,40.638823882408],[-104.950553709377,40.6388248687827],[-104.950581496066,40.6388238360545],[-104.950623062012,40.6388222900299],[-104.950893387539,40.6388122388234],[-104.950992740311,40.6388216976597],[-104.95331209156,40.6388179532531],[-104.956327326337,40.6387653781631],[-104.956130048216,40.6382644195356]]]},"properties":{"FID":5,"OG_CODE":3643,"CDE_Code":"9374","School":"Wellington Middle-High School","SchoolFull":"Wellington Middle-High School","Address":"2856 Clevland Ave","City":"Wellington","State":"CO","Zip":80549,"Phone":" ","BldgID":0,"Loc_Code":" ","ArticArea":"Wellington Middle-High School","Shape_Leng":431757.577049,"Shape_Area":8184081220.4,"Shape__Area":1329493255.5390625,"Shape__Length":174081.45168185121,"RIC":70,"RICNC":"81","FCI":"0","NSC":"87","FCA":10.37,"FCA_Remain":19.630000000000003}},{"type":"Feature","id":6,"geometry":{"type":"Polygon","coordinates":[[[-105.999988821227,40.9973081196238],[-105.992769584965,40.9973056206702],[-105.954930434061,40.9975031247718],[-105.936156517732,40.9973790547631],[-105.926632917154,40.9973290812981],[-105.922724455804,40.9973067854218],[-105.913759458736,40.9971875680679],[-105.885830368591,40.9971349014669],[-105.863018391181,40.9970869399793],[-105.862198214574,40.9970875153518],[-105.859605746984,40.9970892954822],[-105.83959369382,40.9969544804362],[-105.83824724651,40.9969493246558],[-105.828617007168,40.9969098657763],[-105.822756836078,40.9968857523526],[-105.813674447059,40.9970625542151],[-105.807994466899,40.9970562906204],[-105.749971193803,40.9969765123661],[-105.741603617283,40.9969626341259],[-105.740784815363,40.9969612438139],[-105.739946444467,40.9969619102594],[-105.729835908348,40.996969472722],[-105.719951046934,40.9969760215346],[-105.719131073044,40.9969765268138],[-105.714738474478,40.9969887149742],[-105.696081105148,40.9970386472681],[-105.692458052892,40.9970479979208],[-105.63537731382,40.9971805237943],[-105.634445551851,40.9971824568175],[-105.629982803316,40.9971864184406],[-105.625230519175,40.9972220179022],[-105.624963246002,40.9972230743337],[-105.610821462124,40.9972781018245],[-105.59184015773,40.997358647208],[-105.586979409319,40.9973632085443],[-105.583951358675,40.9973609490094],[-105.249984646682,40.9983521486911],[-105.201162286422,40.998417212511],[-105.199632474477,40.9984136035666],[-105.193421602352,40.9984058268691],[-105.193423730842,40.9978927809098],[-105.19341750021,40.9970759279147],[-105.193166348942,40.9933725581558],[-105.192915232461,40.9896691886843],[-105.192651884708,40.9860714480656],[-105.192387658194,40.9824740387778],[-105.192123461549,40.9788762788877],[-105.191860199667,40.9752785201621],[-105.191790741702,40.9714726773656],[-105.191722198001,40.9676668303099],[-105.191676871061,40.9651495664519],[-105.191653663624,40.9638606371613],[-105.191585133884,40.960055119028],[-105.1915669063,40.9569619278871],[-105.19156274397,40.9562555544537],[-105.19154043207,40.9526367799896],[-105.191575317704,40.9494926681328],[-105.191610208388,40.94634855246],[-105.211063398836,40.9463278085565],[-105.211060449091,40.9425924345358],[-105.211056593691,40.9388570475011],[-105.21105273723,40.9351220017804],[-105.211049788569,40.93138661169],[-105.211103004208,40.9276331694622],[-105.21115622076,40.9238800613394],[-105.211209424498,40.9201266137626],[-105.211261717531,40.9163734935704],[-105.211165906837,40.912565107383],[-105.211069201068,40.9087570646072],[-105.210972507729,40.9049486714445],[-105.210875832161,40.90114061768],[-105.210670735341,40.8973116990681],[-105.210535956183,40.8947957516539],[-105.210465660096,40.8934834608072],[-105.210260618234,40.8896545360351],[-105.210054685827,40.8858259436066],[-105.209794577872,40.8819572262882],[-105.209458808544,40.8780917752085],[-105.209158809799,40.8741970539264],[-105.208863075282,40.8703575882461],[-105.208914394508,40.867059669144],[-105.208990385333,40.8636990226908],[-105.209067272625,40.8603380330839],[-105.209107056994,40.8585781079372],[-105.209143248522,40.8569770371118],[-105.209176159696,40.8531779657717],[-105.209208139308,40.8494866467169],[-105.209239671698,40.8457412746989],[-105.209272105311,40.8419958936379],[-105.209246724892,40.8384572510765],[-105.209221346852,40.8349189453724],[-105.209195066946,40.8313806266998],[-105.209170597614,40.8278423144356],[-105.204459880758,40.8277978930986],[-105.199750066011,40.8277536243611],[-105.195039359714,40.8277095036464],[-105.192232259492,40.827682914912],[-105.190329564491,40.8276648548581],[-105.190350539865,40.8259759006644],[-105.190374027215,40.8240845137587],[-105.19041848088,40.8205038214724],[-105.190463838518,40.8169234738128],[-105.1905082965,40.8133431193218],[-105.185614588936,40.813247357385],[-105.18072180675,40.8131513873465],[-105.176974659477,40.8130780130454],[-105.176118315453,40.8130612273727],[-105.175829043974,40.8130555561971],[-105.170935381994,40.8129598685526],[-105.170850992806,40.8093444939621],[-105.17076660433,40.8057291246945],[-105.170683135063,40.8021137408442],[-105.170598774651,40.7984980131377],[-105.165523466916,40.7984664208078],[-105.161017915941,40.7984355826155],[-105.160004776955,40.7984312590035],[-105.158405117203,40.798424414103],[-105.15191822355,40.7983964375946],[-105.152018003731,40.7948107475475],[-105.152041998783,40.7939638031602],[-105.152119578416,40.7912253943176],[-105.152220240078,40.7876396935676],[-105.152315589047,40.7840327044788],[-105.15234651771,40.7768110266268],[-105.152381122468,40.7695752736696],[-105.152435663839,40.7623220667393],[-105.152489289942,40.7550688397465],[-105.152504792734,40.7496980388586],[-105.152505032438,40.7496131453602],[-105.152509952564,40.7479077919958],[-105.152520282844,40.7443276022541],[-105.152529705702,40.7407470652597],[-105.152530392245,40.7404883270911],[-105.152532295525,40.7397711814347],[-105.152539297807,40.7371332459784],[-105.152544852133,40.734824558015],[-105.152547992199,40.7335197548122],[-105.152561894737,40.7281313894195],[-105.152565058373,40.7269050828281],[-105.152566639818,40.7262918784721],[-105.143037081346,40.7262471721946],[-105.143043654908,40.7216318284479],[-105.143048873376,40.717865718629],[-105.143052826929,40.7148253930945],[-105.143056784794,40.7117841821459],[-105.145429911282,40.7117917736387],[-105.145467336309,40.7091203118259],[-105.145510712797,40.7060231397699],[-105.145531587161,40.7045329065957],[-105.142966092674,40.7045278303119],[-105.133592352704,40.7045081566025],[-105.133600759452,40.7039133128755],[-105.124029018625,40.7039711943189],[-105.114786067576,40.7039253829531],[-105.114693211698,40.7039805773547],[-105.114690219261,40.704188831062],[-105.114569835732,40.7042475031269],[-105.114465444595,40.704250030457],[-105.105201517155,40.7044261733258],[-105.105198781544,40.70470485274],[-105.102815040676,40.7046774676711],[-105.100419914337,40.7046512816436],[-105.098762089125,40.7046331510866],[-105.095620211352,40.70459875519],[-105.09562251506,40.7042249765796],[-105.095625496247,40.7037450457756],[-105.09562950378,40.7030999467809],[-105.094185030638,40.7022602410242],[-105.094051816275,40.7016351850181],[-105.094073262444,40.7015086000645],[-105.094137714461,40.7013875050639],[-105.094406265859,40.7010095580106],[-105.095452455469,40.6999393361044],[-105.095649631665,40.6998669019259],[-105.095659018848,40.6980911727199],[-105.095014841924,40.6980581002223],[-105.094230813458,40.698017842623],[-105.094211029345,40.6963079189482],[-105.094201935857,40.6955221006424],[-105.094083325877,40.692299984554],[-105.094496834431,40.6923490844468],[-105.09446586853,40.6908548030908],[-105.094423807601,40.6888437719995],[-105.094373046462,40.6863764865814],[-105.094312391827,40.6834477122189],[-105.094442334809,40.6827856637829],[-105.094505273966,40.6792398057611],[-105.094548086608,40.6760390356455],[-105.094564702342,40.674797103736],[-105.085154577492,40.6717107852206],[-105.085306500955,40.6551920550759],[-105.085443790851,40.6551584304659],[-105.085448400389,40.6548443929439],[-105.085454539704,40.6544256068366],[-105.085457511143,40.6542233488762],[-105.085315418504,40.6542221827832],[-105.085396115871,40.6454443161602],[-105.08603704321,40.6451906229289],[-105.086830951785,40.6447256011951],[-105.086362230159,40.6428748984976],[-105.087814527997,40.6426741811161],[-105.087092029684,40.639920693544],[-105.087072614705,40.6398284265713],[-105.085479347191,40.6398147588901],[-105.083137604576,40.6397913707598],[-105.081343005028,40.639781464055],[-105.080782047844,40.6397781430119],[-105.076731201769,40.6397442347957],[-105.076607833618,40.6397421237328],[-105.076417356708,40.6397371081395],[-105.076314322645,40.6397336073648],[-105.075920595373,40.6397070105094],[-105.075696422617,40.639681498763],[-105.075525370526,40.6396565288138],[-105.075408742413,40.6396408436732],[-105.075300975858,40.6396265001444],[-105.075133823616,40.6396031071991],[-105.074948040353,40.6395813894461],[-105.074704567448,40.6395646063724],[-105.074218212135,40.6395501333884],[-105.074076806394,40.6395461849853],[-105.073662505984,40.6395336888478],[-105.073407579569,40.6395324117856],[-105.072535620169,40.6395261250565],[-105.072005263386,40.6395228605679],[-105.071448322727,40.6395183133754],[-105.071253901478,40.6390344979778],[-105.069946795045,40.635641202108],[-105.069137969545,40.6355274379098],[-105.069234900612,40.636798949772],[-105.069137805052,40.636796846044],[-105.067789945381,40.6367828777976],[-105.066669090962,40.6367712512717],[-105.066443524354,40.6368293964348],[-105.064291168676,40.6368063430029],[-105.064285693586,40.6373163065844],[-105.064280789227,40.6376576857277],[-105.064279722186,40.6377116822943],[-105.063565255566,40.6377042678955],[-105.063083815213,40.6376982868532],[-105.062855471988,40.6376964254285],[-105.061894845451,40.6376848998305],[-105.060706518715,40.6376730376251],[-105.059517556998,40.6376596209438],[-105.058328833942,40.6376446575842],[-105.057235997042,40.6376338147509],[-105.057144760226,40.6376256247828],[-105.057129109859,40.6389979609178],[-105.057011675179,40.6389973726816],[-105.056912966874,40.6389451325368],[-105.05620273972,40.6385692525971],[-105.055478071499,40.6381857331767],[-105.055033875383,40.6379506350666],[-105.054683938793,40.6377654207322],[-105.054408130312,40.6377727700889],[-105.053759603643,40.6377665313056],[-105.053736615868,40.63930357934],[-105.053736063368,40.6394011661983],[-105.053550030051,40.6393985193707],[-105.053340149018,40.6393966984019],[-105.052848928384,40.6393941812094],[-105.052626779319,40.6393911924446],[-105.052559267753,40.6392933079562],[-105.051971804142,40.6382657487603],[-105.051299143871,40.6379784758543],[-105.050402237099,40.6375954754149],[-105.049317546017,40.6364973522481],[-105.049494838626,40.6359537204376],[-105.048986371603,40.6352379359337],[-105.048230448352,40.6356155143063],[-105.048137814057,40.6357682096837],[-105.038906184388,40.6356647305075],[-105.038814268828,40.6356654101018],[-105.038722370533,40.6356673693756],[-105.038789542194,40.6321788711003],[-105.038797402196,40.6316752898777],[-105.038826264542,40.6294789324443],[-105.03884613814,40.6279664490308],[-105.038846470864,40.626696720984],[-105.038817599539,40.6263451519142],[-105.038769471457,40.6259488480108],[-105.038742389832,40.6257628573142],[-105.038732134244,40.6256925473309],[-105.038698966246,40.6254005525689],[-105.038685284256,40.6251145642627],[-105.038684137103,40.6248023843652],[-105.03887101414,40.624803782381],[-105.047150417999,40.6248654189789],[-105.04841033704,40.6248751182394],[-105.048753482001,40.6248743905789],[-105.049420856944,40.6248735452143],[-105.049898142094,40.6251512542244],[-105.050142847172,40.6253268438348],[-105.050151819035,40.6253320251783],[-105.050170007178,40.6253056777397],[-105.05023800885,40.6252376578804],[-105.050479190149,40.6249956671508],[-105.050291729735,40.6248886199547],[-105.053154620901,40.6249071309827],[-105.054045276567,40.6249129193489],[-105.054735102935,40.6249035598715],[-105.056090115571,40.624897038931],[-105.056114775726,40.6213745156365],[-105.05584159805,40.6211267043194],[-105.055490573016,40.62080905599],[-105.055183570948,40.6205611814073],[-105.055047949664,40.6203591062018],[-105.054693779784,40.6201328217337],[-105.05456500428,40.6201319830771],[-105.053580411304,40.6193548379609],[-105.054173834558,40.6193612320835],[-105.055765008053,40.6193789811556],[-105.055777113629,40.6191195711974],[-105.055926257543,40.6188873046548],[-105.056084703458,40.6186403268057],[-105.056298886726,40.6186470314893],[-105.056817005436,40.6186658606538],[-105.057264659185,40.6186634626265],[-105.057373771947,40.6186639983792],[-105.05738801623,40.6176984260593],[-105.059893347562,40.6177197156998],[-105.059909085895,40.6176265911843],[-105.059922370465,40.6166908222584],[-105.059924461316,40.6165234754591],[-105.059928754846,40.6159358882624],[-105.059935348756,40.6153213299192],[-105.059759029421,40.6153215905479],[-105.059767024292,40.6147147884858],[-105.059768201865,40.6140945161262],[-105.059997989711,40.6140963812794],[-105.061151138616,40.6141062267298],[-105.062060691657,40.6141155953787],[-105.062192375778,40.6141149805298],[-105.062203383534,40.6133574823541],[-105.062209631693,40.6130850930396],[-105.062215878062,40.6125402710202],[-105.062218032119,40.6122311181357],[-105.06221684919,40.6120609364439],[-105.062439258401,40.6119672146022],[-105.06262941078,40.6118237252145],[-105.062899582906,40.6115087576892],[-105.063041103084,40.6114019636086],[-105.063328701793,40.6112914012963],[-105.063695739319,40.6111671820519],[-105.064041017237,40.6110403765765],[-105.064368863053,40.6109045541806],[-105.064637965585,40.6108218294323],[-105.064857939676,40.6107854394952],[-105.065095806509,40.6108142388724],[-105.06512430513,40.6108746547629],[-105.065122255149,40.6110527366617],[-105.065118749057,40.6113177141071],[-105.065113575295,40.6117019054557],[-105.065105259139,40.6122943512553],[-105.06510024028,40.6126546333114],[-105.065093143792,40.6131970792384],[-105.065092060625,40.6132755928639],[-105.065080190322,40.614140192882],[-105.065038808587,40.614222555224],[-105.065040186067,40.6143226805545],[-105.065029057346,40.6147591076547],[-105.065025039529,40.6149953623909],[-105.066090716925,40.6150012701198],[-105.066922131597,40.6150058713816],[-105.066912405744,40.6157598296372],[-105.066909615399,40.6159761434193],[-105.06750663881,40.6159785089139],[-105.067825700565,40.6159781823101],[-105.067974891837,40.6159793558907],[-105.068082942891,40.6159818796105],[-105.068190119331,40.6159797972472],[-105.068648022833,40.6159807607064],[-105.069149145479,40.6159816392455],[-105.069245894836,40.6159838624802],[-105.069246278141,40.616708100111],[-105.069228509273,40.6178023155043],[-105.072013891818,40.617796712799],[-105.072017195324,40.6177016831316],[-105.072055263658,40.6175206603869],[-105.072173952713,40.6172647917806],[-105.072269402886,40.6171234377001],[-105.072506745067,40.6169016297197],[-105.072816808001,40.6167144002662],[-105.073817829379,40.6163430491678],[-105.074299528674,40.61623529772],[-105.074746541015,40.616205527138],[-105.07492218766,40.6162127807784],[-105.075008906541,40.6162197094018],[-105.075095634654,40.6162249845757],[-105.075762674769,40.6162427620086],[-105.076158571713,40.6162296652264],[-105.076239146578,40.6162269994587],[-105.076367072508,40.6162185443578],[-105.076418443616,40.6162118691402],[-105.076459907145,40.6162055009502],[-105.076500476623,40.6161981001578],[-105.076548906886,40.6162841082685],[-105.076559976588,40.6163314447788],[-105.076574046727,40.6163850231426],[-105.076589023524,40.6164389452124],[-105.076605797365,40.6164921875954],[-105.076623472917,40.6165454323553],[-105.076642052303,40.6165983408908],[-105.076662432722,40.6166512550741],[-105.076683717999,40.6167034818193],[-105.076705903781,40.6167557163381],[-105.076729893913,40.6168076170055],[-105.076805416557,40.6169701806076],[-105.07685747093,40.6169988499393],[-105.077553865513,40.6173846362809],[-105.077585035113,40.6174022625113],[-105.078394788794,40.6178457385348],[-105.07949926619,40.618450651149],[-105.079269868857,40.6178736448291],[-105.079533362991,40.6178827454159],[-105.080222696562,40.6179004850042],[-105.080900546602,40.6179039765128],[-105.081084247589,40.617903406913],[-105.081081991836,40.6181635571241],[-105.082146236115,40.6181670430691],[-105.082211897702,40.6178883250511],[-105.08234305377,40.6173576617163],[-105.08296059553,40.6173547334647],[-105.083511055288,40.6173534773396],[-105.083503191359,40.6179030221461],[-105.083505658857,40.6180107939545],[-105.083524673002,40.6188331639331],[-105.085904423725,40.6188632770204],[-105.085913937175,40.6179293512008],[-105.087502504905,40.617946924607],[-105.090390924468,40.61797882101],[-105.090797078749,40.6179847653227],[-105.095339042682,40.6180347090777],[-105.095342941402,40.6177041727347],[-105.090932730641,40.6176543581733],[-105.090683387935,40.6172566524198],[-105.090710446196,40.6150925308657],[-105.090719200099,40.6143923635409],[-105.090781379018,40.6143927020016],[-105.090795374561,40.611672307609],[-105.09101932502,40.6111238004491],[-105.091470326824,40.6109260694177],[-105.091733673174,40.610794611215],[-105.09550756865,40.6109440566498],[-105.095498477768,40.6117268495865],[-105.095498813473,40.6119820932172],[-105.095487188784,40.6129765065462],[-105.095471672709,40.6142330033866],[-105.095463705329,40.6144167977183],[-105.095597891661,40.614417693711],[-105.097211193242,40.6144270663173],[-105.100229395773,40.6144621742767],[-105.100231136072,40.6142770713806],[-105.100246402128,40.6126533498006],[-105.104969401217,40.6126979528242],[-105.104971880288,40.6125261517023],[-105.105791233643,40.6123694441146],[-105.106911292559,40.6121641940228],[-105.107303282712,40.6124075640762],[-105.107605925084,40.6124993519254],[-105.10778271,40.6125109500327],[-105.108302622302,40.612479695172],[-105.108542700342,40.6124271128509],[-105.109055447639,40.6122302834597],[-105.109416401184,40.6120690437873],[-105.110171104472,40.6118080410282],[-105.111052350585,40.6117821084471],[-105.111518800355,40.6118645508923],[-105.113009700176,40.6116693177333],[-105.113221590255,40.6117028897886],[-105.113521022765,40.6117503308167],[-105.113987095423,40.612132209817],[-105.113994567131,40.612143001627],[-105.114183849173,40.6123550722547],[-105.11428349843,40.6121017508091],[-105.114322603384,40.6120019378547],[-105.114367570703,40.6118538629124],[-105.114398152413,40.611701965152],[-105.114415250987,40.6115459062648],[-105.114425501885,40.6113436109408],[-105.114434176211,40.6111724074168],[-105.114439603929,40.6110652873705],[-105.11444333944,40.6109799182032],[-105.114447351128,40.6108612600603],[-105.114455361388,40.6106705600123],[-105.114462349207,40.6104941951921],[-105.114464246221,40.6103760568498],[-105.114462342978,40.6102583327744],[-105.114463325663,40.6101461503634],[-105.114465527351,40.6099772973931],[-105.114465201904,40.6098460630102],[-105.114467427481,40.6097769996536],[-105.114475383084,40.6096171829839],[-105.114481730902,40.6095210797205],[-105.114478682231,40.6094315959164],[-105.114479092796,40.6093291771981],[-105.114485230254,40.6092550296533],[-105.114490838553,40.6091872625844],[-105.114485054618,40.609048849776],[-105.114486052731,40.6089455531514],[-105.114487706063,40.6088359386014],[-105.11448908464,40.6087191808375],[-105.114490675839,40.6085844135781],[-105.114491184374,40.6084952666369],[-105.114493933353,40.6079174535839],[-105.114498932209,40.6073572267279],[-105.114636315223,40.6073583095272],[-105.115673570637,40.6073712502957],[-105.116444000872,40.6073986524676],[-105.121978025066,40.607445141682],[-105.124048069887,40.6074799155926],[-105.124047709652,40.607501127895],[-105.128183419651,40.6075574580576],[-105.131859525904,40.6076068637946],[-105.133331579402,40.6076266144901],[-105.133511586858,40.6076256939177],[-105.133622416101,40.6076252315657],[-105.14309803632,40.6076556096283],[-105.145539880177,40.6076662262899],[-105.146361028579,40.607669403145],[-105.149094578394,40.6076803793835],[-105.149512359451,40.6076802508897],[-105.14990854063,40.6076800856229],[-105.150400160549,40.6076798663056],[-105.150891775729,40.6076798754385],[-105.152675412982,40.6076866535724],[-105.152683814053,40.60981463181],[-105.1526896081,40.6112748170162],[-105.152690113971,40.6113433136518],[-105.157226308709,40.6098281178446],[-105.157409049872,40.6097670771553],[-105.159629644098,40.6090254393748],[-105.160886065014,40.6082406415787],[-105.161851624895,40.6079957240599],[-105.162160000017,40.60805389145],[-105.162206481223,40.6061715126253],[-105.16229336721,40.6026340585549],[-105.162384900864,40.5989271299177],[-105.167310373055,40.5989226108818],[-105.167276812421,40.6002939754212],[-105.168142984948,40.6002919935067],[-105.17434532659,40.5987729375516],[-105.174600858989,40.5991481059829],[-105.174997678871,40.5994837398083],[-105.17577148381,40.5995281800303],[-105.176350716572,40.5991225837109],[-105.176420367202,40.5984874891848],[-105.176395483347,40.5979102813166],[-105.17630655658,40.5973725078866],[-105.176701368449,40.5969033916888],[-105.177508602048,40.5967591200623],[-105.178441043892,40.5966852783206],[-105.178624693895,40.5962071109533],[-105.17900848912,40.5958336665347],[-105.179397685976,40.5955658834795],[-105.17983228585,40.5953033374361],[-105.180211755061,40.5950242273913],[-105.180149284546,40.5946171188526],[-105.179606291088,40.5947884682344],[-105.179137999797,40.5950227070318],[-105.178500716883,40.5953414705498],[-105.177650297489,40.5957668332778],[-105.177031484301,40.5960763425635],[-105.176880376393,40.5961519208151],[-105.176847563933,40.5961654514714],[-105.176830876025,40.596170467135],[-105.176814195229,40.5961754774125],[-105.176797384737,40.5961801856412],[-105.176780494893,40.5961846874199],[-105.176763531609,40.5961889818643],[-105.176746490181,40.5961930644585],[-105.17672939778,40.596196935278],[-105.176712240185,40.5962006041894],[-105.176695032881,40.5962040442191],[-105.176677781642,40.5962072833003],[-105.176660481847,40.5962102998068],[-105.176643152324,40.5962131091003],[-105.176625788427,40.5962156949579],[-105.176608394854,40.5962180627959],[-105.176590981027,40.5962202189446],[-105.176573554091,40.5962221517165],[-105.176556121104,40.5962238674351],[-105.176538673831,40.596225358873],[-105.176521227596,40.5962266332773],[-105.176503796606,40.5962276843837],[-105.176486374928,40.596228517579],[-105.176468954319,40.5962291274368],[-105.176451571372,40.596229520363],[-105.176434203701,40.5962296836873],[-105.176419612108,40.5962296548078],[-105.176402311871,40.5962293049984],[-105.176385056528,40.5962289553113],[-105.176358937949,40.5962187811191],[-105.176333038718,40.596208691283],[-105.176307398718,40.5961980050942],[-105.176282067578,40.5961869676419],[-105.176257053507,40.596175591557],[-105.17623236951,40.5961638750749],[-105.176208025034,40.5961518191224],[-105.176184010597,40.5961394299775],[-105.176160349806,40.5961267122087],[-105.176137049725,40.5961136712393],[-105.176114109166,40.5961003079667],[-105.17609152926,40.596086633201],[-105.176069338392,40.5960726407174],[-105.176047530618,40.5960583377042],[-105.1760261118,40.5960437340839],[-105.17600528116,40.5960286746157],[-105.175984464653,40.5960136259896],[-105.175958432172,40.5959975974348],[-105.175946395582,40.5959900235542],[-105.17593274601,40.5959812906668],[-105.175920922851,40.5959735561786],[-105.175907508115,40.5959646339251],[-105.175895897209,40.5959567379257],[-105.175882725604,40.5959476209261],[-105.175871321071,40.5959395579959],[-105.175858399602,40.5959302633804],[-105.175847214412,40.5959220389589],[-105.175834550195,40.5959125613443],[-105.175823585502,40.5959041808382],[-105.175811171426,40.5958945247075],[-105.175800434311,40.5958859899379],[-105.175788276283,40.5958761553077],[-105.175777767909,40.5958674698801],[-105.175765874166,40.595857463978],[-105.175755593348,40.5958486287898],[-105.175743965078,40.5958384498181],[-105.175733918908,40.5958294639886],[-105.175722561958,40.5958191245715],[-105.175712757494,40.5958099944245],[-105.175701671895,40.5957994882584],[-105.175692118563,40.5957902192236],[-105.175681297195,40.5957795525927],[-105.175671977274,40.5957701446208],[-105.175661442566,40.5957593211899],[-105.175652373772,40.5957497752309],[-105.175642124535,40.5957387967981],[-105.175633377895,40.5957290833319],[-105.175614624881,40.5957082534213],[-105.175608226596,40.5956944174541],[-105.175601813119,40.595680547223],[-105.17559539379,40.5956666661686],[-105.175588966276,40.5956527679803],[-105.175582538842,40.5956388535818],[-105.175573074722,40.5956183899784],[-105.175552292074,40.5955734438204],[-105.175531524595,40.5955285427282],[-105.175523042393,40.5955095272506],[-105.175520537048,40.5955005795458],[-105.175515183032,40.5954904630786],[-105.175506091903,40.5954732767308],[-105.175495945796,40.5954531345172],[-105.175494831697,40.59544575856],[-105.175487718315,40.5954344655606],[-105.175484552452,40.5954181602734],[-105.175462786172,40.5953920860993],[-105.175447012073,40.5953655045158],[-105.175430555062,40.5953391839867],[-105.17541343875,40.59531312818],[-105.175395660735,40.5952873451935],[-105.175377231609,40.5952618440623],[-105.175358147792,40.5952366319803],[-105.175349560333,40.5952198711861],[-105.175343931663,40.5952088993162],[-105.175337105987,40.5952031437264],[-105.17531807388,40.5951870949363],[-105.175304662713,40.5951715760498],[-105.175297999919,40.5951624105075],[-105.175290781432,40.5951548112814],[-105.175271655828,40.595130686939],[-105.175259474045,40.5951305133468],[-105.175247093816,40.595130333796],[-105.175234369804,40.5951301532841],[-105.17522160208,40.5951299726487],[-105.175208806003,40.5951297919328],[-105.175195979215,40.5951296102292],[-105.174976922127,40.595126493037],[-105.174964205204,40.5951263125154],[-105.174951533174,40.5951261321178],[-105.174938903679,40.5951259509371],[-105.17492632616,40.5951257708009],[-105.174913631658,40.5951255957397],[-105.17490072574,40.5951254092796],[-105.174887855263,40.5951252229171],[-105.174875021384,40.5951250420588],[-105.174862224128,40.5951248613015],[-105.174849126059,40.5951385869849],[-105.174836343541,40.5951414816639],[-105.174823612253,40.5951445322808],[-105.174810929832,40.5951477388292],[-105.17479829155,40.5951511021962],[-105.174785725784,40.595154617058],[-105.174773218336,40.5951582878776],[-105.17476077514,40.5951621092683],[-105.17474840446,40.5951660821538],[-105.174736106302,40.5951702056336],[-105.174723888933,40.5951744797308],[-105.174711750018,40.5951788990356],[-105.174699699004,40.5951834644749],[-105.174681491829,40.5951907026572],[-105.174665521669,40.5951958478973],[-105.174649441392,40.5952007983073],[-105.174633297082,40.5952055522147],[-105.174617058039,40.5952101059316],[-105.174600746693,40.5952144631228],[-105.174584363062,40.5952186201861],[-105.174567915449,40.5952225699403],[-105.174551408525,40.5952263241057],[-105.174534845911,40.5952298664823],[-105.174518224011,40.5952332078667],[-105.174501560577,40.5952363420047],[-105.174484860327,40.5952392707106],[-105.174468117391,40.5952419858629],[-105.174459151161,40.595243327815],[-105.174451347089,40.5952444956094],[-105.17443511889,40.5952467934391],[-105.174418342308,40.5952488898083],[-105.174401545535,40.5952507627807],[-105.174384741433,40.5952524403095],[-105.174367932473,40.5952538998879],[-105.174351109173,40.5952551477931],[-105.174334315277,40.5952561778436],[-105.174317516466,40.5952570016507],[-105.174300732882,40.5952576075635],[-105.174283971587,40.5952580010052],[-105.174267240842,40.5952581837999],[-105.174250533623,40.5952581424197],[-105.174233863996,40.5952579003185],[-105.17421723913,40.5952574404058],[-105.174200651908,40.5952567689654],[-105.174184124806,40.5952558797566],[-105.174167641254,40.5952547790368],[-105.174151226067,40.595253465975],[-105.174134876851,40.5952519468684],[-105.174118603109,40.5952502109371],[-105.174091427087,40.5952468189565],[-105.174064844602,40.5952313242623],[-105.174038269192,40.5952158349851],[-105.174011700826,40.5952003574287],[-105.173985147804,40.5951848853124],[-105.173958644308,40.5951694349422],[-105.173932164339,40.5951540080463],[-105.173905735051,40.5951386083029],[-105.173857672706,40.5951105635368],[-105.173708940933,40.5951084434983],[-105.17369063321,40.5951624326987],[-105.173671091108,40.5952156430542],[-105.173650305673,40.5952687049282],[-105.17362828413,40.5953215895224],[-105.173605032431,40.5953742869468],[-105.173580640472,40.5954267740384],[-105.173554923866,40.5954790682904],[-105.173527999735,40.5955311358093],[-105.173499883594,40.5955829433173],[-105.173470561264,40.5956344907739],[-105.17343943365,40.5956867806158],[-105.173429225263,40.5957038580135],[-105.173418622798,40.5957208280382],[-105.173407639223,40.5957376961299],[-105.173396261566,40.5957544577488],[-105.173384509996,40.5957710949408],[-105.173372379732,40.5957876193992],[-105.17335987555,40.5958040203309],[-105.173347005803,40.5958202806484],[-105.173333764559,40.5958364057385],[-105.173320163625,40.5958523965348],[-105.173306212515,40.5958682404559],[-105.173291897073,40.5958839329593],[-105.173277237408,40.5958994686979],[-105.173262234707,40.5959148467746],[-105.173246894876,40.5959300672055],[-105.173231213321,40.5959451029612],[-105.17321521002,40.5959599757108],[-105.173198876781,40.5959746692214],[-105.173182224264,40.5959891781192],[-105.173165248929,40.5960035014937],[-105.173147975611,40.5960176340113],[-105.173130387796,40.596031570222],[-105.173112507953,40.596045305686],[-105.173094329029,40.596058833179],[-105.173075858085,40.596072158124],[-105.173057109342,40.5960852715552],[-105.173038084021,40.5960981653711],[-105.173018789227,40.5961108359891],[-105.172999224938,40.5961232879119],[-105.172979397115,40.5961355103495],[-105.172959322323,40.5961474979448],[-105.172939006473,40.5961592498139],[-105.172918435385,40.5961707668175],[-105.172897638619,40.5961820436348],[-105.172876602055,40.5961930685193],[-105.172855661919,40.596203696526],[-105.17283206737,40.5962152500392],[-105.172815803704,40.5962111472949],[-105.172799666355,40.5962068206652],[-105.172783683584,40.5962022891414],[-105.172767811741,40.596197539993],[-105.172752115777,40.596192578806],[-105.172736560219,40.5961874117847],[-105.172721167546,40.5961820326885],[-105.172705936518,40.596176453221],[-105.172690874276,40.5961706625959],[-105.172675967774,40.5961646715831],[-105.172661252453,40.5961584802825],[-105.172646720048,40.5961520877703],[-105.17263235044,40.5961455011943],[-105.17261818735,40.5961387188767],[-105.172604214255,40.5961317371686],[-105.172590433419,40.5961245767895],[-105.172576859118,40.5961172170666],[-105.172563488895,40.5961096778054],[-105.172550326331,40.596101950911],[-105.172537383228,40.5960940391186],[-105.172524646553,40.5960859504962],[-105.17251214464,40.5960776887261],[-105.172499863361,40.5960692438624],[-105.172487809699,40.5960606375382],[-105.172475983739,40.5960518526432],[-105.172464407864,40.5960429018484],[-105.172453066696,40.5960337896133],[-105.172441961415,40.5960245159412],[-105.172431113256,40.5960150871958],[-105.172420506892,40.5960054970303],[-105.172410156442,40.5959957571917],[-105.1724000643,40.5959858613829],[-105.172390229171,40.5959758330148],[-105.17238065823,40.5959656540964],[-105.172371351447,40.5959553309317],[-105.172362315854,40.5959448752479],[-105.172353551459,40.5959342852438],[-105.172345052347,40.5959235627039],[-105.172336838552,40.5959127175909],[-105.172328904216,40.5959017399822],[-105.172310808649,40.5958904942022],[-105.172311082232,40.5958793884196],[-105.172311364987,40.5958678530978],[-105.172326286191,40.5952593346641],[-105.172330150691,40.5950887127275],[-105.172330692645,40.5949739897365],[-105.17215077591,40.5947565298774],[-105.171996065187,40.5942961248445],[-105.171853474625,40.5939100532211],[-105.171711455967,40.5933552340458],[-105.171554075584,40.5928087743239],[-105.171388450231,40.5923562181617],[-105.171541298845,40.5918813243472],[-105.171973994567,40.5922470465532],[-105.172239749526,40.5926599245672],[-105.172567427714,40.593170872118],[-105.173009251687,40.5936740534857],[-105.17341360139,40.5931894302676],[-105.173804326019,40.5929115414416],[-105.173833248686,40.5923747603241],[-105.173968886049,40.5918432079203],[-105.174391344998,40.5914940683902],[-105.173954920525,40.5910809393605],[-105.173654363034,40.5906421277794],[-105.173406478151,40.5901564235622],[-105.173485257541,40.5893625775397],[-105.174154913453,40.5889726841602],[-105.174673298732,40.5887303579136],[-105.175151344956,40.5885898706046],[-105.175782880613,40.5885424928328],[-105.176469686131,40.5883715432022],[-105.176117707071,40.5878515966824],[-105.175536185638,40.5876480583438],[-105.175059212888,40.5878501267754],[-105.174360119541,40.5879123381972],[-105.173725019235,40.5882278968944],[-105.17284458582,40.5882204942199],[-105.17232171029,40.5875896064048],[-105.172009630145,40.5870262888064],[-105.17203723216,40.5864483434983],[-105.172136669704,40.5858111997892],[-105.172213054838,40.5849650388643],[-105.172470212915,40.5842973129656],[-105.172287203207,40.5836975612305],[-105.172488135606,40.583165195436],[-105.173404038885,40.5829976256698],[-105.174170652831,40.5830887123322],[-105.175115145262,40.5830850460504],[-105.175785922339,40.5837415060063],[-105.176299927132,40.5843713969288],[-105.176940460779,40.5846558297849],[-105.177146432103,40.5842756933643],[-105.176945393265,40.5836166999056],[-105.177386700044,40.5829751880362],[-105.178089128992,40.5830261976663],[-105.178286474965,40.5825841587223],[-105.178259967127,40.5821755657951],[-105.177894995268,40.5818551066172],[-105.17720310934,40.5811006487852],[-105.176577487134,40.5806280938139],[-105.175938618124,40.5804679187562],[-105.175440341401,40.5809734982823],[-105.175067782854,40.5814679664107],[-105.174680624314,40.5817643360986],[-105.174047760115,40.5818880768921],[-105.173230281718,40.5816507208201],[-105.172515439521,40.5814471614291],[-105.172352285266,40.5808027965653],[-105.172388877932,40.5801060295796],[-105.172925278051,40.5796331479299],[-105.173476679649,40.579264843766],[-105.174255218038,40.5790522939093],[-105.174678385376,40.5782699786925],[-105.175170130006,40.578074524123],[-105.175511538301,40.5776611628502],[-105.175258006999,40.5770347261531],[-105.175209442404,40.576531578963],[-105.174762406073,40.5760508054853],[-105.174222528307,40.5763174020365],[-105.173988014261,40.5773616488203],[-105.173417216534,40.5780866174454],[-105.172855416328,40.5782689058123],[-105.172522347953,40.5786016889444],[-105.172189000413,40.5789913721919],[-105.171774459996,40.5786011971175],[-105.171412971682,40.578269045811],[-105.171118743047,40.5788698836918],[-105.170892733193,40.5793036069025],[-105.170559212169,40.5798889009368],[-105.170276417883,40.5806900010659],[-105.169979663504,40.5814493009005],[-105.169828368841,40.5820422419098],[-105.169534830088,40.5827564359815],[-105.169266499529,40.5822301834883],[-105.169424542605,40.5815247168024],[-105.169336722671,40.5809108898861],[-105.169187392498,40.5801674891287],[-105.168970240093,40.5796065510518],[-105.168997703388,40.5789902166555],[-105.168980845069,40.5782826886599],[-105.168765024968,40.5775263627024],[-105.168572910882,40.5768019952873],[-105.168399664394,40.5763883998618],[-105.168512845835,40.5759376235576],[-105.169247937425,40.5756277956195],[-105.169966350812,40.5756747944469],[-105.170556325747,40.5759188639904],[-105.170685525488,40.5754034607607],[-105.170739202402,40.5747997542443],[-105.170684821375,40.574190072624],[-105.170627735119,40.5736990474682],[-105.170232007995,40.573380403358],[-105.16979300889,40.5729731881574],[-105.169465626566,40.5735678074381],[-105.169193557769,40.5743713241502],[-105.168684950094,40.5747745856943],[-105.168166492794,40.574943825016],[-105.168039102414,40.5745218871835],[-105.167736812102,40.5740549474348],[-105.167468855708,40.5734658366898],[-105.167301309558,40.5727683651816],[-105.167119231539,40.5722883931908],[-105.166914156275,40.5716758318928],[-105.166674068511,40.5710206470256],[-105.166463621205,40.5706184199146],[-105.166078029076,40.5701337807151],[-105.165446314388,40.569704771493],[-105.164980068889,40.5693035397714],[-105.165060458999,40.5689050580778],[-105.165331005809,40.5684260082491],[-105.164618534013,40.5678993587349],[-105.164381532807,40.5674498631607],[-105.164176208706,40.5670867748041],[-105.163851568802,40.5665617540139],[-105.163818876952,40.5660139305876],[-105.164073116795,40.5656280111702],[-105.16360854823,40.5651884655711],[-105.163460117978,40.5647755094654],[-105.163686024629,40.5643440897289],[-105.16355151115,40.5636797445513],[-105.163410567978,40.5630059677826],[-105.163106187895,40.5626675836098],[-105.162691027446,40.5623375551085],[-105.162770160517,40.561862576647],[-105.162678639161,40.5614789489676],[-105.162527758439,40.5610782849229],[-105.162295070985,40.5605788342507],[-105.162006653795,40.5599614604713],[-105.161832661598,40.5592382862352],[-105.161586526173,40.5585934489228],[-105.161326732715,40.5578088322406],[-105.161575194055,40.5573490299604],[-105.162507729172,40.5575227130924],[-105.163104130978,40.5578448198862],[-105.163509368524,40.5582897587115],[-105.164137474657,40.5586829740297],[-105.164166751261,40.558137351207],[-105.163922760063,40.5577730339098],[-105.163692415178,40.5572861525482],[-105.163529618792,40.5568260544688],[-105.163592652737,40.5563253188385],[-105.163796407034,40.5558005884058],[-105.164439314266,40.5556058027679],[-105.165040306727,40.5557234549126],[-105.165555503978,40.5556053096759],[-105.166196323014,40.5557090125708],[-105.166853401395,40.5558548779772],[-105.167408268098,40.5555648868873],[-105.166838719045,40.5548879821196],[-105.166328482724,40.5550295502888],[-105.165637412997,40.5550068986011],[-105.164807850251,40.5550830319231],[-105.164047086195,40.5550018527664],[-105.163294288467,40.5551954129713],[-105.162665551406,40.5550244694198],[-105.162601337197,40.5554842192567],[-105.162584396819,40.5559276519769],[-105.162115733676,40.5562672099482],[-105.161399568754,40.5562418377255],[-105.160866409388,40.5559652004471],[-105.160579205457,40.5553812638282],[-105.160382348259,40.554895247756],[-105.160151855278,40.5542956444888],[-105.159850429415,40.553656248736],[-105.159646431522,40.5531140824553],[-105.159239988381,40.5521753342521],[-105.162510936272,40.5521469000639],[-105.167429946482,40.5520090822088],[-105.172348943742,40.5518710508289],[-105.177174569253,40.5518548715303],[-105.182013769193,40.5518386344255],[-105.182011219327,40.5531946699424],[-105.181927161609,40.5589809390837],[-105.188636208182,40.5589895845746],[-105.18893300365,40.5589891794825],[-105.191603001934,40.5589932836587],[-105.196325821902,40.5589844403259],[-105.201047732272,40.5589757486284],[-105.210312516625,40.5589580311033],[-105.210282649222,40.5625685532466],[-105.210252792781,40.5661790764202],[-105.210272496139,40.5697687932403],[-105.210292216668,40.5733588461173],[-105.212325940402,40.5733656698774],[-105.215001525669,40.573374601147],[-105.219710846318,40.5733901609884],[-105.224375161836,40.5734057683693],[-105.229039473768,40.5734208491445],[-105.229083485562,40.5770390883091],[-105.229119163775,40.5799723502499],[-105.22913548709,40.5806569111141],[-105.229176502535,40.5841489464827],[-105.229224621871,40.5876409211645],[-105.229320881416,40.5946248477586],[-105.234086595288,40.5946396127263],[-105.238852303988,40.5946545273483],[-105.247007281579,40.5947378463295],[-105.248236757952,40.5947503585983],[-105.257740713971,40.5946796142469],[-105.264557471622,40.5946645401633],[-105.267184951209,40.5946587561424],[-105.27639086536,40.5943086570007],[-105.279936718886,40.5941772742221],[-105.280822463784,40.5941445390679],[-105.286223455268,40.5938876140315],[-105.295852098046,40.5938884412275],[-105.300471874028,40.5938809972913],[-105.305455377145,40.5938727612139],[-105.305512508775,40.5896119040718],[-105.305528903039,40.58653704957],[-105.305568900158,40.5792020631052],[-105.30555875773,40.5720872598925],[-105.305607552935,40.5688871240198],[-105.305668723568,40.5616924720216],[-105.305680202227,40.5576976124884],[-105.305679711246,40.5571172765536],[-105.305677790305,40.5548516839661],[-105.30567689409,40.5536817453869],[-105.305675330588,40.5510756476964],[-105.305674954184,40.5504451874061],[-105.31108752428,40.5504855361188],[-105.315145950638,40.5505151454968],[-105.324614506465,40.5505905916784],[-105.343435705745,40.550600648321],[-105.36309055486,40.5498702629666],[-105.382660884118,40.5499074530015],[-105.385107982023,40.5497768906806],[-105.387553461165,40.5496463698454],[-105.392446904933,40.5493864603557],[-105.397341211353,40.5491266860696],[-105.402244783362,40.5488633184129],[-105.402650231505,40.5488416660482],[-105.402841695221,40.5451941700481],[-105.403052443767,40.5410926357983],[-105.403234487622,40.5378679595223],[-105.403337857237,40.5360206637814],[-105.403440312813,40.534189584581],[-105.408126349772,40.5341254448201],[-105.413306880511,40.5340477101002],[-105.418033618996,40.5339290466757],[-105.423253944276,40.5337953624086],[-105.426249082155,40.5337877656017],[-105.430324162949,40.5338248636523],[-105.432680600245,40.5338344899743],[-105.433727821358,40.5339394105859],[-105.43738227399,40.5343054732243],[-105.44208851646,40.534771803457],[-105.445055637199,40.5348963602585],[-105.445261644254,40.5349056855531],[-105.451455033308,40.5351858690507],[-105.460935399368,40.5356127526059],[-105.464131049564,40.5355322538434],[-105.466171763781,40.5354824233572],[-105.469141626257,40.535409840374],[-105.4702570477,40.5353825604174],[-105.471603900713,40.535349601647],[-105.475785278114,40.5352471795335],[-105.479687797652,40.5351371784571],[-105.482381168582,40.535128601559],[-105.485850697692,40.5350979955151],[-105.489034405028,40.5350698195824],[-105.498484897918,40.5349612102868],[-105.507361714188,40.5347626855943],[-105.508064184491,40.5347469988864],[-105.50916901911,40.5347223189788],[-105.510967242745,40.5346821268421],[-105.517464422968,40.5345365034775],[-105.521018287711,40.5346340118557],[-105.526880548982,40.5347942841544],[-105.532594077551,40.5349505436105],[-105.536608813558,40.5350604510588],[-105.555701584412,40.535882522215],[-105.565244833187,40.5361246015198],[-105.5691409356,40.5362247361073],[-105.57691923411,40.5363959514197],[-105.590138729142,40.5366857428634],[-105.591181811522,40.5367085438435],[-105.599386118938,40.5368910914173],[-105.60335818105,40.5369792622176],[-105.605015870751,40.5370160196465],[-105.618874132615,40.5373895403247],[-105.632728712366,40.5377723908397],[-105.646441117729,40.538013203668],[-105.658859640818,40.5381403916935],[-105.661095767107,40.5381627080566],[-105.670679838421,40.5382598574094],[-105.675456141181,40.5383048944937],[-105.680231542573,40.5383497421118],[-105.685008752273,40.5383950777903],[-105.687186079589,40.5384156799855],[-105.689785068895,40.5384402185861],[-105.699368301965,40.5385306883143],[-105.708949769141,40.5386212779839],[-105.709717467953,40.5386239415882],[-105.718528372461,40.5386541458332],[-105.720005613814,40.5386593020413],[-105.728106988417,40.5386872446364],[-105.737670491388,40.5387672744874],[-105.747217830047,40.5388468985909],[-105.754356100543,40.5384867324947],[-105.754177785394,40.5381618403998],[-105.753632093191,40.5363366870628],[-105.753076697169,40.5350321392472],[-105.752666633154,40.5345867999863],[-105.752472862437,40.5343774211358],[-105.75238387804,40.5332554379468],[-105.752144874919,40.5327064451775],[-105.752136857351,40.5322140091803],[-105.7524459027,40.5317914570053],[-105.752565659129,40.5314503927806],[-105.752445779271,40.5313170844804],[-105.752445919311,40.5312448486504],[-105.75220591086,40.5311298510783],[-105.751835101294,40.5310919505407],[-105.750553172261,40.5309611687676],[-105.750148815484,40.5309204785675],[-105.749855807281,40.5303714862761],[-105.749825811421,40.5298224936398],[-105.749434797488,40.5293184987965],[-105.749224796638,40.5284725096705],[-105.748623779027,40.5275575198258],[-105.74808291817,40.5263678694854],[-105.748201629814,40.5251790788598],[-105.747751771423,40.5244455607914],[-105.747690778318,40.523393574232],[-105.747599778341,40.5230045784918],[-105.747329771089,40.5225235841456],[-105.74660974335,40.5219295904238],[-105.74549970054,40.5212665964629],[-105.745244469907,40.5208995556625],[-105.745201599111,40.5207946764761],[-105.744903714652,40.5200659132199],[-105.743008613286,40.5187506252395],[-105.742708603775,40.5183846287294],[-105.742407890104,40.5171728078366],[-105.742678059123,40.5164786405247],[-105.742351190471,40.5160966057775],[-105.742191453357,40.5159260372866],[-105.742141060598,40.5158722268661],[-105.742062100416,40.5157879114249],[-105.741314194575,40.5155826075305],[-105.740487532271,40.5154336620609],[-105.739737508207,40.5145186726467],[-105.738927478158,40.5139476789309],[-105.737727430707,40.5133296829904],[-105.737172410097,40.5127921893169],[-105.737097461911,40.5118674504568],[-105.73769644866,40.5113627081179],[-105.737995468777,40.5109277144659],[-105.738145313894,40.5101276344726],[-105.737934484393,40.509073739032],[-105.737842503537,40.5068087681758],[-105.737599167377,40.5043517753216],[-105.737256763663,40.5030389148383],[-105.737118820788,40.5025470475975],[-105.736990109163,40.5020891787269],[-105.736939520341,40.5015930226952],[-105.736070488043,40.5007458403927],[-105.735679953004,40.4999987577235],[-105.735830987724,40.4996262577255],[-105.735710790171,40.4991744568381],[-105.736310513485,40.4988068562187],[-105.736399521081,40.4980968592153],[-105.736833427831,40.4976506260989],[-105.73669888063,40.4968856555709],[-105.736757480244,40.4955124993619],[-105.736426541164,40.4948248708356],[-105.736426541707,40.494391661001],[-105.73663593455,40.493795912768],[-105.736614537205,40.4936116226666],[-105.736545670779,40.4930184997091],[-105.73711458674,40.4921468840921],[-105.737119968029,40.491052647213],[-105.737696825174,40.4891770019181],[-105.737717127029,40.4891110011346],[-105.737944648887,40.4886663016928],[-105.738140577683,40.4882870422071],[-105.738225308005,40.4881230289514],[-105.738339142776,40.487432964125],[-105.738177595029,40.4869961772768],[-105.737889652378,40.486403907568],[-105.737619644006,40.486014909622],[-105.737019717753,40.4856489713836],[-105.737049622723,40.4850999112038],[-105.737498187478,40.4845046693966],[-105.737299930659,40.4839426432222],[-105.736175840684,40.4830846923942],[-105.73619711317,40.4818820703091],[-105.735523108893,40.4813250068981],[-105.735112240662,40.4809857238239],[-105.734867133273,40.4803574881305],[-105.734633479586,40.4793009920809],[-105.73338546766,40.478434329161],[-105.733298491534,40.4783739282019],[-105.733058484501,40.478030927916],[-105.732908481666,40.4771159320777],[-105.732518467781,40.4766349318984],[-105.731973446016,40.475991163869],[-105.732516189288,40.4756076440404],[-105.732627211525,40.4755291909244],[-105.732531198947,40.475220751461],[-105.732464535849,40.4750065944042],[-105.732412519981,40.4748394885567],[-105.732564227246,40.474499487452],[-105.732686402255,40.4742256686697],[-105.732074437497,40.4736682052176],[-105.73182671087,40.4721744833381],[-105.731975478989,40.4716493326607],[-105.733772567082,40.4703903416858],[-105.734326095355,40.4695428471588],[-105.73730673299,40.468992356421],[-105.738744795157,40.4691983587952],[-105.740153856908,40.4693113632851],[-105.740872889906,40.4692883652459],[-105.741531917862,40.4695633660318],[-105.742520963025,40.4694253677963],[-105.743420001425,40.469722369972],[-105.744348042674,40.469790371605],[-105.744858066478,40.4696303740856],[-105.746145126616,40.4689423796528],[-105.748002213144,40.4682553871709],[-105.749231269099,40.4682093896757],[-105.750020548852,40.4678863683679],[-105.750552331494,40.4677623951149],[-105.751283677333,40.4677303848059],[-105.752490639135,40.4665612247218],[-105.752686434749,40.4654873951373],[-105.752835624106,40.465100523644],[-105.754365518045,40.4634513963838],[-105.754607467107,40.4631034729234],[-105.754875545535,40.4624223978665],[-105.755381545235,40.4618537196293],[-105.756644621189,40.461002012697],[-105.757304653712,40.4603390127911],[-105.758515890675,40.4593177180295],[-105.759972791176,40.4576653957087],[-105.760504538546,40.4572353088325],[-105.760572821942,40.4568183969801],[-105.761650871677,40.4563613943035],[-105.76296993226,40.4552183935114],[-105.763281748672,40.4548551755966],[-105.763716007941,40.454434635574],[-105.764858020869,40.4541663905091],[-105.765308042671,40.4538003903079],[-105.767110012776,40.4516694737057],[-105.767526150446,40.451238392323],[-105.768061570614,40.4510558283915],[-105.768694205186,40.4506213904091],[-105.769626083755,40.4505270391446],[-105.770098246763,40.4501651778574],[-105.770310911981,40.4500021916297],[-105.770483163367,40.4498701767254],[-105.770688003209,40.4497574923274],[-105.771660330666,40.4492240020129],[-105.773518421807,40.4473250033293],[-105.774267455327,40.4471420014846],[-105.775286502435,40.4464790004007],[-105.77753260058,40.446021993817],[-105.778491645854,40.4453589942861],[-105.779060670684,40.445312991703],[-105.77959969561,40.4451069906648],[-105.780199723424,40.4446269906074],[-105.780977758904,40.4444439886849],[-105.781444618529,40.4435501369827],[-105.782086807583,40.4439869856299],[-105.785201950881,40.4423859825857],[-105.787059037463,40.4411279806962],[-105.78792807595,40.4407849790493],[-105.791642250998,40.4382229793864],[-105.793260325714,40.4372389773004],[-105.795510536122,40.435603295884],[-105.797936878458,40.433637613002],[-105.79988400839,40.431871836792],[-105.801180006085,40.4305647136109],[-105.801795743259,40.4298283690319],[-105.80300981547,40.4287182271134],[-105.80338282049,40.4281123728214],[-105.803802844234,40.4271283755377],[-105.804311869972,40.4265103766238],[-105.805838942791,40.4252523787864],[-105.806102930651,40.424804891796],[-105.806171958934,40.4246878810391],[-105.806137923522,40.4241737173245],[-105.806129463716,40.424045907538],[-105.806147516502,40.4239531743775],[-105.808098027696,40.4160749816102],[-105.808201760925,40.4156559489011],[-105.810551619704,40.4194286927305],[-105.811246560002,40.419830737506],[-105.811382565537,40.4199024904207],[-105.812959941756,40.4204386384636],[-105.814763054849,40.4215153356352],[-105.815213190298,40.4221066157864],[-105.815427648925,40.4230400071973],[-105.81554888268,40.4235676474506],[-105.815856817857,40.4240252805706],[-105.816600250492,40.424289416968],[-105.81665514785,40.4265202295826],[-105.815795976148,40.4269488977313],[-105.81543237018,40.4275471874536],[-105.815241839086,40.4276276653351],[-105.814968752247,40.427728123339],[-105.814868932805,40.427765242929],[-105.813889081018,40.4285446855689],[-105.813797668528,40.4290737800849],[-105.81373327134,40.4294924958795],[-105.814121825589,40.4307437255874],[-105.813763949501,40.4313660983234],[-105.813984852608,40.4321164032818],[-105.814854606487,40.434000867093],[-105.815792653706,40.4355508021444],[-105.815472586474,40.4365605336406],[-105.815205557419,40.4374646201591],[-105.815347725765,40.4379666550141],[-105.812443709954,40.4391926807494],[-105.811833356217,40.440661342559],[-105.811482404284,40.4423588859131],[-105.811154339443,40.4428853161771],[-105.809826820174,40.4432629708921],[-105.808781591352,40.444151797341],[-105.807240450796,40.4450711421342],[-105.805981597531,40.4462346268103],[-105.805195766696,40.4473637786728],[-105.805112053044,40.4479135499023],[-105.805584866088,40.4489239943293],[-105.805890041786,40.4498128199447],[-105.806652982743,40.4506940176735],[-105.806912384187,40.4513882936424],[-105.80820986299,40.4523546948318],[-105.805188350734,40.4569208850088],[-105.80535575375,40.4579080167773],[-105.804562524184,40.4592656600521],[-105.804280234928,40.461485818716],[-105.804230823741,40.4616648613379],[-105.803918106026,40.4627980690136],[-105.803993655988,40.4644225249654],[-105.806939717485,40.4666610009916],[-105.805558862441,40.4669704954427],[-105.806584326867,40.4679693857315],[-105.807606668024,40.4689001728715],[-105.808441564175,40.4694057534916],[-105.808973146344,40.4697381381856],[-105.809456039072,40.4700400753687],[-105.810261515321,40.4705628692697],[-105.811451900737,40.4711355690838],[-105.809992096744,40.4710252184656],[-105.808285685202,40.4711127027404],[-105.807743995976,40.4714751001035],[-105.807286231752,40.4722761885999],[-105.806553808089,40.4724440346365],[-105.806134388115,40.4731151061238],[-105.806218103298,40.4739446461426],[-105.806767420078,40.4745588134234],[-105.807965239093,40.4750928731644],[-105.8090333548,40.4753522726976],[-105.81047531429,40.475802408428],[-105.812214819923,40.4758863311975],[-105.813420267813,40.4757184851287],[-105.814846968336,40.4753713465744],[-105.819539056025,40.4760045884862],[-105.821551885891,40.4767322115989],[-105.822050620065,40.4769124924732],[-105.823543642455,40.4769386819235],[-105.826870921274,40.4781331942765],[-105.82958699218,40.479449268347],[-105.832005516631,40.4798879596165],[-105.833691617198,40.4797658898405],[-105.834591886326,40.4804601661724],[-105.836315279307,40.4810721935868],[-105.836247469409,40.4823904082793],[-105.836995150263,40.4830236480521],[-105.837324882848,40.4830214110366],[-105.838674146129,40.483018145097],[-105.839511906178,40.4833263684494],[-105.840314043403,40.4836077888476],[-105.842176495002,40.4835356110048],[-105.842373886642,40.4829931305807],[-105.845044181329,40.4826459932316],[-105.846821959579,40.4828308260052],[-105.846500251989,40.4831774165584],[-105.84673028095,40.483962066187],[-105.854352063787,40.4862852238317],[-105.855244704343,40.4877691441399],[-105.855420181353,40.4888677795186],[-105.856908464171,40.4900594036578],[-105.855524493306,40.4904564811455],[-105.855344978228,40.4917325349664],[-105.855207001597,40.4927046518113],[-105.854626722006,40.4943952871708],[-105.854191844803,40.4951391554695],[-105.854519475434,40.4956564598795],[-105.852101384814,40.4967298868461],[-105.851452886335,40.497599639825],[-105.851216537231,40.498504921392],[-105.851353590627,40.4995079066239],[-105.851292666546,40.5000143480224],[-105.851178412572,40.5005074742898],[-105.851269778622,40.5010138008747],[-105.851429995028,40.502211617754],[-105.851719919993,40.5035679422238],[-105.851727546331,40.5065876814643],[-105.852040360337,40.5070319733768],[-105.853001665718,40.5074363328099],[-105.854153707032,40.5078254325843],[-105.855238523932,40.5078697728141],[-105.855394889269,40.5078761632886],[-105.855552693719,40.5078620438926],[-105.855961878306,40.5078254323923],[-105.856464962093,40.5078889899321],[-105.856791454652,40.5083260251287],[-105.857067688156,40.5089011084997],[-105.857625077206,40.5096617383622],[-105.858599268632,40.5104346568068],[-105.858753777115,40.5105572409941],[-105.859427918016,40.5104970332025],[-105.860880173013,40.5115106150211],[-105.860219090922,40.5125823701639],[-105.860768406209,40.5135818235117],[-105.86132535373,40.514482095049],[-105.863123381586,40.5150628252198],[-105.86288741337,40.5156785588611],[-105.863669094803,40.5159968371046],[-105.864074242233,40.5164089328084],[-105.864201628985,40.5165396529744],[-105.86478224537,40.5168541229367],[-105.865346424882,40.5170998196488],[-105.86576110114,40.5172804070866],[-105.866231066956,40.5187888962638],[-105.866932972197,40.5197502032378],[-105.867567810702,40.5201611682946],[-105.868512260142,40.5207725440529],[-105.869877924785,40.5213142328206],[-105.870674043683,40.5215908535832],[-105.871228330025,40.5217834417643],[-105.871849195456,40.5218678316878],[-105.872013899708,40.5218667704659],[-105.872873301332,40.5218612304504],[-105.873019769728,40.5218602857559],[-105.87316467933,40.5218696412597],[-105.874002572294,40.5219237314206],[-105.874252314831,40.5219398527461],[-105.874358287558,40.5219848112282],[-105.87498963179,40.5222526500573],[-105.876126413394,40.5224472007605],[-105.877469191148,40.5225006059411],[-105.878461014122,40.52321014292],[-105.879506244093,40.5233055091079],[-105.880355762427,40.523411493148],[-105.881392532496,40.5228716969591],[-105.881917138249,40.5224357569499],[-105.882674830656,40.522247592509],[-105.883284588182,40.5218110172351],[-105.883796819832,40.5217181441201],[-105.886615690038,40.5213478270328],[-105.887168098641,40.5212901646547],[-105.890263720977,40.52105842578],[-105.890393382902,40.521048716994],[-105.890515837244,40.5210209081885],[-105.893994498679,40.5202308599454],[-105.898533998382,40.5182586565614],[-105.902011947504,40.5166284959981],[-105.903592299913,40.5144782842315],[-105.903945393018,40.5141597716908],[-105.90423190975,40.5142736196773],[-105.905229179693,40.5146698801071],[-105.906414180969,40.5151671858868],[-105.90713319749,40.5154691802858],[-105.907283923043,40.5155358090633],[-105.907709879939,40.516119745962],[-105.907937758948,40.5165279788091],[-105.908157026506,40.5169779030671],[-105.908188487573,40.5170424585511],[-105.908229444535,40.5171058432333],[-105.909575945026,40.5191896076359],[-105.90983702042,40.5195945503652],[-105.910163884427,40.5202249395602],[-105.910683180732,40.5214639386906],[-105.910596086467,40.5222121243542],[-105.909975783803,40.5228111484186],[-105.909828468461,40.5229504172295],[-105.909138481567,40.5236027047508],[-105.909066946784,40.5237128881696],[-105.909421410734,40.5246361724797],[-105.908174280616,40.5250081848705],[-105.907380191403,40.5261294516782],[-105.907282778352,40.526269974066],[-105.906547147869,40.5278880015925],[-105.905871264971,40.5293783638336],[-105.905350229654,40.5305388061799],[-105.905091930403,40.5327591420168],[-105.905080019478,40.5328627810872],[-105.904515529733,40.5353172900024],[-105.90600083825,40.5363590168597],[-105.904957961612,40.5370537109861],[-105.905858232131,40.5387741424211],[-105.906209184541,40.5398308156149],[-105.907399264251,40.5410821259595],[-105.906583010311,40.5416671220795],[-105.906468727398,40.5429223248374],[-105.907262029051,40.5437423212823],[-105.908208076458,40.5445167067909],[-105.909640068036,40.5451120703251],[-105.9086505817,40.545495059329],[-105.908650580985,40.5462371399938],[-105.908970544351,40.5468062356754],[-105.908943679717,40.5479828279804],[-105.909366965206,40.5486999962888],[-105.909851119898,40.5496301088969],[-105.910024311991,40.5499989697835],[-105.911422403044,40.5505033144276],[-105.910644165963,40.5513232777047],[-105.910692214091,40.5514336511486],[-105.910808284971,40.5517006572098],[-105.911216043683,40.5526389377773],[-105.911231753912,40.5527254035491],[-105.911297862781,40.5536179314311],[-105.911026560545,40.5540583004271],[-105.911309373185,40.5552717314502],[-105.910446168045,40.5556525636937],[-105.910298473806,40.5563978915764],[-105.910227527452,40.5567559118102],[-105.91019725838,40.5568386980281],[-105.910618510409,40.5585272206828],[-105.909349886772,40.558812387863],[-105.909497341562,40.5606419993561],[-105.909207695167,40.5621682996908],[-105.909512701771,40.5638725219479],[-105.910069648412,40.5647651633606],[-105.91154806774,40.5659668885878],[-105.910878365786,40.5672599812038],[-105.911839671609,40.5681068464138],[-105.912047541056,40.5681721854416],[-105.91264767858,40.5683696038199],[-105.913335337426,40.5693907249953],[-105.913576365139,40.5697441235844],[-105.914222767759,40.5706918700837],[-105.914748657509,40.5715112393255],[-105.916241094469,40.5706395114001],[-105.917037626878,40.570676625515],[-105.917866906638,40.5707351787513],[-105.919232572787,40.5714485283973],[-105.920303514516,40.5723030096384],[-105.920723754097,40.5730282994305],[-105.921689230007,40.5742729642305],[-105.92180369853,40.5748154817336],[-105.921666703301,40.5753368193424],[-105.922169909216,40.5761773315152],[-105.922848926212,40.5770737865221],[-105.923283803035,40.578218198742],[-105.923545627734,40.579328621706],[-105.923569589374,40.5794302459292],[-105.923993336881,40.5802743240833],[-105.924397183187,40.5809677206229],[-105.924115392567,40.5818168973966],[-105.923810372899,40.582180910158],[-105.924438657895,40.5831450646761],[-105.9244393457,40.5846156776863],[-105.924735410076,40.5853720799094],[-105.925141708513,40.5872705648741],[-105.925202810015,40.5877375062525],[-105.92604564806,40.5892121800642],[-105.925986125327,40.5906430326328],[-105.926344855669,40.5909569021651],[-105.926483254571,40.5910779921889],[-105.926603481375,40.5912030039946],[-105.927121380326,40.5917427612485],[-105.92725788493,40.5922546620171],[-105.927472148142,40.5930598866555],[-105.927388692362,40.5935378200554],[-105.928265890514,40.5940901253529],[-105.927129025577,40.5949571266974],[-105.927068062809,40.5955553143471],[-105.927121395241,40.5962274234881],[-105.927331203003,40.5970437695969],[-105.92827258232,40.5976943238897],[-105.927590157958,40.5992971515648],[-105.927548720716,40.600093329611],[-105.927998761409,40.6009323870244],[-105.928418378196,40.6012375638374],[-105.928479266404,40.6018024644555],[-105.928242966032,40.6023264238992],[-105.92828105024,40.603312763364],[-105.928372602134,40.603827748169],[-105.928864352721,40.6045518321795],[-105.928908272292,40.6046168931815],[-105.929235584213,40.6055580072094],[-105.929275900216,40.6056739250346],[-105.929343446667,40.6057787573587],[-105.929631470744,40.606225766547],[-105.930342868856,40.6061390109491],[-105.932400945991,40.6064126875891],[-105.93345356038,40.6064451506789],[-105.934132824079,40.6064660938479],[-105.934796582684,40.6068208610728],[-105.935531384151,40.6073403569368],[-105.936436905419,40.6079805309672],[-105.938100117168,40.6088464692108],[-105.938618917217,40.608861728777],[-105.940058616339,40.6094993841189],[-105.941503604874,40.6091288709837],[-105.942044523453,40.6096475581604],[-105.943504926828,40.610748388345],[-105.943471206429,40.6113122024895],[-105.943959488801,40.61212473471],[-105.944157867592,40.6132327852192],[-105.944165482668,40.6142647837692],[-105.94517256605,40.6151612401241],[-105.945610566961,40.6156369789678],[-105.945982274805,40.6160746902911],[-105.946071270535,40.616179565607],[-105.946143053261,40.6162863079597],[-105.946424020301,40.6167043976581],[-105.946423789023,40.6174004730685],[-105.946095724223,40.6181519694393],[-105.945741712338,40.6186910006654],[-105.945475451442,40.6191342801254],[-105.945406251332,40.6192494864414],[-105.945357632643,40.6193718715192],[-105.945233616468,40.6196840488243],[-105.944995045212,40.6201307863854],[-105.944873305062,40.6204197013029],[-105.944655669463,40.6209361897173],[-105.944603000927,40.6210611807801],[-105.944566576095,40.621233288006],[-105.944502061377,40.6215381226405],[-105.944464711025,40.6217146028334],[-105.944617903785,40.6222253244172],[-105.944913180521,40.6227777737329],[-105.945397908706,40.6229981069782],[-105.945818300451,40.6232174653298],[-105.945967507988,40.6232953201933],[-105.946077831648,40.6233877327768],[-105.946674146559,40.6238872314929],[-105.946726125499,40.6239896059604],[-105.94716890369,40.6248616605258],[-105.947253080203,40.6250153209196],[-105.948546543833,40.6251563604961],[-105.947614781677,40.6256546723453],[-105.948254861976,40.6266306275443],[-105.94868211016,40.6273554213825],[-105.94878105525,40.6281203549893],[-105.948537135154,40.6287415906044],[-105.948362096756,40.6293640659715],[-105.948173126446,40.6299833670188],[-105.948137279667,40.630100842508],[-105.948125205932,40.630222466253],[-105.948087007678,40.6306072319583],[-105.948073303824,40.6310516261231],[-105.948051593515,40.6317556576436],[-105.948028992281,40.6324177456479],[-105.948006939858,40.6330637295459],[-105.947995445007,40.6337121519003],[-105.947873375285,40.6344216868949],[-105.947568197839,40.6350701876523],[-105.947524079688,40.635569530842],[-105.94750379456,40.6358016888756],[-105.947484616913,40.6360254549027],[-105.947560584179,40.6370295135694],[-105.947566855772,40.6375375313489],[-105.947575842477,40.6382654781756],[-105.949000675521,40.6395274889957],[-105.947652135481,40.6402186071459],[-105.947743688848,40.6417826372394],[-105.947903906877,40.6423548430851],[-105.948575295085,40.6428126077767],[-105.949493671334,40.6431132581768],[-105.950378373335,40.6434257783806],[-105.950362484712,40.6441124695967],[-105.950322080455,40.6441805164647],[-105.950270215004,40.6442678640796],[-105.949979162933,40.644758023362],[-105.949995438288,40.6449250311125],[-105.950040140317,40.645383719257],[-105.950497906122,40.6459139629702],[-105.951591380207,40.6463276060519],[-105.952546869116,40.6466903765407],[-105.953399238212,40.6471190016783],[-105.953529262504,40.6472234099744],[-105.953847202724,40.6474794242173],[-105.954038001964,40.6481077138945],[-105.954056771138,40.6488936216622],[-105.954072357786,40.6495462174088],[-105.954107289348,40.6497670692046],[-105.954182895393,40.650245086504],[-105.954709324908,40.6512979443513],[-105.955411231262,40.6526292774022],[-105.956794768985,40.6530674497102],[-105.956821478301,40.6531280426637],[-105.957021461527,40.6533880147267],[-105.957058807452,40.6537793924504],[-105.956046079725,40.655509063186],[-105.955985778602,40.6560274248467],[-105.955907141829,40.6567033816384],[-105.955516713485,40.6578725632864],[-105.95535422224,40.6590374596614],[-105.956884879178,40.6595038212692],[-105.958575515068,40.6608979387074],[-105.957654275804,40.6619028262493],[-105.958058634044,40.6630472374009],[-105.95895890613,40.6635851113951],[-105.959225842149,40.6638492854171],[-105.959739667615,40.6643577843995],[-105.959837939897,40.6644550369436],[-105.959938252821,40.6645667485787],[-105.960799350775,40.6655256743336],[-105.960873082848,40.6656102713892],[-105.96110756009,40.6658928054583],[-105.961653983378,40.6665514529953],[-105.961729976564,40.6666061352854],[-105.962720894483,40.6671476432162],[-105.963269538497,40.6674327181147],[-105.964047739653,40.6677684122015],[-105.964459728291,40.6682452499459],[-105.964589427297,40.6693972905723],[-105.96463511856,40.6705509761512],[-105.964490367601,40.6709946717162],[-105.964536004668,40.671454848664],[-105.965314204452,40.6723131573521],[-105.966214113513,40.6719939958836],[-105.965955073853,40.6747583843566],[-105.966084774813,40.6757158746147],[-105.967419657572,40.6759767583476],[-105.967168150547,40.6770853552799],[-105.967984498469,40.6772951631155],[-105.968816104497,40.6777758170767],[-105.969334902701,40.6787256783111],[-105.97005969694,40.6799273100883],[-105.970815010529,40.6808046931523],[-105.971295573243,40.6818934411711],[-105.971242256411,40.6828264861466],[-105.970952337308,40.6834978751389],[-105.970532720696,40.6840700804488],[-105.969646764868,40.6846871497575],[-105.96954775442,40.6847575675966],[-105.969365719881,40.6855673901701],[-105.969543135706,40.6864269117948],[-105.969830830809,40.6868037923586],[-105.970486960657,40.687173819301],[-105.97135671259,40.6877002474189],[-105.972379054296,40.6886348513381],[-105.973004665128,40.6893138686122],[-105.973195797861,40.6897585478385],[-105.973378252042,40.6901830313919],[-105.973218549513,40.6909772571641],[-105.973141461267,40.691158271174],[-105.973032565613,40.691413973349],[-105.972724769263,40.6919273725502],[-105.972350930984,40.6925509167207],[-105.972223044826,40.6928024291613],[-105.972074650381,40.6930955203684],[-105.971791513458,40.6938296454892],[-105.971741655302,40.6939590401334],[-105.971641490304,40.6946684108402],[-105.972012824294,40.6956591553776],[-105.972384065568,40.6960628747431],[-105.972989355707,40.6952388474198],[-105.97340305855,40.6957147564787],[-105.974249217267,40.6965737556461],[-105.973508064462,40.697731662918],[-105.973589847655,40.6978684009986],[-105.973946643825,40.6984649361796],[-105.974309293694,40.6990604413561],[-105.974900621655,40.699890820318],[-105.974963538925,40.6999791719784],[-105.975014923455,40.7000712520082],[-105.975292497973,40.7005695629029],[-105.975602372758,40.7012117817334],[-105.975679752859,40.701372478717],[-105.975738957259,40.7015338748276],[-105.975933764449,40.7020649294546],[-105.975957229264,40.7021288967146],[-105.976506547187,40.7026820280869],[-105.977592247469,40.7029847984061],[-105.977827118687,40.7030508847303],[-105.978040798019,40.7031173871234],[-105.979029232734,40.7034250070272],[-105.979156519437,40.7034941057501],[-105.980016249595,40.7039697070867],[-105.98081007806,40.7050184197878],[-105.981000270648,40.7059321591406],[-105.981870023148,40.7067294315977],[-105.982531456369,40.7062681446418],[-105.983067475919,40.7071057773725],[-105.983948334027,40.7071110376283],[-105.985423102479,40.7076921330085],[-105.985576869457,40.7077527412142],[-105.98571313377,40.7078390657581],[-105.986163499296,40.7081243730844],[-105.987012263515,40.7086620555674],[-105.987667665466,40.7092235201063],[-105.988156677275,40.7096424347986],[-105.988392940082,40.7101438421609],[-105.988446469813,40.7102574433316],[-105.989712088667,40.7113789751717],[-105.988706908287,40.7122029224767],[-105.988891933329,40.7129035122825],[-105.989121353837,40.7137739249191],[-105.989131151081,40.7143078189224],[-105.989009346278,40.7149428400766],[-105.989009013918,40.7150135764102],[-105.989003522158,40.716182272832],[-105.989377363065,40.7175746407307],[-105.989499235839,40.7183494785208],[-105.989194257409,40.7190509313002],[-105.988614421413,40.719794798024],[-105.987806841566,40.7207522643461],[-105.987513852408,40.721267528755],[-105.987783833492,40.7216145321334],[-105.987844111926,40.7216845733678],[-105.988011401259,40.7226388825291],[-105.988255838393,40.723098333546],[-105.988705973876,40.7235560977106],[-105.989941939778,40.7243114090495],[-105.990361555444,40.7248378396505],[-105.991802897868,40.7258361732548],[-105.989972554666,40.726716327939],[-105.990002974653,40.7272182156125],[-105.990300520002,40.7275844275107],[-105.990781173132,40.7279277508298],[-105.990933761167,40.7283626277848],[-105.991679680164,40.7281149004278],[-105.992711414051,40.7299380997017],[-105.993855827094,40.731151177467],[-105.993916861123,40.7317920472247],[-105.994476764566,40.732305591603],[-105.9948348617,40.7325165432132],[-105.994959683254,40.732590074399],[-105.995480991762,40.7329951364251],[-105.996232574939,40.7334442405896],[-105.996910551577,40.7337926785435],[-105.998316330079,40.7342699370842],[-105.998454178489,40.7342841659012],[-105.998554196958,40.7342900562824],[-105.999989873576,40.7343746039223],[-106.00347282325,40.7368161940819],[-106.003544763785,40.7368666225972],[-106.003705875372,40.7369531785374],[-106.004163202038,40.7371988723727],[-106.004395017819,40.7373234128234],[-106.004568711411,40.7374167256069],[-106.004697490452,40.7374022937594],[-106.005733790309,40.7372861546435],[-106.005793166923,40.738325032661],[-106.005963720068,40.738721935859],[-106.006060392403,40.7387488994386],[-106.006358097847,40.7388319355749],[-106.007252583056,40.7387447033883],[-106.006878739776,40.7390243333524],[-106.007145465842,40.7393126391678],[-106.007960083212,40.7401931419688],[-106.008350141206,40.7402480587333],[-106.009057446499,40.7403476368356],[-106.009206941492,40.7404234187569],[-106.009423945379,40.740533419949],[-106.010201348467,40.7402445638107],[-106.010437530308,40.7404231307444],[-106.011270159293,40.7408046297403],[-106.011340195387,40.7414743961362],[-106.009962224334,40.741609127547],[-106.009929389759,40.7417055300738],[-106.009855114558,40.7420166638647],[-106.00983584209,40.7421011462288],[-106.009807707528,40.7422244889611],[-106.010106083125,40.7426813636079],[-106.010544654165,40.7429559103603],[-106.010646699237,40.7430197906269],[-106.010780011472,40.7430991165015],[-106.011258463424,40.7433797985058],[-106.011366045171,40.7434429109279],[-106.011631959656,40.7439830486305],[-106.011899385071,40.744781120652],[-106.01220642996,40.7456028357914],[-106.012208896745,40.7456094375014],[-106.012238307196,40.7456285912114],[-106.012267725992,40.7456477502804],[-106.012591216056,40.7457084034443],[-106.012760884768,40.7457649424128],[-106.01339474776,40.7466808439917],[-106.013654148666,40.747424711837],[-106.013791413677,40.7481432613886],[-106.013768653405,40.7486425414831],[-106.014077769044,40.7493908851225],[-106.014134817651,40.749528994423],[-106.014239152152,40.7496483344798],[-106.014578702064,40.7500367196158],[-106.014853895844,40.7504935061465],[-106.014508642168,40.7509952766669],[-106.014249576804,40.7514161610877],[-106.014386571059,40.7519336948108],[-106.014689083079,40.7528564081016],[-106.015270143888,40.7532507244003],[-106.01641048399,40.7533874723626],[-106.016645932998,40.7533894245377],[-106.017743531401,40.7537442472209],[-106.018308107594,40.7540417938693],[-106.019048160087,40.7541219029974],[-106.020535111656,40.7540274756706],[-106.021672678871,40.7547284417109],[-106.021756290431,40.7552107400588],[-106.022820560198,40.7554386572471],[-106.021336865884,40.7560993990926],[-106.021292193839,40.7572339781241],[-106.020070332509,40.7572418462591],[-106.020093193748,40.7584684940085],[-106.020274891722,40.7585099881684],[-106.020659922206,40.7586047163924],[-106.021191248416,40.7591285035776],[-106.02169197775,40.759694619048],[-106.022677060797,40.7608889697638],[-106.023203763701,40.7614119586904],[-106.023325812543,40.7618520570354],[-106.023073324049,40.7624849943661],[-106.022878661198,40.7630468359974],[-106.02277132727,40.7635752934422],[-106.022916296295,40.7643916962187],[-106.023396984041,40.7650364250303],[-106.024383600279,40.7648346750367],[-106.024981547603,40.7656894374174],[-106.025048145742,40.7663055813468],[-106.025711697172,40.7666242538673],[-106.025984111519,40.7668343881279],[-106.026117987001,40.7670218449591],[-106.026902796579,40.7675792592603],[-106.026878886767,40.7686277891894],[-106.026366749997,40.7692059728424],[-106.026299372089,40.7692820374544],[-106.026102437691,40.76950436413],[-106.02586192884,40.769927146711],[-106.025193598443,40.7711721523588],[-106.025141618693,40.7713042464139],[-106.025211471315,40.7714645174956],[-106.0254112267,40.7716145868197],[-106.027703645285,40.7724946339311],[-106.029374685487,40.7728648340873],[-106.029438271815,40.7729560307897],[-106.029911508824,40.7736347598007],[-106.030243007552,40.7744646372018],[-106.030234143439,40.7747144717346],[-106.030024341398,40.7755848898498],[-106.029552502046,40.7761950450354],[-106.029468964968,40.7765413294744],[-106.029342680064,40.7770647807342],[-106.029475341114,40.7772706002307],[-106.029671676214,40.7775752186757],[-106.030211753285,40.7778349087331],[-106.030367019425,40.7778243134332],[-106.030944385165,40.7777849116656],[-106.031163862613,40.777685093514],[-106.03155196925,40.7779049794071],[-106.031140977914,40.7788166718197],[-106.030934458166,40.7792747818632],[-106.030791696485,40.7804049851214],[-106.030579339122,40.7808794210341],[-106.03031262275,40.7814752975172],[-106.029389234728,40.7817074107832],[-106.029974017588,40.7819367046046],[-106.031575611435,40.7821332669529],[-106.030752273409,40.7831155277822],[-106.031393187894,40.7838098491148],[-106.032377451188,40.7843248697222],[-106.03348379174,40.784954335601],[-106.033994997669,40.7853282033854],[-106.034628282729,40.7855952489563],[-106.035200490426,40.7855221412398],[-106.036215307317,40.7854312039922],[-106.036906681124,40.7857037254072],[-106.038298279503,40.7858279574204],[-106.039076531477,40.7858012522133],[-106.039488549718,40.7862781227502],[-106.040190505627,40.7876133578895],[-106.040678822465,40.7884755387746],[-106.041655456545,40.789211826292],[-106.042326888736,40.7902494934271],[-106.043005956108,40.7905279863867],[-106.043730798657,40.7906233590165],[-106.044791396393,40.7919017386485],[-106.044844770842,40.7924507260631],[-106.0448143885,40.7928837142438],[-106.045066771533,40.7936450022847],[-106.045432281419,40.7943315028725],[-106.045401848278,40.7947994328163],[-106.045477963564,40.7955812717264],[-106.04540174604,40.7964120908011],[-106.045167478968,40.7968856465807],[-106.044687341977,40.7973437903048],[-106.04436263326,40.7977312300977],[-106.044537430474,40.7984448143943],[-106.04512647286,40.7993548145778],[-106.045638301242,40.8001455066453],[-106.046118850474,40.8008358188427],[-106.046271587714,40.8016257114385],[-106.046027431293,40.8020300976173],[-106.04589051955,40.8024902777867],[-106.046157123548,40.8030615701948],[-106.046790408145,40.8039733465904],[-106.047393173509,40.8046829282084],[-106.04807224013,40.8051216491391],[-106.04901072148,40.8055489233936],[-106.050147580081,40.8054764366004],[-106.051078432442,40.805476435483],[-106.051772561273,40.8059053698146],[-106.051726976553,40.806296652597],[-106.051438682687,40.8066943647973],[-106.051093695419,40.8071702792935],[-106.050819126434,40.8083125645411],[-106.050873038807,40.8087530435617],[-106.050925860856,40.8091831492966],[-106.051498106287,40.8098545813919],[-106.052201509832,40.8102896148841],[-106.052277022446,40.8103204889487],[-106.052711267426,40.8104611590553],[-106.05275682091,40.8109170058579],[-106.05276467867,40.8114454201358],[-106.053080826959,40.8118637564766],[-106.053072257999,40.8120263456908],[-106.053054618252,40.8123610105993],[-106.053382704928,40.812818805457],[-106.053985471465,40.8133681596545],[-106.054519565933,40.8136771713656],[-106.05578613443,40.8135550914354],[-106.056293525745,40.8140109785704],[-106.056734526047,40.8143226444757],[-106.057286830561,40.8146499341762],[-106.057281744347,40.8151078521234],[-106.05728057673,40.8152130106441],[-106.057250330895,40.8156745714036],[-106.057197676853,40.816244637385],[-106.05709085884,40.8167443981774],[-106.057136639938,40.8171640446563],[-106.058021713053,40.8175989487422],[-106.058575005185,40.8178184820023],[-106.059204353025,40.818068187107],[-106.060075227804,40.8186378609427],[-106.060726525037,40.8192183987777],[-106.060955467065,40.8192808059224],[-106.061951131317,40.8195522059116],[-106.063187180708,40.820463980624],[-106.063675499962,40.8212651218679],[-106.064255373221,40.821612283126],[-106.065117554654,40.8215626889495],[-106.065956848245,40.8217801394307],[-106.066826661343,40.8218373629707],[-106.067856703232,40.8222417482731],[-106.069092751221,40.8221501861291],[-106.070740816926,40.8223752684116],[-106.0712367621,40.8228673984639],[-106.071847157967,40.8236265739095],[-106.072327844596,40.8241263336739],[-106.072549113496,40.8246795032506],[-106.073464705932,40.8251220377876],[-106.074122388715,40.8253973946906],[-106.074731274896,40.8256523170866],[-106.075166018727,40.8261896674647],[-106.07555069992,40.8271611749395],[-106.075813194108,40.8279626941701],[-106.076316794811,40.8284557179359],[-106.077137975285,40.8285136129385],[-106.077805714222,40.829253001238],[-106.077898699896,40.8293559618875],[-106.077985445224,40.8294520140845],[-106.078089571791,40.8295374217545],[-106.079004045888,40.8302874919264],[-106.079744149741,40.8307071378362],[-106.080285875863,40.8309512938509],[-106.081315916542,40.8312145244475],[-106.081892968086,40.831286596644],[-106.083393724898,40.8315286583952],[-106.083514982955,40.8316156406322],[-106.084337350169,40.8322116589308],[-106.084563507103,40.8322887938856],[-106.085704702889,40.8326782595104],[-106.085808876589,40.8327138109466],[-106.085916568601,40.8327646909877],[-106.086712411064,40.8331476678036],[-106.087241404813,40.8334025264914],[-106.087866554471,40.8345906180514],[-106.087755768743,40.8358289356524],[-106.088022634263,40.8361815995884],[-106.089167126364,40.8368263265035],[-106.089928429098,40.8372353862966],[-106.090502364753,40.8379326648304],[-106.090685075438,40.8383254935149],[-106.090883863573,40.8387528818578],[-106.091349290268,40.8392717162174],[-106.091913906359,40.8398287007318],[-106.091799460042,40.8403704246753],[-106.092051070199,40.8408415162587],[-106.092875281071,40.8409655580659],[-106.093391790707,40.8410762639675],[-106.09366945527,40.8411825027782],[-106.094985472088,40.8416873285722],[-106.096443117085,40.8416533774454],[-106.09724599644,40.8416808404595],[-106.098124882509,40.8417408399149],[-106.098961543574,40.8420740287353],[-106.099116545543,40.84213817487],[-106.099559081587,40.8428401293557],[-106.100687344183,40.8436080533667],[-106.100268668678,40.8440914369494],[-106.099986362107,40.8447857599109],[-106.099895982454,40.8452594572353],[-106.09973046776,40.8461269529182],[-106.099559091328,40.8470251446467],[-106.09841460404,40.8480933357007],[-106.097972069845,40.8488906638779],[-106.097941626692,40.8497795865199],[-106.098681655064,40.8501267097765],[-106.099242438178,40.8506939157851],[-106.099694171787,40.8511442281536],[-106.100219662828,40.8514065780331],[-106.100874015308,40.8518242511656],[-106.101863340024,40.8523813494037],[-106.10268737348,40.8522745294264],[-106.103656373483,40.8520303714672],[-106.105128951106,40.8521028530435],[-106.10591222267,40.8521128970901],[-106.106919215157,40.8521286820191],[-106.107524771188,40.8524180598621],[-106.107166163639,40.853070420549],[-106.106457028067,40.8535827878338],[-106.105708850293,40.8541233505017],[-106.105466026174,40.854604721952],[-106.105060308318,40.8554089938861],[-106.104846674221,40.8562902506182],[-106.104600953868,40.8570861860234],[-106.104320212941,40.8579955409417],[-106.103702375607,40.859311307534],[-106.10377849059,40.859838169893],[-106.104320216116,40.8604695440915],[-106.105823314619,40.8608300566645],[-106.107189071894,40.8614175600249],[-106.107250114924,40.8622148877807],[-106.107387454027,40.8629588037807],[-106.10782999083,40.8633059652708],[-106.109317826595,40.8635386773684],[-106.11094300369,40.8638934651909],[-106.112613959178,40.8643283693225],[-106.113550860408,40.864981030842],[-106.11406364682,40.8650608411565],[-106.114507323606,40.865339678817],[-106.114811381999,40.8658619831597],[-106.115185249477,40.8661824381297],[-106.115833792671,40.8664017981646],[-106.116562167594,40.8664533855708],[-106.117283480691,40.8664075192502],[-106.117989461013,40.8660202354481],[-106.11818488481,40.8659130286507],[-106.118822576796,40.8661161018298],[-106.119351866978,40.8670189245865],[-106.120228635543,40.8676817125773],[-106.121151760653,40.8675406266343],[-106.12197589086,40.8674146638365],[-106.122594931362,40.8675459852061],[-106.123025678412,40.867842393855],[-106.123684972884,40.8682973499446],[-106.124094687701,40.8688614763551],[-106.125189880273,40.8692285473293],[-106.125288501492,40.8692615069871],[-106.125410360948,40.869302233166],[-106.126304183236,40.8696017252937],[-106.126752232779,40.8704132182171],[-106.126763384762,40.8708109627235],[-106.126775124277,40.8712296215594],[-106.127118470819,40.8718323847128],[-106.128255703956,40.8726299264195],[-106.129195678451,40.8732891081273],[-106.130094149347,40.8739191653547],[-106.130544316954,40.8749110548264],[-106.131117127818,40.8757465992478],[-106.131581991216,40.8761432873546],[-106.131849038247,40.8766010829932],[-106.131467518007,40.8769269768068],[-106.131320118059,40.8770170940414],[-106.130680063451,40.8774072984162],[-106.130139936505,40.8776273096154],[-106.129407465198,40.8782644109908],[-106.129201457233,40.8786878713233],[-106.129033599713,40.8792143354726],[-106.128644475806,40.8796187220246],[-106.128392687985,40.8800612589387],[-106.128003563464,40.8812629725134],[-106.127673251278,40.8820606484515],[-106.127431323215,40.8828347393309],[-106.12720481975,40.8837940545635],[-106.127073485751,40.8847186297979],[-106.127042343709,40.8849389554464],[-106.127301598942,40.8861017801767],[-106.127591538596,40.8870707802798],[-106.128118427848,40.8874922019169],[-106.128469004368,40.8879925680015],[-106.128613973938,40.8885495525076],[-106.128490282071,40.8889727794305],[-106.128438655335,40.8891494210322],[-106.129170941442,40.890191418821],[-106.129537179322,40.8906759177711],[-106.129772369817,40.8912670586637],[-106.129828668097,40.8914085610695],[-106.129994957042,40.8919386172814],[-106.130530731804,40.8925792560446],[-106.130822848962,40.8930779109053],[-106.130777714252,40.8932363680565],[-106.13064354841,40.8937073806146],[-106.130345982421,40.8942643658016],[-106.130155438286,40.8955448447392],[-106.130452804284,40.8961451427329],[-106.130674073006,40.8966601631865],[-106.131072498151,40.897030140114],[-106.131597106483,40.8973320604196],[-106.132070309256,40.897605711064],[-106.132155234989,40.8977008912123],[-106.132351288021,40.8979354475749],[-106.132474737337,40.8980831396604],[-106.133564590707,40.8987694516798],[-106.134771350435,40.89900635975],[-106.135628096174,40.8992754645237],[-106.136071614537,40.8996650778994],[-106.13633453738,40.900060931869],[-106.136442309299,40.9005704923384],[-106.136243015125,40.90112163595],[-106.135992145858,40.9016119782033],[-106.136190523682,40.9019953822132],[-106.136351704114,40.9020566812472],[-106.136907739065,40.9022681509687],[-106.13780710496,40.9024017756171],[-106.138881343955,40.9025292246341],[-106.138994307868,40.9025744398354],[-106.139255933301,40.9026794677921],[-106.139761333853,40.9028823563697],[-106.140137762904,40.9031947284782],[-106.141203392891,40.9040153976922],[-106.141996906734,40.9043778189074],[-106.142782790907,40.904709719721],[-106.14349237432,40.9049538763394],[-106.144606344202,40.9048508709819],[-106.145683499175,40.9046925985464],[-106.146475796462,40.9046339196171],[-106.147307340068,40.9046906399512],[-106.147723361675,40.9049308522182],[-106.148184782624,40.9053277374522],[-106.148493753023,40.9057754589096],[-106.148940147411,40.9061670269759],[-106.149520022202,40.9064836689558],[-106.150115157028,40.906765975125],[-106.150839999548,40.906857533562],[-106.151769252831,40.9069527059458],[-106.151879032764,40.9070748141544],[-106.152293211889,40.9075349226747],[-106.152778005176,40.9080363555577],[-106.153541001682,40.9091579535727],[-106.154245531059,40.909504266214],[-106.154359023548,40.9095600532759],[-106.154599555737,40.9096001447974],[-106.155356927467,40.9097263805123],[-106.156056051708,40.9100122326045],[-106.156661646199,40.9103176980232],[-106.157421518518,40.9104719338373],[-106.157973994081,40.9106724888501],[-106.15832422577,40.9111550100972],[-106.158556491387,40.9115205011172],[-106.15884375153,40.9119725231857],[-106.159004039106,40.9128203113727],[-106.158757771133,40.913410497878],[-106.158378386262,40.9138923169229],[-106.158332772002,40.9143177519171],[-106.158630177303,40.9147773881481],[-106.159469469871,40.9149986550783],[-106.160026455799,40.9150978428995],[-106.160591070646,40.9151588820354],[-106.161270136328,40.9156853470345],[-106.161544812966,40.9161698459243],[-106.162313065339,40.9166551487306],[-106.162399367068,40.9167096637415],[-106.163481220645,40.9170732329603],[-106.165779427969,40.917737791731],[-106.167595353605,40.9184511868443],[-106.168480426465,40.9192599581488],[-106.168915310622,40.9202334668059],[-106.168877189064,40.9203636871163],[-106.168655794467,40.9211199369009],[-106.168427110773,40.921784595891],[-106.168458595928,40.9222110743306],[-106.168510930989,40.922919939638],[-106.168861909927,40.9235646681491],[-106.170294054052,40.9240518339938],[-106.171838294643,40.9244147007648],[-106.171921959737,40.9244495114741],[-106.172878052136,40.9248570816179],[-106.173335815634,40.9254076915719],[-106.173657983045,40.9257967924698],[-106.174012060985,40.9263046795779],[-106.174631946327,40.9271983723829],[-106.174669467619,40.9272546175939],[-106.175316842,40.9283066588813],[-106.176331623568,40.9291917302589],[-106.177012259966,40.9297706812833],[-106.177965290072,40.9305238977545],[-106.178135034504,40.9306580514571],[-106.178209423674,40.9307240859399],[-106.178267428451,40.9307755763792],[-106.178702239386,40.9311615429845],[-106.179397313435,40.9315528656565],[-106.179499197895,40.9316102246365],[-106.179623795978,40.9316406416274],[-106.180354773957,40.9318190745449],[-106.180549319289,40.9318960757657],[-106.181032862203,40.9320874596813],[-106.181834048726,40.9325001177659],[-106.182588199422,40.9329518437586],[-106.183005497845,40.9332751639499],[-106.183450382855,40.9335279023816],[-106.183958213055,40.9337258975056],[-106.184732211757,40.934027661565],[-106.185258679185,40.9348669515759],[-106.185424863571,40.9358149623761],[-106.185594399918,40.9367820637481],[-106.186242722761,40.9370404456433],[-106.186368732499,40.9379041311311],[-106.186586282826,40.939395269433],[-106.186670229359,40.9401926387105],[-106.186594086815,40.9408779131156],[-106.186815198551,40.941340942004],[-106.18702096259,40.9418393348159],[-106.187081397445,40.9419857190582],[-106.187501894829,40.9425731746209],[-106.187738426693,40.9433819482605],[-106.187807096058,40.9441144201527],[-106.188014944658,40.9444996541647],[-106.188061911928,40.944573242683],[-106.188547202765,40.945277982912],[-106.188641841018,40.9456400808993],[-106.188682266513,40.9457947483443],[-106.188621430394,40.9464325488128],[-106.188606223083,40.9465919813301],[-106.18847090605,40.9471244245458],[-106.18829415349,40.947511783385],[-106.188112301864,40.9479103080163],[-106.187809858364,40.9485043647759],[-106.187594598627,40.9491130746726],[-106.187501734584,40.9493765463391],[-106.187443802116,40.9495409111986],[-106.18735969248,40.9496961307091],[-106.187074636987,40.9502221766117],[-106.186075117493,40.9510691003746],[-106.185052709123,40.9523051502575],[-106.184400952621,40.9532309509417],[-106.183992152522,40.9539951795419],[-106.18378703172,40.9546555165334],[-106.183729777638,40.9549173490767],[-106.183648996774,40.955287173568],[-106.183885337182,40.9557481562434],[-106.184338936691,40.9561929250813],[-106.184816191474,40.956493980318],[-106.185179867467,40.9568742819144],[-106.186174296869,40.9575864908411],[-106.186419251719,40.958140063097],[-106.186639677746,40.9593068510256],[-106.186565286619,40.9594373637592],[-106.186335617563,40.95984030003],[-106.185785201298,40.9602974977245],[-106.185190065984,40.960534026102],[-106.184679256133,40.9610905824627],[-106.184717013798,40.9615106567723],[-106.184899901016,40.9621823540076],[-106.184817265053,40.9623651866629],[-106.184598269327,40.9628502707762],[-106.184308273628,40.9635609446246],[-106.184881062247,40.9641735017934],[-106.18579284071,40.9642536142186],[-106.186317906624,40.9643367598108],[-106.1868762909,40.9646084044216],[-106.187126661868,40.9649608087703],[-106.187032518031,40.9654904983863],[-106.186784734093,40.966142019609],[-106.186502428662,40.9671110213279],[-106.186238807825,40.9679332789897],[-106.186210390953,40.9680219108641],[-106.186206597558,40.9681111429812],[-106.18619863646,40.9682984447528],[-106.186166274802,40.9690597497543],[-106.186137763897,40.9698726014657],[-106.186166719659,40.9702736258402],[-106.186379646043,40.9708376524243],[-106.186525329751,40.9712235518605],[-106.18728069373,40.9717652754898],[-106.18795975784,40.9720895462348],[-106.188708629124,40.9724491396853],[-106.189154218414,40.9731407949234],[-106.189462858676,40.9741534399712],[-106.189631382677,40.9746031639964],[-106.189783319384,40.9753742279254],[-106.189836557445,40.97615342828],[-106.18965358893,40.9769703148823],[-106.189470472386,40.9779622063265],[-106.189470492222,40.978695125297],[-106.189890147773,40.9799559992249],[-106.190143509104,40.9804849804813],[-106.190454765501,40.9811348213609],[-106.190965972819,40.982023707084],[-106.191293389871,40.9822112748723],[-106.191420941808,40.9822843454004],[-106.191633593945,40.9827580872158],[-106.191214924555,40.983116207328],[-106.190691299015,40.9833780200364],[-106.190122106687,40.98385224717],[-106.190086090311,40.9839703719362],[-106.189981716693,40.9843126871291],[-106.190091368394,40.9847247458259],[-106.190240793823,40.9851816151787],[-106.190294039233,40.9853443101345],[-106.190348909523,40.9855018223395],[-106.190553964685,40.986090458348],[-106.190927834503,40.986395655177],[-106.191400888934,40.9865673275336],[-106.19211810251,40.9867199258896],[-106.192835316481,40.9868191137052],[-106.193796689257,40.98684200285],[-106.194368933991,40.986994601321],[-106.194758187427,40.9876171933485],[-106.194837990124,40.9887347644647],[-106.194622934233,40.9904117492692],[-106.194108931143,40.9914392168245],[-106.193422809522,40.9922034600833],[-106.192476178907,40.9932031412459],[-106.191704914897,40.9939356069149],[-106.19165123373,40.9940448900534],[-106.191339116813,40.9946802835241],[-106.19129676317,40.9948458491083],[-106.191186358858,40.9952774227966],[-106.191161454204,40.9953747757522],[-106.191166157381,40.9954764768335],[-106.191187273429,40.9959330635424],[-106.19097169397,40.9963512270323],[-106.190277287961,40.9969148469941],[-106.191303917366,40.9975289040835],[-106.182336918124,40.9975006903109],[-106.163550180568,40.9974344422602],[-106.160020174133,40.9974236103868],[-106.144514590343,40.9973830115773],[-106.131765803969,40.997361032132],[-106.125637732195,40.9973513158203],[-106.106569112616,40.9973415836474],[-106.087893277618,40.9973984840463],[-106.016057480671,40.9973060971812],[-106.011584328552,40.997302752883],[-106.007878189306,40.9973074023413],[-106.001280588023,40.9973080391179],[-105.999988821227,40.9973081196238]]]},"properties":{"FID":6,"OG_CODE":3384,"CDE_Code":"1190","School":"Cache La Poudre","SchoolFull":"Cache La Poudre Middle","Address":"3511 N Us Hwy 287","City":"Laporte","State":"CO","Zip":80535,"Phone":"970-488-7400","BldgID":92300,"Loc_Code":"230","ArticArea":"Poudre HS","Shape_Leng":1147546.53489,"Shape_Area":41165208700.8,"Shape__Area":6674872882.2539063,"Shape__Length":461680.17047378951,"RIC":46,"RICNC":"39","FCI":"16","NSC":"61","FCA":23.42,"FCA_Remain":6.5799999999999983}},{"type":"Feature","id":7,"geometry":{"type":"Polygon","coordinates":[[[-105.001313797838,40.6057379647393],[-105.001308587609,40.6027132835332],[-105.001329300064,40.5956479036574],[-105.001309179599,40.5884583894085],[-105.006585453285,40.5885273682835],[-105.008412638251,40.5884967287512],[-105.009496497862,40.5885115409755],[-105.0096394854,40.5885165604722],[-105.009748078243,40.5885245890737],[-105.009925337409,40.5885444255616],[-105.010037719346,40.5885615994885],[-105.010170023221,40.5885872727102],[-105.01052717092,40.5885923597371],[-105.012908419685,40.5886269763412],[-105.01528976457,40.588661588152],[-105.017670928894,40.5886960648733],[-105.020081247141,40.5887309160936],[-105.020080883324,40.588880416353],[-105.020244205127,40.5888856554834],[-105.021608736162,40.5889102514214],[-105.021710223332,40.5889087308462],[-105.021872937874,40.5889154114168],[-105.023250376801,40.588942289911],[-105.023443627775,40.588946061672],[-105.023719007224,40.5889514317754],[-105.024244966331,40.5888079321234],[-105.024770957778,40.5886644212484],[-105.025541476035,40.5886794435472],[-105.026184406572,40.5888457323444],[-105.026827369448,40.5890120255034],[-105.027052656141,40.5890164139487],[-105.0283056793,40.5890408140539],[-105.029291911803,40.5890600098248],[-105.029409485104,40.589062297163],[-105.02951314979,40.5890633183814],[-105.029519346368,40.5886719170492],[-105.029529184717,40.5880504162638],[-105.029529245803,40.5880466499097],[-105.029533808346,40.5880377473692],[-105.029534763255,40.5880298599219],[-105.029536618276,40.5880219758847],[-105.029538528095,40.5880062003034],[-105.029540384014,40.5879983162634],[-105.029542293832,40.5879825406765],[-105.029544148853,40.5879746559515],[-105.029545103762,40.5879667684968],[-105.029548815601,40.5879510004065],[-105.02954977051,40.5879431122669],[-105.029555335574,40.5879194601217],[-105.029556290483,40.5879115719784],[-105.029561856444,40.5878879198221],[-105.02956370877,40.587880378909],[-105.029566463903,40.5878724982651],[-105.029572029865,40.5878488460949],[-105.029574782303,40.5878413085884],[-105.029578492345,40.5878255404686],[-105.029581245681,40.5878180029594],[-105.029583100702,40.5878101188972],[-105.029585855835,40.587802238245],[-105.02958770906,40.5877946973223],[-105.029593216631,40.5877792791548],[-105.029595071652,40.587771395088],[-105.029600580121,40.5877559769151],[-105.029606071523,40.5877429607299],[-105.029755581729,40.5873421203365],[-105.029859290431,40.5871630352626],[-105.029978794212,40.5869566740709],[-105.03027022386,40.5865986091673],[-105.030626227105,40.586273742546],[-105.031534921524,40.5855558338502],[-105.031672489527,40.5854472774001],[-105.031907024376,40.5852440675257],[-105.032154565932,40.5849822367764],[-105.032365328664,40.5847017292024],[-105.032511038997,40.5844566435567],[-105.03262800863,40.5842025222922],[-105.03272918588,40.5838889772277],[-105.032787204471,40.5835687400381],[-105.032790432118,40.5834823352179],[-105.03279149752,40.5834537980657],[-105.032778294082,40.5819927722524],[-105.03277281885,40.5816129210132],[-105.032766963631,40.5812470450038],[-105.032764646876,40.5811023307762],[-105.032762187289,40.5809372828592],[-105.032759254289,40.5807104707675],[-105.032754794154,40.5804441950569],[-105.032773542892,40.5802113793918],[-105.032782360755,40.5801018754669],[-105.032869166758,40.5797831259188],[-105.032971431868,40.5795714911813],[-105.033035347001,40.5794393039884],[-105.033240726129,40.5791536267485],[-105.033495433546,40.5788925076563],[-105.033836521165,40.5786344796514],[-105.033904280188,40.5785970072957],[-105.034226803223,40.5784202226697],[-105.034607643089,40.578270090429],[-105.035262504152,40.5780559257538],[-105.036951123087,40.577503657712],[-105.03743392084,40.5773141208068],[-105.037874744811,40.577076377603],[-105.038313433487,40.5767555899311],[-105.038643253536,40.5764299099558],[-105.038911188646,40.5760720718572],[-105.039131028854,40.5756402731955],[-105.039249862492,40.5752386117692],[-105.039294268911,40.5747971965399],[-105.039294969597,40.5745879621397],[-105.039297750781,40.5737579095564],[-105.03927174096,40.5713574432523],[-105.039225587318,40.5671793831049],[-105.039235502024,40.5671770199544],[-105.039256216276,40.5671743572303],[-105.039308447021,40.5671687315258],[-105.03931835454,40.5671673981164],[-105.039412000316,40.5671585050802],[-105.039437232195,40.5671564121594],[-105.039463321966,40.5671542475865],[-105.039504735199,40.5671513235023],[-105.039598358516,40.5671458615719],[-105.039640664675,40.5671439699588],[-105.039713570146,40.5671415140006],[-105.040083026561,40.5671382719173],[-105.042090259962,40.5671193312146],[-105.0420687507,40.5677708259376],[-105.042014009164,40.5678814377792],[-105.041854736965,40.5680459562973],[-105.041778702661,40.5682119613373],[-105.041770569315,40.5683498631926],[-105.041796930377,40.5684436375474],[-105.042832519016,40.5708425980024],[-105.042944303574,40.5711025837247],[-105.043099602523,40.5714260665141],[-105.043326203452,40.5717858571074],[-105.043446159983,40.5719462207437],[-105.043656893071,40.572190660324],[-105.043818573652,40.5723467474035],[-105.043900540431,40.572567025741],[-105.044104617002,40.5729541945924],[-105.044409554617,40.5731460098967],[-105.04494822219,40.5734316670732],[-105.045537244827,40.5736650979155],[-105.046862737775,40.574046745142],[-105.048500167112,40.5745129855812],[-105.050168994365,40.5749602617714],[-105.051372624556,40.5753485344091],[-105.05270375533,40.5758325959446],[-105.054177706557,40.5764601538205],[-105.055305558464,40.5769743806687],[-105.056074889148,40.577360942701],[-105.056984196218,40.577848109111],[-105.057734116106,40.5783033791881],[-105.057501930351,40.5789883843498],[-105.057431303905,40.5791841559384],[-105.057261188143,40.5797137143345],[-105.057116690536,40.5801247368992],[-105.05723172969,40.5801144755912],[-105.057347478512,40.580111296905],[-105.057463188708,40.58011522131],[-105.057578110182,40.5801262228784],[-105.057691500927,40.5801442313334],[-105.057802626121,40.5801691293192],[-105.057910767111,40.5802007564956],[-105.058015225907,40.5802389074905],[-105.058115324281,40.5802833359948],[-105.058210416344,40.5803337547623],[-105.05829988675,40.5803898369742],[-105.058383155187,40.5804512203341],[-105.058459685361,40.5805175077498],[-105.058528979605,40.5805882700633],[-105.058590591457,40.5806630494623],[-105.058637865299,40.5807824261514],[-105.058677234865,40.5809034591544],[-105.058708600441,40.581025844175],[-105.058731883875,40.5811492735076],[-105.058747026776,40.5812734380845],[-105.058753990516,40.5813980240643],[-105.058752757129,40.5815227203372],[-105.058743330208,40.5816472123842],[-105.058736229924,40.5817601229883],[-105.058737483972,40.581873159618],[-105.058747088759,40.5819859620454],[-105.058765013743,40.5820981727738],[-105.058791202328,40.5822094356736],[-105.058825570074,40.5823193966642],[-105.058868010081,40.582427707125],[-105.058918385806,40.5825340225315],[-105.058976537348,40.5826380051831],[-105.05904228145,40.5827393248861],[-105.059115407009,40.582837658953],[-105.059195684056,40.582932696296],[-105.059281484844,40.5830231556856],[-105.059373781349,40.5831098189846],[-105.059472285213,40.5831924146776],[-105.059576687416,40.5832706862589],[-105.059686662766,40.583344387457],[-105.059801868108,40.5834132890562],[-105.059921942319,40.5834771754856],[-105.060046510801,40.5835358475475],[-105.060175184584,40.5835891210529],[-105.060307562121,40.5836368302324],[-105.060443229288,40.5836788263713],[-105.060581762082,40.5837149771276],[-105.060722727513,40.5837451706249],[-105.060865685407,40.5837693120411],[-105.061062892561,40.5838012233697],[-105.061261828972,40.5838261274989],[-105.061462065246,40.583843969176],[-105.061663172885,40.5838547108839],[-105.061864717106,40.5838583294303],[-105.062066264021,40.5838548166295],[-105.062267380644,40.5838441806673],[-105.062467633985,40.5838264447359],[-105.062666592854,40.5838016456702],[-105.064669455052,40.5836941943167],[-105.064763322711,40.583691594333],[-105.064857100539,40.5836956815811],[-105.064949968373,40.5837064199017],[-105.06504111773,40.5837237165081],[-105.065129752702,40.5837474206221],[-105.065215101637,40.583777324839],[-105.065296419832,40.5838131692208],[-105.065372996718,40.583854639932],[-105.065444166645,40.5839013767454],[-105.065509307079,40.5839529709948],[-105.065567851185,40.5840089730807],[-105.065619287819,40.584068894517],[-105.065663167826,40.5841322133897],[-105.065699109421,40.5841983764036],[-105.065726799091,40.5842668070697],[-105.06574599519,40.5843369091166],[-105.06580898416,40.584820735743],[-105.065814350695,40.5848989092259],[-105.065811231744,40.5849771535682],[-105.065799649766,40.5850549345933],[-105.065779682912,40.5851317201737],[-105.065751467727,40.5852069870534],[-105.065715197349,40.5852802208471],[-105.065671118815,40.5853509208162],[-105.065619533059,40.5854186046435],[-105.065560792223,40.5854828097976],[-105.065495298751,40.5855430976261],[-105.065448212657,40.5856253512551],[-105.065409437776,40.5857100880303],[-105.06537919689,40.5857968222087],[-105.065357663374,40.5858850530413],[-105.065344961196,40.5859742750059],[-105.065341164018,40.5860639737143],[-105.065346293398,40.5861536340988],[-105.065360319693,40.5862427404124],[-105.065383162952,40.5863307803217],[-105.065414691124,40.5864172469536],[-105.065454723646,40.5865016436707],[-105.065503028754,40.5865834854353],[-105.065559330664,40.5866623008557],[-105.065623304187,40.5867376376439],[-105.06569458281,40.5868090612505],[-105.065772755104,40.5868761616865],[-105.065857372811,40.5869385535229],[-105.065947949043,40.5869958772547],[-105.066043962777,40.5870478033936],[-105.066144861549,40.5870940338324],[-105.066250065947,40.587134301844],[-105.066323534663,40.5871677908506],[-105.066400955067,40.5871956285321],[-105.066481582457,40.5872175461103],[-105.066564638892,40.5872333327928],[-105.066649326667,40.5872428371365],[-105.066734827417,40.5872459663657],[-105.066820319185,40.5872426911467],[-105.066904978214,40.5872330428598],[-105.066987988834,40.5872171149628],[-105.067068551545,40.5871950595809],[-105.067145890203,40.5871670902354],[-105.067219260104,40.5871334763865],[-105.067331435428,40.5871043240864],[-105.067446188918,40.5870817440579],[-105.067562858514,40.5870658672897],[-105.067680772276,40.5870567845186],[-105.067799249282,40.5870545489588],[-105.067917607711,40.5870591728905],[-105.068035164842,40.5870706290244],[-105.068151243347,40.5870888525483],[-105.068265173081,40.5871137377163],[-105.068376297376,40.5871451412597],[-105.068483976633,40.5871828823874],[-105.068590437774,40.5872256410407],[-105.068692492678,40.5872742447125],[-105.068789590679,40.5873284300628],[-105.068881206262,40.5873879057815],[-105.068966845353,40.5874523505415],[-105.069046046218,40.587521415046],[-105.069118379463,40.5875947281685],[-105.069183455219,40.5876718921777],[-105.069240923142,40.5877524916067],[-105.06929047062,40.5878360912062],[-105.069331831751,40.5879222386745],[-105.069364782854,40.5880104687497],[-105.069389145164,40.5881003059397],[-105.069407831021,40.5881606671314],[-105.069433915401,40.5882194121718],[-105.069467165643,40.5882760144187],[-105.069507284404,40.588329967697],[-105.069553912357,40.5883807890271],[-105.069606631786,40.5884280234001],[-105.069664970177,40.5884712478702],[-105.069728407406,40.5885100749659],[-105.070388932346,40.588255524318],[-105.072972600291,40.5900670764077],[-105.073956858297,40.590756371262],[-105.074554180469,40.5911757840115],[-105.07520956435,40.591635065831],[-105.075279356262,40.5917022275933],[-105.075355472312,40.5917659812717],[-105.075436112279,40.591825977616],[-105.075521278856,40.5918818735158],[-105.075611873952,40.591933671028],[-105.075669796423,40.5919625674642],[-105.075706099141,40.5919806784652],[-105.075803952624,40.5920232382749],[-105.075905437099,40.5920610080284],[-105.075914784968,40.5920639037382],[-105.076009656943,40.5920932974023],[-105.076116607666,40.592120793325],[-105.07622539185,40.5921431485905],[-105.076336009496,40.5921600214494],[-105.076447562288,40.5921714071307],[-105.076560049328,40.5921773063195],[-105.076673471514,40.5921777190171],[-105.07680944321,40.5921710087581],[-105.076905703083,40.5917493279654],[-105.076943032574,40.5915381055904],[-105.076973164764,40.5913261703799],[-105.076996997967,40.5911138695443],[-105.077011724049,40.5909183470691],[-105.077012502889,40.5907937999694],[-105.077024420837,40.588889214408],[-105.077031708869,40.5877243662727],[-105.07703600102,40.5870384961771],[-105.077045954353,40.5855912740915],[-105.077055376782,40.584229141388],[-105.077064826161,40.5828625484317],[-105.077073441903,40.5814853144134],[-105.077082933502,40.5801118577293],[-105.077094597227,40.5781033025116],[-105.07709189779,40.5769521390528],[-105.077091480073,40.5767311710157],[-105.077082461886,40.5753610815257],[-105.077089100436,40.5743029014773],[-105.077084245042,40.5737151559403],[-105.078932698521,40.5737218632747],[-105.079036800686,40.5736241094384],[-105.079045561955,40.5723614738168],[-105.079051045271,40.5714807143753],[-105.079055182013,40.5708161134642],[-105.08033210485,40.5708241598846],[-105.082604938639,40.5708793473034],[-105.083226535984,40.5709185844748],[-105.083733101363,40.5709321921296],[-105.084173191411,40.5709268260384],[-105.084875944356,40.5709396298697],[-105.085960185751,40.5709644255152],[-105.0859637853,40.57096443848],[-105.085985372715,40.5709662310428],[-105.086014164618,40.5709670198524],[-105.086028562815,40.5709670710294],[-105.086057368193,40.5709658011553],[-105.086071774475,40.570964480104],[-105.086086183453,40.5709628158251],[-105.086115006797,40.570958457584],[-105.08612852195,40.5709557608922],[-105.086142941707,40.5709523811567],[-105.086169981896,40.5709452716339],[-105.08619613365,40.570936443924],[-105.086245741315,40.5709180918097],[-105.086264676903,40.5709119833078],[-105.086284509908,40.5709062207628],[-105.086304338421,40.5709011446734],[-105.086344886576,40.5708927113629],[-105.086365608015,40.5708890109141],[-105.086367150422,40.570888786417],[-105.086386324064,40.5708859962389],[-105.08642774628,40.5708816830287],[-105.086576228813,40.5708822111769],[-105.086774051313,40.5708839300468],[-105.087383488165,40.5708892217639],[-105.087970829156,40.5708943196899],[-105.088239485613,40.5708966499558],[-105.088447944166,40.5708984575324],[-105.089840347229,40.5709107195739],[-105.091831429819,40.5709282248796],[-105.095869359716,40.5709523190618],[-105.095991571019,40.570953046459],[-105.09598206325,40.5717912456474],[-105.095973242692,40.5726651311641],[-105.095965372552,40.573379813609],[-105.095952487118,40.5746324844637],[-105.096652996969,40.574638727726],[-105.097020131239,40.5746419974212],[-105.097151125371,40.574643164877],[-105.098474942062,40.5746549458765],[-105.098698139274,40.5746536576496],[-105.098873676369,40.5746463717982],[-105.099049241312,40.5746339384956],[-105.099267194159,40.574609580215],[-105.099396874055,40.5745922471358],[-105.099749755655,40.5745756202577],[-105.100719957721,40.5745679761775],[-105.104974753505,40.5746041229873],[-105.105520086578,40.5746114641116],[-105.105990656463,40.5746302150547],[-105.109851198736,40.5746796009513],[-105.110547764983,40.5746802205009],[-105.110795237369,40.5746640760474],[-105.110988010439,40.5746514994602],[-105.111984637348,40.5745868922553],[-105.112537172215,40.5745938813022],[-105.112984418242,40.5745998311688],[-105.113976099027,40.5746127345988],[-105.114831551197,40.574624665715],[-105.114911982754,40.5746257874554],[-105.114915580507,40.5746261429461],[-105.114928169498,40.57462789993],[-105.114932667362,40.57462825815],[-105.114938959162,40.5746296514553],[-105.114942555119,40.5746303494725],[-105.114946151075,40.5746310474898],[-105.114959634787,40.5746338368294],[-105.114992873351,40.5746442409014],[-105.115014427528,40.5746522036181],[-105.115019815623,40.5746542799287],[-105.115076322349,40.5746877492557],[-105.115123007795,40.5747074615706],[-105.115129293307,40.5747098838172],[-105.115131985557,40.5747112655213],[-105.11513557792,40.5747126499546],[-105.115139169385,40.5747140343879],[-105.115142761748,40.5747154181388],[-105.115146355009,40.5747164593636],[-105.11514904726,40.5747178410675],[-105.115152639622,40.5747192255007],[-105.115157131199,40.5747206126632],[-105.115160723562,40.5747219970963],[-105.115163419406,40.5747226923833],[-105.11516701087,40.5747240768163],[-105.115169706715,40.574724771421],[-105.115173299077,40.574726155854],[-105.115176895033,40.5747268538703],[-105.115180486498,40.5747282383033],[-105.115185878186,40.5747296288771],[-105.115188572234,40.5747306673724],[-105.115191268078,40.574731361977],[-105.115197558082,40.5747330984884],[-105.115200253926,40.5747337937753],[-105.115211039997,40.5747362310321],[-105.115213734045,40.5747372695273],[-105.115218230113,40.5747379702727],[-105.115220923262,40.5747390087679],[-105.115224519218,40.574739706784],[-105.115230811018,40.5747411000869],[-105.115242498999,40.5747431975468],[-105.115246992372,40.5747442415005],[-105.115250590124,40.5747445969905],[-105.115254186081,40.5747452950066],[-105.115256881925,40.5747459902934],[-105.115260479677,40.5747463451011],[-105.115267673386,40.5747477411332],[-105.115272168556,40.5747484425608],[-105.115274867095,40.5747487946393],[-105.115277564736,40.5747491467177],[-105.115280262377,40.5747494987962],[-105.115282960017,40.5747498508747],[-105.115285658556,40.5747502029531],[-105.115288356197,40.5747505550316],[-105.115301847096,40.5747519715333],[-105.115306344961,40.5747523297526],[-105.115309942714,40.5747526845603],[-105.115319838555,40.5747534037283],[-105.115325236531,40.5747537646769],[-105.115332437427,40.57475344535],[-105.115641671683,40.5747580482977],[-105.11620258334,40.574766396513],[-105.119302732268,40.5748124880588],[-105.120301606761,40.5748274193083],[-105.120390680112,40.574828739601],[-105.123063362118,40.5748683135703],[-105.123947051033,40.5748814680428],[-105.124517582748,40.5748894873639],[-105.126322761684,40.5749158897761],[-105.127440424001,40.5749325138403],[-105.130229184512,40.5749736673197],[-105.131265861909,40.5749886251438],[-105.13230073549,40.5750039111604],[-105.13384045148,40.5750266112604],[-105.134364152222,40.5749745133969],[-105.134369158534,40.5749740344081],[-105.134374163946,40.5749735561015],[-105.134379135223,40.5749730498199],[-105.134384141534,40.5749725442205],[-105.134389112811,40.5749719833532],[-105.134394119122,40.5749714231682],[-105.134399090399,40.5749708623009],[-105.134404061676,40.5749702468479],[-105.134409032054,40.5749696307127],[-105.134414003331,40.5749690152597],[-105.134418975506,40.5749683445388],[-105.134423909952,40.5749676738179],[-105.134428882127,40.5749669751219],[-105.134433816573,40.5749662777904],[-105.134438752815,40.5749655238264],[-105.134443689058,40.574964771227],[-105.1344486253,40.5749640186276],[-105.134453561543,40.5749632100779],[-105.134458496887,40.5749624028929],[-105.134463398095,40.5749615943432],[-105.134548288889,40.5749471216431],[-105.134820723661,40.5749006542311],[-105.134827461924,40.5748995229428],[-105.134834235221,40.574898418265],[-105.134841009416,40.5748973688552],[-105.134847782714,40.5748963474205],[-105.134854591943,40.5748953532787],[-105.134861399377,40.5748944144049],[-105.134868208606,40.5748935021415],[-105.134875017836,40.5748926171711],[-105.134881861202,40.574891760858],[-105.134888669534,40.5748909591307],[-105.134895513798,40.5748901840139],[-105.134902357164,40.5748894648473],[-105.134909236462,40.5748887722914],[-105.134916079828,40.5748881070282],[-105.134922959126,40.5748874704225],[-105.134929837527,40.5748868877202],[-105.134936716825,40.5748863329931],[-105.134943595225,40.574885833534],[-105.134950473625,40.5748853333926],[-105.134957351127,40.574884915812],[-105.135470282866,40.5748534485151],[-105.135469101582,40.5749361676677],[-105.136481228921,40.5748741979096],[-105.143345036818,40.5744522572638],[-105.146347733808,40.5742815309877],[-105.147741505904,40.5742022588301],[-105.150433871795,40.5740225551832],[-105.153355993498,40.5738274460459],[-105.1532893403,40.5750201995013],[-105.168166492434,40.5749438253523],[-105.168684949711,40.5747745857462],[-105.169193557858,40.5743713238436],[-105.169465626117,40.5735678073016],[-105.169793009037,40.5729731882309],[-105.170232007632,40.5733804031477],[-105.170627735277,40.5736990474176],[-105.170684821417,40.5741900724478],[-105.170739202729,40.5747997545654],[-105.170685525696,40.5754034608633],[-105.1705563255,40.5759188639491],[-105.169966350649,40.5756747941561],[-105.169247937374,40.5756277957272],[-105.168512845977,40.5759376233959],[-105.168399664539,40.5763883998439],[-105.16857291093,40.5768019953299],[-105.168765024637,40.5775263624223],[-105.168980844884,40.5782826888514],[-105.168997703567,40.5789902169522],[-105.168970240272,40.579606551156],[-105.16918739272,40.5801674891486],[-105.169336722365,40.5809108896458],[-105.169424542565,40.581524716611],[-105.169266499263,40.5822301834689],[-105.16953483053,40.582756436173],[-105.169828368523,40.5820422420887],[-105.169979663682,40.5814493009497],[-105.170276417644,40.5806900008637],[-105.170559211787,40.5798889010769],[-105.170892732896,40.5793036069057],[-105.171118742733,40.5788698839188],[-105.171412971532,40.578269045848],[-105.17177445989,40.5786011971976],[-105.172189000055,40.5789913720511],[-105.172522347789,40.5786016891239],[-105.172855416146,40.5782689059793],[-105.173417216237,40.578086617147],[-105.173988013853,40.5773616488773],[-105.174222528041,40.5763174017859],[-105.174762405646,40.5760508056437],[-105.175209442365,40.5765315788495],[-105.175258007086,40.5770347259739],[-105.175511538609,40.5776611631656],[-105.175170130292,40.5780745242635],[-105.174678385319,40.578269978534],[-105.174255217734,40.5790522941093],[-105.173476679319,40.5792648440576],[-105.172925278126,40.5796331482013],[-105.1723888779,40.5801060297966],[-105.172352285027,40.5808027964169],[-105.172515439744,40.5814471614003],[-105.173230281318,40.5816507205252],[-105.174047759904,40.5818880770112],[-105.17468062392,40.5817643358886],[-105.175067782537,40.5814679667414],[-105.175440341733,40.5809734985472],[-105.175938618356,40.5804679187542],[-105.176577486711,40.5806280937452],[-105.177203109408,40.5811006490107],[-105.177894995433,40.5818551066],[-105.178259967458,40.5821755655371],[-105.178286474946,40.5825841585185],[-105.178089128552,40.5830261977858],[-105.177386699899,40.5829751881822],[-105.176945393533,40.5836166996112],[-105.177146432002,40.5842756930566],[-105.176940460883,40.5846558300342],[-105.176299927052,40.5843713969363],[-105.175785922724,40.5837415056807],[-105.175115145312,40.5830850462606],[-105.174170653029,40.5830887126052],[-105.17340403885,40.5829976256448],[-105.172488135451,40.5831651954831],[-105.172287202983,40.5836975611284],[-105.172470213163,40.584297312777],[-105.172213055141,40.5849650387349],[-105.172136669596,40.5858111997812],[-105.172037232382,40.5864483438325],[-105.172009629849,40.5870262889384],[-105.172321709968,40.5875896062739],[-105.172844586057,40.5882204941175],[-105.173725019477,40.5882278971908],[-105.1743601194,40.5879123380758],[-105.175059212609,40.5878501265637],[-105.175536185685,40.5876480584738],[-105.176117707389,40.5878515966809],[-105.176469686182,40.5883715433926],[-105.175782881029,40.5885424929403],[-105.175151344723,40.5885898704572],[-105.174673299058,40.5887303580704],[-105.174154913647,40.5889726843373],[-105.173485257331,40.5893625776701],[-105.173406477776,40.5901564237689],[-105.173654363387,40.5906421278956],[-105.173954920816,40.5910809391529],[-105.174391344839,40.5914940686133],[-105.173968886026,40.5918432080006],[-105.173833248503,40.5923747603527],[-105.173804326344,40.592911541155],[-105.173413601416,40.5931894303692],[-105.17300925174,40.5936740538006],[-105.172567427944,40.5931708722153],[-105.172239749478,40.5926599247738],[-105.17197399458,40.5922470467241],[-105.171541298565,40.5918813243868],[-105.171388450219,40.5923562183441],[-105.171554075303,40.5928087743572],[-105.17171145565,40.5933552338693],[-105.171853474804,40.5939100531589],[-105.171996065288,40.594296125099],[-105.172150775841,40.5947565300809],[-105.172330692223,40.5949739897927],[-105.172330150539,40.5950887127883],[-105.172326285986,40.5952593348025],[-105.172311364969,40.5958678528898],[-105.172311082,40.5958793886854],[-105.172310808912,40.5958904940695],[-105.172328904575,40.5959017399658],[-105.172336838496,40.5959127177924],[-105.172345052691,40.5959235626062],[-105.172353551652,40.5959342853213],[-105.172362315616,40.5959448750239],[-105.172371351769,40.595955331032],[-105.172380658315,40.5959656540277],[-105.172390228966,40.5959758330975],[-105.17240006462,40.5959858614203],[-105.172410156294,40.5959957574131],[-105.172420506683,40.5960054972021],[-105.172431113092,40.5960150869266],[-105.172441961147,40.5960245156727],[-105.172453067019,40.5960337895795],[-105.172464408249,40.5960429018261],[-105.17247598394,40.5960518524125],[-105.172487809362,40.5960606372461],[-105.172499862957,40.5960692440491],[-105.172512144723,40.59607768851],[-105.172524646577,40.5960859501657],[-105.172537382891,40.5960940392479],[-105.172550326716,40.5961019509818],[-105.172563488832,40.5961096778645],[-105.172576859357,40.5961172171674],[-105.172590433799,40.596124577076],[-105.172604213955,40.5961317371272],[-105.17261818725,40.5961387191484],[-105.172632350088,40.5961455013123],[-105.172646720438,40.5961520877115],[-105.172661252484,40.5961584803925],[-105.172675967787,40.5961646718522],[-105.172690874431,40.5961706627727],[-105.172705936483,40.596176453154],[-105.172721167419,40.5961820327648],[-105.172736560051,40.5961874118365],[-105.172752116177,40.5961925787735],[-105.172767811542,40.5961975397147],[-105.172783683874,40.5962022892034],[-105.1727996667,40.5962068204186],[-105.172815804036,40.5962111470024],[-105.172832067136,40.5962152498558],[-105.172855662285,40.5962036963835],[-105.172876602014,40.5961930685241],[-105.172897638761,40.5961820436784],[-105.172918435659,40.5961707671346],[-105.17293900618,40.596159249806],[-105.172959322479,40.5961474978317],[-105.17297939713,40.5961355105292],[-105.172999224745,40.5961232878984],[-105.173018789154,40.5961108360782],[-105.173038084068,40.5960981653002],[-105.173057109487,40.5960852714713],[-105.173075858226,40.5960721580021],[-105.173094329384,40.5960588330778],[-105.173112507693,40.5960453055655],[-105.17313038776,40.5960315700082],[-105.173147975875,40.5960176339091],[-105.173165248681,40.5960035013606],[-105.173182224145,40.5959891778195],[-105.173198877114,40.5959746694245],[-105.173215210282,40.5959599754935],[-105.173231213769,40.5959451028475],[-105.173246894761,40.5959300671746],[-105.173262234392,40.5959148466474],[-105.173277237156,40.5958994685501],[-105.173291896763,40.5958839328825],[-105.173306212316,40.5958682403267],[-105.17332016405,40.5958523963393],[-105.173333764544,40.5958364056951],[-105.173347005711,40.5958202806718],[-105.173359875874,40.5958040205873],[-105.173372379524,40.5957876193025],[-105.173384510374,40.5957710952342],[-105.173396261236,40.5957544579319],[-105.173407639298,40.5957376957995],[-105.173418622999,40.5957208279361],[-105.173429224916,40.5957038577521],[-105.17343943337,40.5956867804727],[-105.173470560893,40.5956344906563],[-105.173499883701,40.595582943617],[-105.173528000071,40.5955311359717],[-105.173554923478,40.5954790684018],[-105.173580640448,40.5954267743304],[-105.173605032403,40.5953742871803],[-105.173628284396,40.5953215892161],[-105.173650305697,40.5952687049934],[-105.173671090916,40.5952156433794],[-105.173690632867,40.5951624330223],[-105.173708940532,40.5951084436476],[-105.173857672797,40.5951105636607],[-105.17390573536,40.5951386081271],[-105.173932164694,40.5951540082271],[-105.173958644333,40.595169434926],[-105.173985148227,40.5951848854953],[-105.174011700631,40.5952003572067],[-105.174038269203,40.5952158350534],[-105.174064844963,40.5952313244925],[-105.17409142701,40.5952468187028],[-105.174118602844,40.5952502108532],[-105.174134876724,40.595251946832],[-105.174151226062,40.5952534658986],[-105.174167640977,40.595254778967],[-105.174184125063,40.5952558798981],[-105.174200652267,40.5952567686919],[-105.174217238761,40.5952574405736],[-105.174233863882,40.595257900318],[-105.174250533919,40.5952581424683],[-105.174267240786,40.5952581840772],[-105.174283971908,40.5952580012708],[-105.174300732675,40.5952576076914],[-105.174317516798,40.5952570019747],[-105.174334315294,40.5952561779817],[-105.174351109298,40.5952551479904],[-105.174367932048,40.5952538997228],[-105.174384741324,40.59525244],[-105.174401545209,40.595250762683],[-105.174418341909,40.5952488895994],[-105.174435118845,40.5952467934645],[-105.17445134691,40.5952444954241],[-105.174459151474,40.5952433276457],[-105.174468117559,40.5952419859284],[-105.174484860359,40.5952392704342],[-105.174501560938,40.5952363421205],[-105.174518223788,40.5952332078083],[-105.174534846214,40.5952298668155],[-105.174551408453,40.595226323917],[-105.174567915895,40.595222570245],[-105.17458436315,40.5952186201241],[-105.174600746624,40.5952144633224],[-105.174617058233,40.595210105979],[-105.174633297078,40.5952055521866],[-105.1746494416,40.5952007985344],[-105.174665521444,40.5951958477509],[-105.174681491693,40.5951907025645],[-105.174699698747,40.5951834646515],[-105.174711749647,40.5951788992613],[-105.174723888581,40.5951744798432],[-105.174736106567,40.5951702057151],[-105.174748404504,40.5951660823341],[-105.174760775203,40.5951621090179],[-105.174773218667,40.5951582878131],[-105.17478572591,40.5951546173553],[-105.174798291545,40.5951511024194],[-105.174810929942,40.5951477389128],[-105.174823612357,40.5951445322923],[-105.174836343282,40.5951414818759],[-105.174849126308,40.5951385869815],[-105.174862223745,40.5951248614698],[-105.174875021145,40.5951250422302],[-105.174887855375,40.5951252229906],[-105.174900725538,40.5951254092079],[-105.174913631634,40.5951255954252],[-105.174926325727,40.5951257707287],[-105.174938903938,40.595125950807],[-105.174951533352,40.5951261322496],[-105.174964204988,40.5951263123279],[-105.174976922437,40.5951264930882],[-105.175195979314,40.5951296103525],[-105.175208806358,40.5951297917951],[-105.175221601961,40.5951299725554],[-105.175234369716,40.5951301533158],[-105.175247093454,40.5951303340763],[-105.175259474035,40.5951305134724],[-105.175271656089,40.5951306867296],[-105.175290781221,40.5951548110758],[-105.175298000083,40.5951624105125],[-105.175304662887,40.5951715760828],[-105.175318073836,40.595187094863],[-105.175337105544,40.5952031436422],[-105.175343931841,40.5952088993196],[-105.175349560685,40.5952198711208],[-105.175358147681,40.5952366320187],[-105.175377231491,40.5952618442976],[-105.175395660429,40.5952873451008],[-105.175413438987,40.595313128289],[-105.175430555486,40.5953391843122],[-105.175447011724,40.5953655043028],[-105.17546278614,40.595392086214],[-105.175484552319,40.5954181599414],[-105.175487717982,40.5954344658212],[-105.175494831741,40.59544575886],[-105.175495945652,40.595453134531],[-105.175506092123,40.5954732765958],[-105.175515183074,40.5954904630675],[-105.175520537033,40.5955005794555],[-105.175523042434,40.595509527386],[-105.175531524327,40.5955285425871],[-105.175552292478,40.5955734438692],[-105.175573075002,40.5956183901404],[-105.175582538754,40.595638853429],[-105.1755889662,40.5956527677795],[-105.175595393646,40.5956666664387],[-105.175601813007,40.5956805473601],[-105.175608226978,40.5956944173649],[-105.175614624779,40.5957082532614],[-105.175633378009,40.595729083497],[-105.175642124905,40.5957387967226],[-105.175652373784,40.5957497752579],[-105.175661442277,40.5957593213641],[-105.175671977719,40.5957701443754],[-105.175681296841,40.5957795526928],[-105.175692118846,40.5957902194982],[-105.17570167153,40.5957994879806],[-105.175712757639,40.5958099944874],[-105.175722561852,40.5958191244993],[-105.175733919252,40.5958294638867],[-105.175743965112,40.5958384499712],[-105.175755592905,40.5958486290604],[-105.175765874124,40.5958574637145],[-105.175777767818,40.5958674695455],[-105.17578827631,40.5958761554978],[-105.175800434109,40.5958859901172],[-105.175811171672,40.5958945246394],[-105.175823585491,40.595904180544],[-105.175834550327,40.5959125615899],[-105.175847214776,40.59592203878],[-105.1758583997,40.5959302636212],[-105.175871321067,40.5959395580044],[-105.175882725179,40.5959476211842],[-105.175895897176,40.5959567382172],[-105.175907507901,40.5959646335969],[-105.175920922443,40.5959735562274],[-105.175932746069,40.595981290628],[-105.17594639597,40.5959900236308],[-105.175958432496,40.5959975977347],[-105.175984464775,40.5960136258562],[-105.176005281435,40.5960286744703],[-105.17602611157,40.5960437339947],[-105.176047530999,40.5960583378694],[-105.176069338501,40.5960726409325],[-105.176091529584,40.5960866329528],[-105.176114108738,40.5961003077914],[-105.176137049914,40.5961136709053],[-105.176160349518,40.5961267120633],[-105.176184010244,40.5961394299012],[-105.176208024906,40.5961518189624],[-105.176232369251,40.5961638751545],[-105.176257053158,40.5961755916566],[-105.176282067645,40.5961869677869],[-105.17630739834,40.5961980049095],[-105.176333038953,40.5962086914291],[-105.176358938281,40.5962187811063],[-105.176385056798,40.5962289553628],[-105.176402311638,40.5962293052819],[-105.176419612292,40.5962296545189],[-105.176434203627,40.5962296838493],[-105.176451571655,40.5962295201445],[-105.176468954055,40.5962291272529],[-105.176486375084,40.5962285174524],[-105.17650379701,40.596227684604],[-105.17652122792,40.5962266334825],[-105.176538674101,40.596225358631],[-105.176556121181,40.5962238675526],[-105.176573553887,40.5962221513801],[-105.176590981204,40.5962202189806],[-105.176608395045,40.5962180628512],[-105.176625788226,40.5962156952695],[-105.17664315266,40.5962131094146],[-105.176660482061,40.5962102998296],[-105.176677781816,40.596207283567],[-105.176695033063,40.5962040442564],[-105.176712240292,40.5962006044071],[-105.176729398114,40.5961969353708],[-105.176746490359,40.5961930644314],[-105.1767635314,40.5961889820397],[-105.176780495186,40.5961846875134],[-105.176797384412,40.5961801856272],[-105.176814195484,40.5961754777453],[-105.1768308763,40.5961704670088],[-105.176847564303,40.5961654514972],[-105.176880376167,40.596151920596],[-105.177031484476,40.5960763427168],[-105.177650297045,40.5957668334223],[-105.178500716853,40.5953414707535],[-105.179137999682,40.5950227072032],[-105.179606291439,40.5947884682265],[-105.180149284401,40.5946171185529],[-105.180211755042,40.5950242276393],[-105.179832286005,40.5953033372406],[-105.179397685562,40.5955658833595],[-105.179008489567,40.5958336663513],[-105.178624694243,40.5962071109948],[-105.178441043565,40.5966852783155],[-105.177508602182,40.5967591202488],[-105.176701368881,40.5969033920236],[-105.176306556618,40.5973725077811],[-105.176395483543,40.5979102811396],[-105.176420366877,40.5984874894397],[-105.176350716899,40.5991225838096],[-105.175771484103,40.5995281799131],[-105.17499767891,40.5994837396384],[-105.174600858913,40.5991481056486],[-105.174345326842,40.5987729374533],[-105.16814298532,40.6002919934995],[-105.167276812655,40.6002939755718],[-105.167310372816,40.598922611017],[-105.16238490113,40.5989271297705],[-105.162293367294,40.6026340587115],[-105.162206481341,40.6061715128008],[-105.162159999813,40.6080538917352],[-105.161851625244,40.6079957240296],[-105.160886064773,40.6082406415627],[-105.159629644186,40.6090254394699],[-105.157409050126,40.6097670768168],[-105.157226308543,40.6098281181439],[-105.1526901137,40.6113433133937],[-105.152689607949,40.6112748170101],[-105.152683813815,40.609814631608],[-105.152675412771,40.6076866538796],[-105.150891775435,40.6076798756147],[-105.150400160717,40.6076798660668],[-105.14990854061,40.6076800856666],[-105.149512359315,40.6076802507073],[-105.149094578029,40.6076803796028],[-105.146361028874,40.6076694030268],[-105.145539879771,40.6076662263324],[-105.143098036047,40.6076556098431],[-105.133622415987,40.6076252314116],[-105.133511587237,40.6076256937989],[-105.133331579228,40.6076266144816],[-105.131859526141,40.6076068641295],[-105.128183419674,40.607557458216],[-105.124047709955,40.6075011280374],[-105.12404807018,40.6074799154644],[-105.121978024778,40.6074451415337],[-105.116444001081,40.60739865237],[-105.115673570859,40.6073712500253],[-105.114636314947,40.6073583092675],[-105.114498931997,40.6073572269494],[-105.114493933771,40.6079174534274],[-105.114491184028,40.6084952668424],[-105.114490675581,40.6085844136268],[-105.114489084665,40.6087191810956],[-105.114487705751,40.608835938703],[-105.114486052851,40.6089455531139],[-105.114485054822,40.6090488495503],[-105.114490838176,40.609187262583],[-105.114485229994,40.609255029352],[-105.114479092704,40.6093291772441],[-105.114478682174,40.6094315960757],[-105.114481731056,40.6095210798671],[-105.114475382662,40.6096171827096],[-105.114467427182,40.609776999412],[-105.114465202055,40.6098460626795],[-105.114465527245,40.6099772970805],[-105.114463325474,40.6101461502759],[-105.114462342717,40.6102583328462],[-105.114464246247,40.6103760568284],[-105.114462349005,40.6104941952336],[-105.114455361011,40.6106705602341],[-105.114447350733,40.6108612601295],[-105.114443339756,40.610979918007],[-105.114439603662,40.611065287554],[-105.114434176041,40.6111724071411],[-105.114425501909,40.6113436107236],[-105.114415251233,40.6115459065753],[-105.1143981527,40.6117019652364],[-105.114367570455,40.6118538629925],[-105.114322603486,40.6120019381153],[-105.114283498026,40.6121017505617],[-105.114183848809,40.6123550722649],[-105.113994567491,40.612143001874],[-105.113987095304,40.6121322101551],[-105.113521022385,40.6117503308473],[-105.113221590545,40.6117028899546],[-105.113009700427,40.6116693177644],[-105.111518800686,40.6118645511008],[-105.111052350475,40.6117821081182],[-105.11017110408,40.6118080411096],[-105.109416401562,40.6120690439561],[-105.109055447701,40.6122302834593],[-105.108542700116,40.612427112938],[-105.108302622662,40.6124796951267],[-105.107782710115,40.6125109503686],[-105.10760592526,40.6124993519771],[-105.107303282841,40.6124075638125],[-105.106911292187,40.6121641938724],[-105.105791234063,40.6123694441266],[-105.104971880692,40.6125261514324],[-105.104969401342,40.6126979530135],[-105.100246401836,40.612653349647],[-105.100231135866,40.6142770711201],[-105.10022939583,40.6144621744555],[-105.097211193019,40.6144270666089],[-105.095597891532,40.6144176936481],[-105.095463705687,40.614416797608],[-105.095471672845,40.6142330034329],[-105.095487188546,40.6129765066951],[-105.095498813645,40.6119820929024],[-105.095498477675,40.611726849427],[-105.095507568625,40.6109440568182],[-105.091733673353,40.6107946113495],[-105.091470326838,40.6109260696144],[-105.091019324954,40.611123800383],[-105.090795374954,40.6116723074153],[-105.090781379202,40.6143927020346],[-105.090719200513,40.6143923638032],[-105.090710446431,40.6150925311881],[-105.090683388276,40.6172566525436],[-105.090932730954,40.6176543582969],[-105.09534294157,40.6177041726947],[-105.095339042881,40.6180347091779],[-105.090797079058,40.6179847654691],[-105.090390924667,40.6179788208261],[-105.087502505059,40.6179469244455],[-105.085913936887,40.6179293509836],[-105.085904423728,40.6188632767045],[-105.083524673352,40.6188331638436],[-105.083505658713,40.6180107942441],[-105.083503191041,40.6179030221487],[-105.083511054893,40.6173534772901],[-105.082960595134,40.6173547333276],[-105.082343053682,40.6173576620362],[-105.082211897854,40.6178883248556],[-105.082146236397,40.6181670430514],[-105.0810819915,40.6181635572826],[-105.08108424717,40.6179034067303],[-105.080900546186,40.6179039767839],[-105.080222696337,40.6179004848645],[-105.079533363324,40.617882745693],[-105.079269868586,40.6178736446063],[-105.07949926597,40.6184506511862],[-105.078394789125,40.6178457385543],[-105.077585035152,40.6174022622622],[-105.077553865408,40.6173846361517],[-105.076857470739,40.6169988496218],[-105.076805416961,40.6169701808493],[-105.076729893799,40.6168076169549],[-105.076705903391,40.6167557166568],[-105.076683717698,40.616703481508],[-105.076662433016,40.6166512551832],[-105.076642052038,40.6165983407847],[-105.076623473082,40.6165454324814],[-105.076605796932,40.6164921872792],[-105.076589023589,40.6164389454441],[-105.076574046877,40.6163850230325],[-105.076559976564,40.6163314449361],[-105.076548906625,40.6162841082171],[-105.076500476651,40.6161981002607],[-105.076459906937,40.616205500918],[-105.076418443398,40.6162118691785],[-105.07636707234,40.6162185442932],[-105.076239146854,40.6162269991647],[-105.076158571566,40.6162296653913],[-105.075762675037,40.6162427619499],[-105.075095634616,40.6162249848337],[-105.075008906767,40.6162197096594],[-105.074922187901,40.6162127808782],[-105.074746541212,40.6162055268302],[-105.074299528747,40.6162352978802],[-105.073817829634,40.6163430494814],[-105.072816808166,40.6167144000029],[-105.072506744765,40.6169016295456],[-105.07226940268,40.6171234379103],[-105.072173953088,40.6172647915692],[-105.072055264079,40.6175206603174],[-105.072017195274,40.6177016831349],[-105.072013892169,40.6177967125193],[-105.069228509324,40.617802315555],[-105.069246278,40.6167080999798],[-105.069245894419,40.6159838627088],[-105.069149145863,40.6159816390266],[-105.068648022479,40.615980760737],[-105.068190119737,40.6159797972095],[-105.068082942639,40.615981879738],[-105.06797489148,40.6159793560189],[-105.067825700176,40.6159781824657],[-105.067506639248,40.6159785090967],[-105.066909615317,40.6159761435787],[-105.066912405484,40.6157598295987],[-105.066922131544,40.6150058711539],[-105.066090716494,40.6150012702942],[-105.065025039683,40.6149953622089],[-105.065029056949,40.6147591079248],[-105.065040186177,40.6143226805969],[-105.065038808161,40.6142225550573],[-105.065080189953,40.614140192723],[-105.065092060291,40.6132755927993],[-105.065093143659,40.6131970794766],[-105.06510024035,40.6126546330504],[-105.065105259237,40.61229435103],[-105.065113574942,40.6117019052252],[-105.065118749238,40.6113177143771],[-105.065122255363,40.6110527369063],[-105.065124305318,40.6108746550723],[-105.065095806266,40.6108142386897],[-105.064857939565,40.6107854397379],[-105.064637965508,40.6108218295267],[-105.064368863487,40.6109045539771],[-105.064041017036,40.6110403765209],[-105.063695739675,40.6111671820322],[-105.063328701524,40.6112914013493],[-105.063041103191,40.6114019637328],[-105.062899582601,40.6115087574912],[-105.062629410686,40.61182372515],[-105.062439258002,40.6119672142738],[-105.062216849511,40.6120609363488],[-105.062218031693,40.6122311181541],[-105.062215878432,40.6125402709406],[-105.062209631547,40.6130850927807],[-105.062203383764,40.613357482259],[-105.062192375809,40.6141149807452],[-105.062060691771,40.614115595156],[-105.061151138563,40.614106226925],[-105.059997990098,40.6140963813478],[-105.059768201946,40.6140945162934],[-105.059767024255,40.6147147882471],[-105.059759029249,40.615321590839],[-105.059935348776,40.615321329668],[-105.059928755142,40.6159358881648],[-105.059924461195,40.6165234754209],[-105.059922370815,40.6166908221343],[-105.05990908563,40.6176265912579],[-105.059893347147,40.6177197155647],[-105.057388015888,40.6176984257732],[-105.057373772201,40.6186639984822],[-105.057264659233,40.6186634625288],[-105.056817005371,40.6186658606816],[-105.056298886759,40.6186470313956],[-105.056084703243,40.6186403265211],[-105.055926257495,40.618887304524],[-105.055777113801,40.6191195709541],[-105.055765008104,40.6193789810357],[-105.054173834818,40.6193612320288],[-105.053580411335,40.6193548381575],[-105.054565004412,40.6201319832558],[-105.054693779705,40.620132821943],[-105.055047949489,40.6203591062004],[-105.055183570842,40.6205611811091],[-105.055490572785,40.6208090561469],[-105.055841598466,40.6211267046338],[-105.056114776144,40.621374515525],[-105.056090115592,40.6248970386529],[-105.054735103106,40.6249035601741],[-105.054045276918,40.6249129193911],[-105.05315462067,40.6249071308174],[-105.050291729385,40.624888619651],[-105.050479189819,40.6249956673032],[-105.050238009233,40.6252376575686],[-105.050170006766,40.6253056780542],[-105.050151819475,40.6253320251074],[-105.050142847102,40.6253268440597],[-105.049898142425,40.6251512541002],[-105.049420856735,40.6248735454897],[-105.04875348214,40.6248743902537],[-105.04841033738,40.624875118428],[-105.047150417855,40.6248654189819],[-105.03887101419,40.6248037825347],[-105.038684136763,40.6248023841385],[-105.038685283912,40.6251145639384],[-105.038698966152,40.6254005527603],[-105.038732134647,40.6256925470407],[-105.038742389815,40.6257628572361],[-105.038769471325,40.6259488478141],[-105.038817599465,40.6263451518614],[-105.03884647042,40.6266967211627],[-105.038846138043,40.6279664488644],[-105.038826264614,40.6294789324893],[-105.038797402643,40.6316752895721],[-105.038789542384,40.6321788711979],[-105.038722370858,40.6356673693352],[-105.038673565389,40.6376790065409],[-105.038329101902,40.6376767604039],[-105.037833168983,40.6370171631429],[-105.036980138671,40.6364371559446],[-105.036327584482,40.6358150528693],[-105.035436526687,40.6353111298656],[-105.034730741029,40.635155816925],[-105.034444940225,40.6348735136145],[-105.034153939074,40.6344386956558],[-105.033839012193,40.6338596116018],[-105.033766872984,40.6334221085471],[-105.033714623374,40.6328357511629],[-105.033149021613,40.6317698170861],[-105.024764169209,40.6317618386735],[-105.02478318834,40.6304399709997],[-105.019847365367,40.6303990609545],[-105.019791490157,40.631892473726],[-105.010296188907,40.6318218018441],[-105.010234964229,40.6390720604917],[-105.010124156141,40.6390726235479],[-105.007250682702,40.6390519179341],[-105.00268685119,40.6390149811479],[-105.001174104421,40.639000989254],[-105.000729470695,40.6389985795614],[-105.001028695923,40.6317858938948],[-105.001137806195,40.6295947504828],[-105.001174428713,40.6278064350025],[-105.001286772022,40.6257012420713],[-105.001308500472,40.6245551089163],[-105.001324795912,40.6229897203529],[-105.00127228579,40.6172992351291],[-105.001288571348,40.6143402509159],[-105.001322635463,40.610095753985],[-105.001313797838,40.6057379647393]]]},"properties":{"FID":7,"OG_CODE":6901,"CDE_Code":"5168","School":"Lincoln","SchoolFull":"Lincoln Middle","Address":"1600 Lancer Dr","City":"Fort Collins","State":"CO","Zip":80521,"Phone":"970-488-5700","BldgID":92500,"Loc_Code":"250","ArticArea":"Poudre HS","Shape_Leng":199864.067759,"Shape_Area":678484108.65,"Shape__Area":109454350.30078125,"Shape__Length":80267.309869961668,"RIC":46,"RICNC":"72","FCI":"32","NSC":"61","FCA":20.97,"FCA_Remain":9.0300000000000011}},{"type":"Feature","id":9,"geometry":{"type":"Polygon","coordinates":[[[-105.043599358672,40.5232263073266],[-105.043704122895,40.5228940805898],[-105.043981901744,40.5220131702131],[-105.044045814182,40.5218104826879],[-105.044169445721,40.5214184059844],[-105.044230828503,40.5212237389963],[-105.04446506062,40.5204808904257],[-105.044953030872,40.5191103448606],[-105.045216485185,40.5183703622092],[-105.045289672728,40.5181647920781],[-105.04535047969,40.5179896070075],[-105.045395800594,40.5178590389236],[-105.045517048005,40.517509718402],[-105.045941095938,40.5162879884757],[-105.046376258726,40.5150341911137],[-105.046628033144,40.5143087483098],[-105.04684771435,40.51367576438],[-105.04688911321,40.5135564790463],[-105.047068653198,40.5130391486853],[-105.047097063317,40.5129568263423],[-105.047187118526,40.5126854703842],[-105.047400205199,40.5120784154693],[-105.048015756883,40.5102946641592],[-105.048259738416,40.5095876250637],[-105.048436297793,40.5090759616018],[-105.048496791243,40.5089009979783],[-105.047839750868,40.5089010123212],[-105.045888839141,40.5089246254568],[-105.045602467907,40.5088589986361],[-105.045393102953,40.5087068581157],[-105.045184675841,40.508568724155],[-105.045116748832,40.5084892676469],[-105.044964657767,40.5082640746809],[-105.044885765922,40.5079421137864],[-105.043451411535,40.5075916446894],[-105.04308282918,40.5074766917818],[-105.042320306828,40.5071544860043],[-105.042246273072,40.5071147654619],[-105.041769088891,40.5069922398541],[-105.04140166177,40.5068811060179],[-105.04101693669,40.5067647380505],[-105.040320676768,40.506557139975],[-105.040076109534,40.5064278391679],[-105.039481610767,40.5060758922937],[-105.03930153179,40.5060744087689],[-105.039301791403,40.5091035326122],[-105.03932816055,40.5148722105659],[-105.039340098262,40.5174775828876],[-105.039355293265,40.5207935716566],[-105.039367264214,40.5233210141448],[-105.03605583243,40.5232967088921],[-105.032051197691,40.5232717091749],[-105.026822600292,40.5232175504865],[-105.023663633273,40.5231905697975],[-105.02132665079,40.5232517188177],[-105.020614468229,40.523369739342],[-105.020319292607,40.5233829517334],[-105.015554001316,40.523348752741],[-105.010664970688,40.5233073660848],[-105.007451007909,40.5232912652354],[-105.001320821765,40.5232399820341],[-104.995663370446,40.5233437795698],[-104.993472803473,40.5233219749102],[-104.992298995552,40.5233007315439],[-104.992035393915,40.5166101367117],[-104.991845952697,40.5115211829817],[-104.991719774433,40.50858247425],[-104.987625079095,40.5085292817471],[-104.981764787287,40.5084529020994],[-104.976050592985,40.5085177588962],[-104.975760081415,40.5081559631837],[-104.975534606076,40.5078033956474],[-104.975331953334,40.5073938278141],[-104.975191116362,40.5069896867511],[-104.975082078853,40.5064259519868],[-104.975062676141,40.5060538033446],[-104.975078152317,40.5057543634952],[-104.975145872713,40.5053114553809],[-104.975222234902,40.5049306772499],[-104.975357347809,40.5044603478874],[-104.975579062801,40.5039079105951],[-104.975593978428,40.5037974355686],[-104.975607540293,40.5036312968076],[-104.975606649165,40.5034585894354],[-104.975584147265,40.5032156837637],[-104.975524695861,40.5029419530261],[-104.975478639237,40.502798346844],[-104.975400946643,40.5026083621161],[-104.9753261592,40.5024453310625],[-104.975226559392,40.5022597674736],[-104.975142762745,40.5021230956499],[-104.975059662293,40.5020015780056],[-104.974968362019,40.5018806168393],[-104.974899265404,40.50179495495],[-104.97478801265,40.5016701730158],[-104.974669412574,40.5015493990958],[-104.97454371491,40.5014328832149],[-104.97447744709,40.5013768762567],[-104.974381775614,40.5012980280418],[-104.974294368638,40.5012301280093],[-104.974173070024,40.5011428846594],[-104.974072136217,40.5010756941831],[-104.973954954581,40.501002318404],[-104.973807912047,40.5009169627769],[-104.973706855171,40.5008621862901],[-104.973624840782,40.5008267633504],[-104.973521136571,40.5007929374241],[-104.973449455503,40.500774552425],[-104.973357678223,40.5007582398752],[-104.973264283078,40.500748673387],[-104.973170119874,40.5007459403971],[-104.973076042907,40.5007500648141],[-104.972982908273,40.5007610097506],[-104.972891562185,40.5007786754741],[-104.972802834686,40.5008029021394],[-104.972717533362,40.5008334684229],[-104.972636433458,40.5008700969873],[-104.972560271593,40.5009124551651],[-104.972497443422,40.5009549471988],[-104.972457610326,40.5009864642524],[-104.972425480283,40.501012770803],[-104.97236807614,40.5010698156536],[-104.972300910005,40.5011651979073],[-104.972203468847,40.5013035738956],[-104.97206134998,40.5015114348195],[-104.971924533867,40.5017143155422],[-104.971725098891,40.5020203704575],[-104.971617954132,40.50219187183],[-104.971510809373,40.5023633734471],[-104.97130400372,40.5027090427023],[-104.971256506197,40.5027664638406],[-104.971214700401,40.5028074560757],[-104.971201856289,40.5028200502557],[-104.971140581305,40.5028692842011],[-104.971073274134,40.5029136916466],[-104.971000582461,40.5029528422775],[-104.970961895615,40.5029696010111],[-104.970915021524,40.5029891349883],[-104.970841899558,40.5030139202762],[-104.970757439955,40.5030352568185],[-104.97067064563,40.5030501644571],[-104.970582352916,40.5030584990723],[-104.970493415211,40.5030601800661],[-104.970404691306,40.5030551910457],[-104.970317036395,40.5030435805066],[-104.970231297591,40.5030254604659],[-104.970148301344,40.5030010057803],[-104.97006884895,40.5029704520964],[-104.96999370847,40.5029340951685],[-104.969916788427,40.5028873257327],[-104.969849209067,40.5028386136548],[-104.969713662273,40.5027487344333],[-104.969567598903,40.5026641207793],[-104.96937855474,40.5025698881947],[-104.969178782895,40.502489581002],[-104.968971687985,40.5024209287609],[-104.968684695116,40.5023515838264],[-104.968600487041,40.5023471364203],[-104.968516279865,40.5023426890139],[-104.968394732417,40.5023317798546],[-104.968304748175,40.5023220640005],[-104.968099590032,40.502292851539],[-104.967935537,40.5022626076424],[-104.967773572551,40.5022263937737],[-104.967534980011,40.5021617822599],[-104.967379810419,40.5021110225159],[-104.967228007713,40.5020546411222],[-104.967116042594,40.5020078601442],[-104.967079922235,40.5019927685297],[-104.967231632415,40.501416979301],[-104.966354879392,40.501430121564],[-104.965613679451,40.5008549204154],[-104.965083831537,40.5004437281388],[-104.964801100276,40.5002243095752],[-104.964509822444,40.5000198327603],[-104.964218545509,40.4998153553221],[-104.964102670024,40.4997409897376],[-104.96391838244,40.4996398169717],[-104.963766555479,40.4995682743983],[-104.963606322084,40.4995034301232],[-104.963341178039,40.4994187966646],[-104.963165037277,40.4993753514295],[-104.963018192372,40.4993472668341],[-104.962869497837,40.4993255800593],[-104.962744162193,40.4993063838285],[-104.962664415152,40.4992874225757],[-104.962586894136,40.4992636824076],[-104.962512091423,40.4992353129161],[-104.962433560701,40.4991990024633],[-104.962359484724,40.4991575940689],[-104.962290432126,40.4991114026294],[-104.962226929321,40.4990607833438],[-104.962169462295,40.4990061214675],[-104.962122021367,40.4989518953611],[-104.962089354131,40.4989075269618],[-104.962048503244,40.4988619193971],[-104.962026802642,40.4988427626533],[-104.962005102938,40.4988236052208],[-104.961984753401,40.4988090381911],[-104.96195670171,40.4987889565193],[-104.961903830466,40.498758352417],[-104.961847064126,40.4987321262709],[-104.961750211366,40.4986453004606],[-104.961653358605,40.498558474538],[-104.961479445664,40.4983491720012],[-104.961376436749,40.498225201331],[-104.96130553452,40.4981398694946],[-104.961252171897,40.498088281518],[-104.961192542627,40.4980408604378],[-104.961128942803,40.4979991876501],[-104.961056762272,40.4979602438413],[-104.961019318694,40.4979440214601],[-104.960983377998,40.4979284500745],[-104.960942558552,40.4979144081585],[-104.960903241088,40.4979010165563],[-104.960821590517,40.4978801449423],[-104.960737684276,40.4978653796069],[-104.960652304798,40.4978568578586],[-104.960554800759,40.497846450736],[-104.960472500706,40.497833475815],[-104.960336891929,40.4978051111836],[-104.960235965309,40.4977763517044],[-104.960090847864,40.497722250979],[-104.960044571153,40.4977028213497],[-104.959953281658,40.4976576699654],[-104.959882717196,40.4976168562903],[-104.959826961462,40.4975808564592],[-104.959786507629,40.4975537069723],[-104.959710986263,40.4974950606547],[-104.959621209532,40.4974142992661],[-104.959474681733,40.4972824867928],[-104.959238378999,40.4970699122573],[-104.958890412082,40.4966721487457],[-104.958542448759,40.496274384242],[-104.958370675605,40.4960432063987],[-104.958198904248,40.4958120277588],[-104.95795601866,40.4954851391073],[-104.957650999298,40.4950490321068],[-104.957408029268,40.4946964311991],[-104.957354885835,40.4946421462752],[-104.957295697637,40.494591638385],[-104.957230922817,40.49454529761],[-104.957123861601,40.4944850002449],[-104.957009008399,40.4944337482959],[-104.956926555632,40.4944082425396],[-104.956812158774,40.4943783284614],[-104.956773133263,40.4943681236923],[-104.956707571519,40.4943538050419],[-104.95661253605,40.4943332458866],[-104.956576171349,40.4943268264009],[-104.956459211597,40.4943061784289],[-104.956284563835,40.4942830848003],[-104.9560935847,40.4942666231132],[-104.955895817896,40.4942587519428],[-104.95567301684,40.4942606128237],[-104.955456371042,40.4942745974372],[-104.955132612823,40.4943164426407],[-104.955060383783,40.4943413076448],[-104.95490010098,40.4944036087924],[-104.954789966628,40.4944557406497],[-104.954684552923,40.4945132802043],[-104.954584314412,40.4945759794626],[-104.954395893679,40.4946458673324],[-104.95410734942,40.4947407689096],[-104.953911844573,40.4947981429005],[-104.953813450303,40.4948255571934],[-104.953614328839,40.4948752301147],[-104.953212703754,40.4951030140731],[-104.952835355639,40.495343227524],[-104.952783147351,40.4953776662344],[-104.952724510719,40.4954065032525],[-104.952665874087,40.4954353395751],[-104.95260544891,40.4954619365836],[-104.952513466815,40.4955008838919],[-104.952430960149,40.4955331761276],[-104.952357326144,40.49555904898],[-104.952294815078,40.4955806167417],[-104.952163970067,40.4956200052823],[-104.952031813516,40.4956541050189],[-104.951923935731,40.4956914120249],[-104.951812308379,40.4957353296375],[-104.951685031477,40.4957946968261],[-104.951593434759,40.4958427486536],[-104.951530600299,40.4958781065955],[-104.951445754421,40.4959038385909],[-104.951358528007,40.4959244129769],[-104.951269457351,40.4959397033799],[-104.951179089529,40.4959496155322],[-104.951087982393,40.495954087955],[-104.951008354828,40.4959532210687],[-104.950992449257,40.4959527920659],[-104.950905794172,40.495946638471],[-104.950789041032,40.4959270457437],[-104.950613574006,40.4958976009671],[-104.950321353841,40.495848562061],[-104.950253486121,40.4958359699877],[-104.950183253137,40.4958161668249],[-104.950133106483,40.4957974559765],[-104.950099752935,40.4957822700595],[-104.950062940873,40.4957641678682],[-104.950021047041,40.4957387869469],[-104.949986404411,40.4957141280821],[-104.94996155162,40.4956953994439],[-104.94991691074,40.4956535277753],[-104.949878529322,40.4956081837357],[-104.949833247045,40.4955371922474],[-104.949795457616,40.4954636901796],[-104.949765395495,40.4953881372712],[-104.949743250226,40.4953110076089],[-104.949726185829,40.4951933673859],[-104.949724328113,40.4951144811622],[-104.94973064327,40.4950357287401],[-104.949756621649,40.4949121877882],[-104.949780825856,40.4948424320411],[-104.949815128924,40.4947679407121],[-104.949890097826,40.4946915938966],[-104.950238260575,40.4943370257111],[-104.9504781943,40.4940926756341],[-104.950644499408,40.4939233081994],[-104.950687141536,40.4938798812662],[-104.950729329117,40.4938296030229],[-104.95076204037,40.4937772445572],[-104.950774084083,40.4937497355616],[-104.950785596892,40.4937234384597],[-104.950793677238,40.4936938007513],[-104.950801226679,40.4936653749358],[-104.950807113339,40.4936075402167],[-104.950803698843,40.4935495893123],[-104.950791034394,40.493492391873],[-104.950769310435,40.4934368038889],[-104.950738851259,40.4933836594923],[-104.950700114107,40.4933337552445],[-104.950676897149,40.4933107965454],[-104.950621800778,40.4932632340916],[-104.950600243906,40.4932465972671],[-104.950540608347,40.4932106504265],[-104.950475665542,40.4931805363334],[-104.950342343876,40.4931324279471],[-104.950277366935,40.4931058231837],[-104.950238680987,40.4930899828785],[-104.950212389994,40.4930792177266],[-104.950149265379,40.4930501303566],[-104.950086140764,40.4930210429741],[-104.950025030171,40.4929895481383],[-104.949963919579,40.4929580526047],[-104.949904980215,40.4929242315921],[-104.949846041749,40.4928904098793],[-104.949789426327,40.4928543494438],[-104.949732810904,40.4928182889889],[-104.949678664052,40.4927800820328],[-104.949624518099,40.4927418743719],[-104.949588072549,40.4927138375534],[-104.949516513652,40.4926567896966],[-104.949481399406,40.4926277793406],[-104.949427936172,40.4925829845662],[-104.949374472938,40.4925381904452],[-104.949318024602,40.4924955844579],[-104.949261576266,40.4924529784437],[-104.949202295542,40.4924126760232],[-104.949171176104,40.4923915191897],[-104.949143015716,40.4923723735785],[-104.9490810652,40.4923344854053],[-104.949019114683,40.4922965965276],[-104.948954661459,40.4922612244014],[-104.948890208236,40.4922258515734],[-104.948823428376,40.4921930925114],[-104.948756648516,40.4921603327503],[-104.948687722581,40.4921302748886],[-104.948618796646,40.4921002170134],[-104.948547912383,40.4920729430222],[-104.948477029019,40.4920456683367],[-104.948404379567,40.4920212513218],[-104.948368055291,40.4920090431525],[-104.948331731014,40.4919968342978],[-104.948271345362,40.491976108411],[-104.948241152985,40.4919657454652],[-104.948210960609,40.4919553825178],[-104.948152406622,40.4919317921013],[-104.948093852635,40.4919082016765],[-104.948065607806,40.4918950213404],[-104.948037362078,40.4918818410015],[-104.94798087242,40.491855479633],[-104.947927919429,40.4918271671277],[-104.947874966438,40.4917988539273],[-104.947824395779,40.4917681065871],[-104.94777382512,40.4917373585495],[-104.947725829033,40.4917042938727],[-104.947677832945,40.4916712284963],[-104.947632592889,40.4916359708129],[-104.947587353732,40.491600713111],[-104.947545042183,40.4915633963157],[-104.947502730635,40.4915260794995],[-104.947463506597,40.4914868456849],[-104.947424283456,40.4914476118473],[-104.947388296946,40.4914066092551],[-104.947352311334,40.491365607321],[-104.94728708556,40.491280376068],[-104.947254707582,40.491235756653],[-104.947228854068,40.4911922412174],[-104.947199942689,40.4911501624694],[-104.94717103131,40.4911080843782],[-104.947105320445,40.4910273720053],[-104.947068696131,40.4909889529281],[-104.946991874005,40.4909142585167],[-104.946908118681,40.4908440422509],[-104.94685530403,40.490803869351],[-104.94681787752,40.4907786771601],[-104.946771193872,40.4907472530057],[-104.946672068373,40.4906897737573],[-104.94656771468,40.4906379682667],[-104.946458688849,40.4905921139181],[-104.94634557209,40.490552453936],[-104.946228966275,40.4905192008006],[-104.946109493935,40.4904925307821],[-104.945987791977,40.4904725866732],[-104.945851679245,40.4904440877591],[-104.945652239778,40.4903900296274],[-104.945522594017,40.4903475445659],[-104.94539621004,40.4902996705298],[-104.945273472324,40.4902465543919],[-104.945154753671,40.4901883573713],[-104.945096444925,40.4901580089561],[-104.945040413407,40.4901252550333],[-104.944984382788,40.4900925010945],[-104.944958440341,40.4900658466197],[-104.944932497894,40.4900391921343],[-104.944887570451,40.4899823196321],[-104.944853533285,40.4899280199635],[-104.944825509442,40.4898711555653],[-104.944798354269,40.489795731631],[-104.944784224668,40.4897238868389],[-104.944779422274,40.4896638433869],[-104.944782497208,40.4895974687578],[-104.944787437942,40.4895667702818],[-104.944800285647,40.4894869517189],[-104.944806650211,40.489442276456],[-104.944808846592,40.4893973681949],[-104.944811042074,40.4893524605869],[-104.944809983859,40.4893285023808],[-104.944807074215,40.4892626329833],[-104.944800919857,40.4892179398081],[-104.944794765499,40.4891732472864],[-104.944784472603,40.4891290008612],[-104.944774179706,40.4890847544068],[-104.944760384279,40.4890564263854],[-104.944746588851,40.4890280983521],[-104.944729029482,40.4890010116744],[-104.944711470113,40.4889739256691],[-104.944690335449,40.48894837138],[-104.944684139769,40.4889408801265],[-104.944677866833,40.4889332959573],[-104.944669200786,40.4889228177645],[-104.944644717203,40.4888990698298],[-104.94462023362,40.4888753218866],[-104.944606448073,40.4888644788572],[-104.944592662527,40.4888536351429],[-104.944565093231,40.4888319483921],[-104.944534732869,40.4888125558139],[-104.944504372507,40.4887931625469],[-104.944471547169,40.4887762718307],[-104.944438722728,40.4887593804271],[-104.94440378545,40.4887451726245],[-104.944368848172,40.4887309641357],[-104.944332172654,40.4887195916036],[-104.944295498034,40.4887082190696],[-104.944257479535,40.4886998047869],[-104.944219461035,40.48869138982],[-104.944180505593,40.488686022605],[-104.944141550151,40.4886806553896],[-104.944127902047,40.4886795158127],[-104.944121078444,40.4886789460243],[-104.944114253942,40.4886783762358],[-104.944140264662,40.4864484748614],[-104.94412169918,40.4856386650674],[-104.944107474357,40.4850182233042],[-104.944107981007,40.4848470053032],[-104.944107220134,40.4845018158917],[-104.944107783377,40.4843237361217],[-104.944107462679,40.484143936833],[-104.944105340858,40.4839644704875],[-104.944105016566,40.4837850139109],[-104.944102874983,40.4836079496002],[-104.944104340135,40.4834295312982],[-104.944102976492,40.4827199378777],[-104.944101742207,40.4825418492807],[-104.944103980809,40.481831243437],[-104.944103637652,40.4816541890046],[-104.944104183828,40.4814781678969],[-104.944107034183,40.4811309366128],[-104.94410800077,40.4807943333177],[-104.94410701442,40.4804765924161],[-104.944107639647,40.4801815070968],[-104.944106982979,40.4800425368176],[-104.944107315355,40.4797831344262],[-104.944135713796,40.4792555920705],[-104.944118668264,40.4763203474245],[-104.944126905815,40.4730475608068],[-104.944122388187,40.4719334855987],[-104.944126143145,40.4699943576303],[-104.944131419849,40.4674216316489],[-104.944151168412,40.4648071882095],[-104.944136514195,40.4638975624299],[-104.944152015524,40.4616068506821],[-104.944164074508,40.4600597214039],[-104.944190299925,40.4576220338133],[-104.944243849397,40.457621541682],[-104.9444005596,40.457619289498],[-104.945447546064,40.4576042227608],[-104.945449674172,40.4576041926861],[-104.950390233064,40.4575415040047],[-104.953366280633,40.45751559941],[-104.953366531263,40.4575155987265],[-104.957547161238,40.4575201106202],[-104.954312808498,40.4575140840535],[-104.957900693218,40.457520741506],[-104.96331819644,40.457530411899],[-104.963317986234,40.4575468655075],[-104.963330393765,40.4575469181383],[-104.963770405659,40.4575502858234],[-104.965970311517,40.4575564484066],[-104.966448574575,40.4575582638258],[-104.966784850817,40.4575595235463],[-104.967267821046,40.4575613533193],[-104.968520264791,40.4575661618559],[-104.968968916682,40.4575686054262],[-104.969134224661,40.4575705971923],[-104.96956875773,40.4575718712664],[-104.969680858494,40.4575711139305],[-104.970115353834,40.457572384587],[-104.970296417364,40.4575739341181],[-104.970730914501,40.4575752006734],[-104.971759536705,40.4575816318761],[-104.972299144815,40.4575800023739],[-104.974969484913,40.457571898607],[-104.982136903614,40.4575867172352],[-104.982673233771,40.4575894512991],[-104.982993708647,40.4575926515207],[-104.983944682275,40.4575911594054],[-104.985076474193,40.4575893740618],[-104.985326642423,40.4575889776225],[-104.985366356941,40.457588913372],[-104.985367079187,40.457588913372],[-104.986937115115,40.4575864151211],[-104.988789072921,40.4575834370419],[-104.989371898979,40.4575824937898],[-104.991554108925,40.4575789347218],[-104.992008348337,40.4575932372938],[-104.992015599538,40.4575934341464],[-104.992161332328,40.4575973855518],[-104.99252928137,40.4575964751087],[-104.993222273221,40.4575954600876],[-104.993928060676,40.4575943486907],[-104.994215547618,40.4575940007811],[-104.999539361047,40.4575860220994],[-105.001467875977,40.4575830747784],[-105.001468191285,40.4575524505197],[-105.002463089836,40.4575842271864],[-105.007324563744,40.4577676518745],[-105.010932215891,40.4579036368756],[-105.018583865157,40.458191682205],[-105.020057694213,40.4582841842604],[-105.020394575919,40.4582871500054],[-105.020490172835,40.4582879914049],[-105.020998359673,40.4582617966066],[-105.021532979438,40.4582634178902],[-105.022067306352,40.4582643823215],[-105.022587725549,40.458265318729],[-105.025451399266,40.4582704327437],[-105.029159359095,40.4582783190704],[-105.029919796457,40.4582929406923],[-105.02991774201,40.4585835768903],[-105.02986319451,40.4657321522634],[-105.029588694512,40.4729442539809],[-105.03287393771,40.4729383012342],[-105.03701758135,40.4729336830886],[-105.039286373618,40.4729316904113],[-105.039359152427,40.4729333578094],[-105.039438747653,40.4729324653414],[-105.039438081103,40.4730003366062],[-105.039421072402,40.4747317741544],[-105.039416709284,40.475175911877],[-105.039411110983,40.4757458863211],[-105.039399900009,40.4768516410386],[-105.039379622338,40.4801932439004],[-105.039365497228,40.485020077609],[-105.039364386012,40.4860177988565],[-105.039361643456,40.4876530286387],[-105.039358917967,40.4881151434644],[-105.039357259677,40.4883963091858],[-105.039356289497,40.4885607182357],[-105.039354569223,40.4888523664446],[-105.039351342474,40.4893993890776],[-105.039350781027,40.4894946109765],[-105.039347547092,40.4900429038822],[-105.039345834903,40.4903331212138],[-105.039344608703,40.4905404203938],[-105.039342971973,40.4908163421293],[-105.039341353208,40.4910892376315],[-105.03933596691,40.4919974710083],[-105.039334632013,40.492222640022],[-105.039333465102,40.492419463916],[-105.039332940486,40.492497174856],[-105.039328343806,40.4930975850231],[-105.039324442423,40.493614402452],[-105.039320177222,40.4946461091636],[-105.039319481926,40.4947483572044],[-105.04841206484,40.4946432174369],[-105.04880362071,40.4946387353628],[-105.048947027762,40.4946370944632],[-105.058203200177,40.4945324661931],[-105.063239307475,40.4946518133724],[-105.066354043246,40.4947285680665],[-105.067921492924,40.4947642592836],[-105.069142157869,40.4947711972288],[-105.077400140307,40.4948049674415],[-105.077465958969,40.502038923832],[-105.077417968272,40.5063490487997],[-105.077415939876,40.5065298663964],[-105.077391966536,40.5086968768167],[-105.077273656616,40.5146283942195],[-105.077237097879,40.5163936249458],[-105.077088242545,40.5235790600807],[-105.070736632464,40.5235756711251],[-105.067563077703,40.5235735119718],[-105.067552292529,40.5235724426378],[-105.067520820952,40.5235719824007],[-105.067468663868,40.5235717877901],[-105.067458774315,40.5235714081287],[-105.067416508581,40.5235712503917],[-105.067364354192,40.5235707136762],[-105.067354464639,40.5235703333319],[-105.067312198905,40.5235701762778],[-105.067302309352,40.5235697959335],[-105.06722857204,40.5235691786423],[-105.067218682487,40.523568798298],[-105.067103580452,40.5235676832134],[-105.067062219321,40.5235668433149],[-105.067030745048,40.5235667258657],[-105.066842812999,40.5235639664919],[-105.066832923446,40.5235635868305],[-105.066811341422,40.5235635062548],[-105.066780770854,40.5235627059613],[-105.066728615567,40.5235621685628],[-105.066697146684,40.523561364855],[-105.066676462975,40.5235612876936],[-105.066644994092,40.5235604839858],[-105.066572156892,40.5235595266381],[-105.066498426767,40.5235578789346],[-105.066477743058,40.5235578017732],[-105.066261945269,40.5235532219359],[-105.065375295507,40.5235464781641],[-105.063973215791,40.523653969408],[-105.062880571555,40.5236780109537],[-105.061340507018,40.5236946989552],[-105.05848450132,40.5236764131007],[-105.058055604281,40.5236769825919],[-105.056893722394,40.5236648136429],[-105.05573220163,40.5236569786987],[-105.053430849026,40.523641420111],[-105.051032932021,40.5236251588735],[-105.048770909457,40.5236097744036],[-105.047107424485,40.5235984323665],[-105.044611834557,40.5235666862607],[-105.043540884635,40.5234691439332],[-105.043599358672,40.5232263073266]]]},"properties":{"FID":9,"OG_CODE":1297,"CDE_Code":"7161","School":"Preston","SchoolFull":"Preston Middle","Address":"4901 Corbett Dr","City":"Fort Collins","State":"CO","Zip":80528,"Phone":"970-488-7300","BldgID":92600,"Loc_Code":"260","ArticArea":"Fossil Ridge HS","Shape_Leng":108727.641057,"Shape_Area":400258023.902,"Shape__Area":98268872.81640625,"Shape__Length":54676.863761811619,"RIC":40,"RICNC":"69","FCI":"26","NSC":"54","FCA":19.04,"FCA_Remain":10.96}},{"type":"Feature","id":13,"geometry":{"type":"Polygon","coordinates":[[[-105.001028695923,40.6317858938948],[-104.991355817504,40.6317315352861],[-104.991370671148,40.6303570955273],[-104.991218229739,40.6305060220544],[-104.99030358488,40.6313985754859],[-104.990034501723,40.631725066244],[-104.989103189522,40.6317202961005],[-104.988899629482,40.6317194023377],[-104.988704308789,40.6317184553991],[-104.983194961813,40.6316915163868],[-104.983134671383,40.6315680351506],[-104.982965095508,40.6312207224121],[-104.9827369908,40.6309759347945],[-104.98171372525,40.629870715972],[-104.979644456891,40.6313018106393],[-104.979091079405,40.6316176864618],[-104.97898140499,40.6316580510486],[-104.978862036855,40.6317013416454],[-104.978489385132,40.6318391289516],[-104.977831194913,40.6319691448342],[-104.977541587049,40.6319818210828],[-104.97715235063,40.6319988577282],[-104.976772300382,40.6319583706344],[-104.976478943848,40.6319271176737],[-104.975836843355,40.6317566867577],[-104.975531134985,40.6316168376927],[-104.975250711496,40.6314941062364],[-104.974884582441,40.6312942643975],[-104.974259558023,40.6309531064298],[-104.973712189367,40.6306543285366],[-104.973151683749,40.6303483751962],[-104.972948712105,40.6303652206851],[-104.972745742259,40.6303820648063],[-104.972778581072,40.6316303464154],[-104.972836652664,40.6327555892253],[-104.972673464709,40.6327919677289],[-104.97185421195,40.6324670951692],[-104.971117361651,40.6321630071856],[-104.970328884275,40.6318196741328],[-104.970468889407,40.63171599704],[-104.970123632708,40.6316094142001],[-104.969331491104,40.6313648679815],[-104.96917730876,40.6313162568258],[-104.968036620826,40.6309566017573],[-104.967564385464,40.6307551459684],[-104.966079383163,40.629695407255],[-104.966010185936,40.6296562959246],[-104.965897612658,40.6297627564379],[-104.964114561024,40.6286840255289],[-104.964008664025,40.6287104612433],[-104.962942147289,40.6281695295608],[-104.962929577163,40.629324232525],[-104.962150346146,40.6288945844253],[-104.960517252079,40.6306705433278],[-104.958637870503,40.6304446362444],[-104.957790358542,40.6309600854949],[-104.957381248693,40.6314945282357],[-104.955990381749,40.6318535204826],[-104.955652224435,40.6325644902933],[-104.955942974956,40.6334896141761],[-104.956246290214,40.6344546927432],[-104.957028262889,40.6356645239153],[-104.957077673823,40.6365100200359],[-104.957095680553,40.636818139501],[-104.956410183346,40.6372315268324],[-104.956263972652,40.6373196979565],[-104.955995253313,40.6379221226505],[-104.956130048216,40.6382644195356],[-104.956327326337,40.6387653781631],[-104.95331209156,40.6388179532531],[-104.950992740311,40.6388216976597],[-104.950893387539,40.6388122388234],[-104.950623062012,40.6388222900299],[-104.950581496066,40.6388238360545],[-104.950553709377,40.6388248687827],[-104.950344727106,40.638823882408],[-104.949974541259,40.6388173302078],[-104.949844833515,40.6388160309471],[-104.949712415554,40.6388157480545],[-104.94957818659,40.6388164863018],[-104.949443052123,40.6388179055363],[-104.949021493421,40.638814538774],[-104.948876458622,40.6388148816535],[-104.948730532694,40.6388138475618],[-104.948434171295,40.6388127862034],[-104.948286445144,40.6388117432501],[-104.94814053269,40.6388089927162],[-104.947996415071,40.6388072803639],[-104.947854119235,40.6388031739903],[-104.947455080399,40.6387999081143],[-104.947333485341,40.638797958541],[-104.947219986798,40.6387974200225],[-104.94701190913,40.6387957451617],[-104.946914609907,40.638796998751],[-104.946821806752,40.6387993021106],[-104.946729890233,40.6388033260025],[-104.946535297177,40.6388051460586],[-104.94632901075,40.6388048508959],[-104.946224525004,40.6388036675186],[-104.945744455435,40.6387952066432],[-104.945459829627,40.6387911064038],[-104.945311202465,40.6387900552702],[-104.945158964974,40.6387896728538],[-104.945005834557,40.6387885999067],[-104.943890595895,40.6387758356516],[-104.944114253942,40.4886783762358],[-104.944121077545,40.4886789460243],[-104.944127902047,40.4886795158127],[-104.944141550151,40.4886806553896],[-104.944180504695,40.4886860232882],[-104.944219461035,40.48869138982],[-104.944257479535,40.4886998047869],[-104.944295498034,40.4887082190696],[-104.944332171756,40.4887195916036],[-104.944368848172,40.4887309641357],[-104.94440378545,40.4887451726245],[-104.944438722728,40.4887593804271],[-104.944471547169,40.4887762718307],[-104.944504372507,40.4887931625469],[-104.944534732869,40.4888125558139],[-104.944565093231,40.4888319483921],[-104.944592662527,40.4888536351429],[-104.944606448073,40.4888644788572],[-104.94462023362,40.4888753218866],[-104.944644717203,40.4888990698298],[-104.944669200786,40.4889228177645],[-104.944677866833,40.4889332959573],[-104.944684139769,40.4889408801265],[-104.944690335449,40.48894837138],[-104.944711470113,40.4889739256691],[-104.944729029482,40.4890010116744],[-104.944746588851,40.4890280983521],[-104.944760384279,40.4890564263854],[-104.944774179706,40.4890847544068],[-104.944784472603,40.4891290008612],[-104.944794764601,40.4891732472864],[-104.944800919857,40.4892179398081],[-104.944807074215,40.4892626336665],[-104.94480998296,40.4893285023808],[-104.944811042074,40.4893524605869],[-104.944808846592,40.4893973688781],[-104.944806650211,40.489442276456],[-104.944800285647,40.4894869517189],[-104.944787437942,40.4895667702818],[-104.944782497208,40.4895974687578],[-104.944779422274,40.4896638440701],[-104.944784224668,40.4897238868389],[-104.944798354269,40.489795731631],[-104.944825509442,40.4898711555653],[-104.944853533285,40.4899280199635],[-104.944887569553,40.4899823196321],[-104.944932497894,40.4900391921343],[-104.944958440341,40.4900658466197],[-104.944984382788,40.4900925010945],[-104.945040413407,40.4901252550333],[-104.945096444925,40.4901580089561],[-104.945154753671,40.4901883573713],[-104.945273472324,40.4902465543919],[-104.94539621004,40.4902996705298],[-104.945522593119,40.4903475445659],[-104.945652239778,40.4903900296274],[-104.945851678347,40.4904440877591],[-104.945987791977,40.4904725866732],[-104.946109493037,40.4904925307821],[-104.946228966275,40.4905192008006],[-104.946345571192,40.490552453936],[-104.946458688849,40.4905921139181],[-104.94656771468,40.4906379689499],[-104.946672067475,40.4906897737573],[-104.946771193872,40.4907472530057],[-104.94681787752,40.4907786771601],[-104.94685530403,40.490803869351],[-104.946908118681,40.4908440422509],[-104.946991874005,40.4909142585167],[-104.947068696131,40.4909889529281],[-104.947105320445,40.4910273720053],[-104.94717103131,40.4911080843782],[-104.947199942689,40.4911501624694],[-104.947228854068,40.4911922412174],[-104.947254707582,40.491235756653],[-104.94728708556,40.491280376068],[-104.947352311334,40.491365607321],[-104.947388296946,40.4914066092551],[-104.947424283456,40.4914476118473],[-104.947463506597,40.4914868456849],[-104.947502729737,40.4915260794995],[-104.947545042183,40.4915633963157],[-104.947587353732,40.491600713111],[-104.947632592889,40.4916359708129],[-104.947677832945,40.4916712284963],[-104.947725829033,40.4917042938727],[-104.94777382512,40.4917373585495],[-104.947824395779,40.4917681065871],[-104.947874966438,40.4917988546105],[-104.947927919429,40.4918271671277],[-104.94798087242,40.491855479633],[-104.948037362078,40.4918818410015],[-104.948065607806,40.4918950213404],[-104.948093852635,40.4919082016765],[-104.948152405723,40.4919317921013],[-104.948210960609,40.4919553825178],[-104.948241152985,40.4919657454652],[-104.948271345362,40.491976108411],[-104.948331731014,40.4919968342978],[-104.948368055291,40.4920090431525],[-104.948404379567,40.4920212513218],[-104.948477029019,40.4920456683367],[-104.948547912383,40.4920729430222],[-104.948618796646,40.4921002170134],[-104.948687722581,40.4921302748886],[-104.948756648516,40.4921603327503],[-104.948823428376,40.4921930931946],[-104.948890208236,40.4922258515734],[-104.948954661459,40.4922612250846],[-104.949019114683,40.4922965972108],[-104.9490810652,40.4923344854053],[-104.949143015716,40.4923723735785],[-104.949171176104,40.4923915191897],[-104.949202295542,40.4924126760232],[-104.949261576266,40.4924529784437],[-104.949318024602,40.4924955844579],[-104.949374472938,40.4925381904452],[-104.949427936172,40.4925829845662],[-104.949481399406,40.4926277793406],[-104.949516512754,40.4926567903798],[-104.949588072549,40.4927138375534],[-104.949624518099,40.4927418743719],[-104.949678664052,40.4927800820328],[-104.949732810904,40.4928182889889],[-104.949789426327,40.4928543494438],[-104.949846041749,40.4928904098793],[-104.949904980215,40.4929242315921],[-104.949963918681,40.4929580526047],[-104.950025030171,40.4929895488215],[-104.950086140764,40.4930210436573],[-104.950149265379,40.4930501303566],[-104.950212389994,40.4930792177266],[-104.950238680987,40.4930899828785],[-104.950277366036,40.4931058231837],[-104.950342343876,40.4931324279471],[-104.950475665542,40.4931805363334],[-104.950540607449,40.4932106504265],[-104.950600243906,40.4932465972671],[-104.950621799879,40.4932632340916],[-104.950676897149,40.4933107972286],[-104.950700114107,40.4933337559276],[-104.950738850361,40.4933836594923],[-104.950769310435,40.493436804572],[-104.950791034394,40.493492391873],[-104.950803698843,40.4935495893123],[-104.950807113339,40.4936075408999],[-104.950801225781,40.4936653749358],[-104.950793677238,40.4936938007513],[-104.950785596892,40.4937234384597],[-104.950774084083,40.4937497355616],[-104.95076204037,40.4937772445572],[-104.950729329117,40.493829603706],[-104.950687141536,40.4938798812662],[-104.950644499408,40.4939233088825],[-104.9504781943,40.4940926756341],[-104.950238260575,40.4943370257111],[-104.949890097826,40.4946915938966],[-104.949815128924,40.4947679407121],[-104.949780825856,40.4948424327243],[-104.949756621649,40.4949121877882],[-104.94973064327,40.4950357287401],[-104.949724328113,40.4951144811622],[-104.949726185829,40.4951933673859],[-104.949743250226,40.4953110076089],[-104.949765395495,40.4953881372712],[-104.949795457616,40.4954636908627],[-104.949833247045,40.4955371922474],[-104.949878529322,40.4956081837357],[-104.94991691074,40.4956535277753],[-104.94996155162,40.4956953994439],[-104.949986404411,40.4957141280821],[-104.950021047041,40.4957387869469],[-104.950062940873,40.4957641678682],[-104.950099752935,40.4957822700595],[-104.950133105585,40.4957974559765],[-104.950183253137,40.4958161668249],[-104.950253486121,40.4958359699877],[-104.950321353841,40.495848562061],[-104.950613574006,40.4958976016502],[-104.950789041032,40.4959270457437],[-104.950905794172,40.495946638471],[-104.950992449257,40.4959527920659],[-104.951008353929,40.4959532217519],[-104.951087982393,40.495954087955],[-104.951179089529,40.4959496155322],[-104.951269457351,40.4959397033799],[-104.951358527108,40.4959244129769],[-104.951445754421,40.495903839274],[-104.951530600299,40.4958781065955],[-104.951593434759,40.4958427486536],[-104.951685031477,40.4957946968261],[-104.951812308379,40.4957353303206],[-104.951923935731,40.4956914120249],[-104.952031813516,40.4956541050189],[-104.952163970067,40.4956200052823],[-104.952294815078,40.4955806174248],[-104.952357326144,40.49555904898],[-104.952430960149,40.4955331768107],[-104.952513466815,40.4955008838919],[-104.95260544891,40.4954619365836],[-104.952665874087,40.4954353395751],[-104.952724510719,40.4954065032525],[-104.952783147351,40.4953776662344],[-104.952835355639,40.495343227524],[-104.953212703754,40.4951030140731],[-104.953614328839,40.4948752301147],[-104.953813450303,40.4948255571934],[-104.953911844573,40.4947981429005],[-104.95410734942,40.4947407689096],[-104.954395893679,40.4946458673324],[-104.954584314412,40.4945759794626],[-104.954684552923,40.4945132808874],[-104.954789966628,40.4944557406497],[-104.95490010098,40.4944036087924],[-104.955060383783,40.4943413076448],[-104.955132612823,40.4943164426407],[-104.955456371042,40.4942745974372],[-104.955673015942,40.4942606128237],[-104.955895817896,40.4942587519428],[-104.9560935847,40.4942666231132],[-104.956284563835,40.4942830848003],[-104.956459211597,40.4943061784289],[-104.956576170451,40.4943268264009],[-104.95661253605,40.4943332465697],[-104.956707570621,40.4943538050419],[-104.956773133263,40.4943681236923],[-104.956812158774,40.4943783284614],[-104.956926555632,40.4944082425396],[-104.957009008399,40.4944337482959],[-104.957123861601,40.4944850002449],[-104.957230922817,40.49454529761],[-104.957295696739,40.4945916390682],[-104.957354885835,40.4946421469583],[-104.957408029268,40.4946964311991],[-104.957650999298,40.4950490321068],[-104.95795601866,40.4954851391073],[-104.958198904248,40.4958120277588],[-104.958370675605,40.4960432063987],[-104.958542448759,40.496274384242],[-104.958890411184,40.4966721494287],[-104.959238378999,40.4970699122573],[-104.959474681733,40.4972824867928],[-104.959621209532,40.4974142992661],[-104.959710986263,40.4974950606547],[-104.959786507629,40.4975537069723],[-104.959826960563,40.4975808564592],[-104.959882717196,40.4976168562903],[-104.959953281658,40.4976576699654],[-104.960044571153,40.4977028213497],[-104.960090847864,40.497722250979],[-104.960235965309,40.4977763517044],[-104.960336891929,40.4978051111836],[-104.960472500706,40.497833475815],[-104.960554800759,40.497846450736],[-104.960652304798,40.4978568578586],[-104.960737684276,40.49786538029],[-104.960821590517,40.4978801449423],[-104.960903241088,40.4979010165563],[-104.960942558552,40.4979144081585],[-104.960983377998,40.4979284500745],[-104.961019318694,40.4979440214601],[-104.961056762272,40.4979602438413],[-104.961128941905,40.4979991876501],[-104.961192541729,40.4980408604378],[-104.961252171897,40.498088281518],[-104.96130553452,40.4981398694946],[-104.961376436749,40.498225201331],[-104.961479445664,40.4983491720012],[-104.961653358605,40.498558474538],[-104.961750211366,40.4986453011437],[-104.961847064126,40.4987321262709],[-104.961903830466,40.498758352417],[-104.96195670171,40.4987889565193],[-104.961984752503,40.4988090381911],[-104.962005102938,40.4988236052208],[-104.962026802642,40.4988427626533],[-104.962048503244,40.4988619193971],[-104.962089353233,40.4989075269618],[-104.962122021367,40.4989518953611],[-104.962169462295,40.4990061214675],[-104.962226929321,40.4990607833438],[-104.962290431228,40.4991114026294],[-104.962359483826,40.4991575940689],[-104.962433560701,40.4991990024633],[-104.962512091423,40.4992353129161],[-104.962586894136,40.4992636830907],[-104.962664414254,40.4992874225757],[-104.962744162193,40.4993063838285],[-104.962869497837,40.4993255800593],[-104.963018192372,40.4993472675172],[-104.963165037277,40.4993753514295],[-104.963341178039,40.4994187966646],[-104.963606322084,40.4995034308062],[-104.963766555479,40.4995682743983],[-104.96391838244,40.4996398169717],[-104.964102670024,40.4997409897376],[-104.964218545509,40.4998153553221],[-104.964509822444,40.5000198327603],[-104.964801100276,40.5002243095752],[-104.965083831537,40.5004437281388],[-104.965613679451,40.5008549210985],[-104.966354879392,40.501430121564],[-104.967231632415,40.501416979301],[-104.967079922235,40.5019927685297],[-104.967116042594,40.5020078601442],[-104.967228007713,40.5020546411222],[-104.967379810419,40.5021110225159],[-104.967534980011,40.5021617822599],[-104.967773572551,40.5022263937737],[-104.967935537,40.5022626076424],[-104.968099590032,40.5022928522221],[-104.968304748175,40.5023220640005],[-104.968394732417,40.5023317798546],[-104.968516279865,40.5023426896969],[-104.968600487041,40.5023471364203],[-104.968684695116,40.5023515838264],[-104.968971687985,40.5024209287609],[-104.969178782895,40.502489581002],[-104.96937855474,40.5025698881947],[-104.969567598903,40.5026641207793],[-104.969713662273,40.5027487344333],[-104.969849209067,40.5028386136548],[-104.969916788427,40.5028873257327],[-104.969993707572,40.5029340951685],[-104.97006884895,40.5029704520964],[-104.970148301344,40.5030010057803],[-104.970231297591,40.5030254604659],[-104.970317035497,40.5030435805066],[-104.970404691306,40.5030551910457],[-104.970493414313,40.5030601800661],[-104.970582352018,40.5030584990723],[-104.97067064563,40.5030501644571],[-104.970757439056,40.5030352568185],[-104.970841899558,40.5030139202762],[-104.970915021524,40.5029891349883],[-104.970961895615,40.5029696010111],[-104.971000582461,40.5029528422775],[-104.971073274134,40.5029136916466],[-104.971140581305,40.5028692842011],[-104.971201856289,40.5028200502557],[-104.971214700401,40.5028074560757],[-104.971256506197,40.5027664638406],[-104.97130400372,40.5027090427023],[-104.971510809373,40.5023633734471],[-104.971617953233,40.50219187183],[-104.971725097992,40.5020203704575],[-104.971924532969,40.5017143155422],[-104.97206134998,40.5015114348195],[-104.972203468847,40.5013035738956],[-104.972300910005,40.5011651985903],[-104.97236807614,40.5010698156536],[-104.972425480283,40.501012770803],[-104.972457610326,40.5009864642524],[-104.972497443422,40.5009549471988],[-104.972560271593,40.5009124551651],[-104.97263643256,40.5008700969873],[-104.972717533362,40.5008334684229],[-104.972802834686,40.5008029021394],[-104.972891562185,40.5007786754741],[-104.972982908273,40.5007610097506],[-104.973076042907,40.5007500648141],[-104.973170119874,40.5007459403971],[-104.973264283078,40.500748673387],[-104.973357677325,40.5007582398752],[-104.973449455503,40.500774552425],[-104.973521136571,40.5007929374241],[-104.973624840782,40.5008267633504],[-104.973706854273,40.5008621862901],[-104.973807912047,40.5009169627769],[-104.973954954581,40.501002318404],[-104.974072136217,40.5010756941831],[-104.974173070024,40.5011428846594],[-104.974294368638,40.5012301286924],[-104.974381775614,40.5012980280418],[-104.97447744709,40.5013768762567],[-104.97454371491,40.5014328832149],[-104.974669412574,40.5015493990958],[-104.97478801265,40.5016701730158],[-104.974899264506,40.5017949556331],[-104.974968362019,40.5018806168393],[-104.975059662293,40.5020015780056],[-104.975142762745,40.5021230956499],[-104.975226559392,40.5022597681567],[-104.9753261592,40.5024453310625],[-104.975400946643,40.5026083621161],[-104.975478639237,40.5027983475271],[-104.975524695861,40.5029419530261],[-104.975584147265,40.5032156837637],[-104.975606648266,40.5034585894354],[-104.975607540293,40.5036312968076],[-104.975593978428,40.5037974355686],[-104.975579062801,40.5039079105951],[-104.975357347809,40.5044603478874],[-104.975222234902,40.5049306779329],[-104.975145872713,40.5053114553809],[-104.975078152317,40.5057543634952],[-104.975062676141,40.5060538033446],[-104.975082078853,40.5064259519868],[-104.975191116362,40.5069896867511],[-104.975331953334,40.5073938278141],[-104.975534606076,40.5078033956474],[-104.975760081415,40.5081559631837],[-104.976050592985,40.5085177588962],[-104.981764787287,40.5084529020994],[-104.987625079095,40.5085292817471],[-104.991719774433,40.50858247425],[-104.991845952697,40.5115211829817],[-104.992030410062,40.5164762626742],[-104.992035393915,40.5166101367117],[-104.992298995552,40.5233007315439],[-104.992424708488,40.525732818358],[-104.992489183271,40.5270321215172],[-104.992672206027,40.5281398272145],[-104.99298841121,40.5298849090652],[-104.993268105267,40.5308558218882],[-104.993830765944,40.5327948620426],[-104.99481507695,40.5359716844489],[-104.995290362092,40.5376393393616],[-104.996563734787,40.5419233839764],[-104.997048551054,40.5436007644442],[-104.997818997446,40.5462730397707],[-104.999823908701,40.5530091825022],[-105.000439818813,40.5551501762745],[-105.000640435972,40.5559903485979],[-105.000906242973,40.5571612618641],[-105.001033728285,40.5579344747463],[-105.001218827946,40.5591050407517],[-105.001302921036,40.5597426193237],[-105.00140433634,40.5614508940266],[-105.001403352685,40.5631517124637],[-105.001427491315,40.5645794501638],[-105.001385420515,40.5665610967018],[-105.001285536839,40.5740963532263],[-105.001277713411,40.575505383091],[-105.001286268966,40.5786728580574],[-105.001271829446,40.5811959357985],[-105.001309179599,40.5884583894085],[-105.001329300064,40.5956479036574],[-105.001308587609,40.6027132835332],[-105.001313797838,40.6057379647393],[-105.001322635463,40.610095753985],[-105.001288571348,40.6143402509159],[-105.00127228579,40.6172992351291],[-105.001324795912,40.6229897203529],[-105.001308500472,40.6245551089163],[-105.001286772022,40.6257012420713],[-105.001174428713,40.6278064350025],[-105.001137806195,40.6295947504828],[-105.001028695923,40.6317858938948]]]},"properties":{"FID":13,"OG_CODE":1250,"CDE_Code":"7877","School":"Timnath Middle-High School","SchoolFull":"Timnath Middle-High School","Address":"4700 E Prospect Rd","City":"Timnath","State":"CO","Zip":80524,"Phone":"970-419-3400","BldgID":null,"Loc_Code":" ","ArticArea":"Timnath Middle- High School","Shape_Leng":165836.436219,"Shape_Area":116565601.92399645,"Shape__Area":116857825.05078125,"Shape__Length":57246.678050796589,"RIC":85,"RICNC":"88","FCI":"0","NSC":"106","FCA":8.87,"FCA_Remain":21.130000000000003}}]}