{"type":"FeatureCollection","crs":{"type":"name","properties":{"name":"EPSG:4326"}},"features":[{"type":"Feature","id":1,"geometry":{"type":"Polygon","coordinates":[[[-104.945459829248,40.6387911064267],[-104.945311202305,40.6387900551695],[-104.945158965402,40.6387896727394],[-104.945005834535,40.6387885996241],[-104.943890595862,40.6387758357009],[-104.943870726378,40.6374841573838],[-104.943870187463,40.6373307837181],[-104.943871284323,40.6368693022957],[-104.943872456549,40.6367269154655],[-104.943870277722,40.6363350709828],[-104.943870379713,40.636213265748],[-104.943872238003,40.6360969595957],[-104.943873175766,40.6359830508267],[-104.943875000158,40.6358708609507],[-104.943877663142,40.6357662244471],[-104.943882977511,40.635667776628],[-104.943897307771,40.6355683425439],[-104.94391888629,40.6354637963998],[-104.943939628966,40.6353513537732],[-104.94395143478,40.6352302915408],[-104.943955193222,40.635101985502],[-104.943959889107,40.6349692225761],[-104.9439578821,40.6345564488648],[-104.943959059751,40.6344133757402],[-104.943959994985,40.6339714505633],[-104.943959433303,40.6338208215327],[-104.943960139627,40.6335161401676],[-104.943962664306,40.6332094096878],[-104.943962128048,40.6330556918325],[-104.943962873881,40.6327462079137],[-104.94396235457,40.6325904314433],[-104.943963650778,40.632432948977],[-104.94396404628,40.6322754622005],[-104.943967884038,40.6318091887197],[-104.943967150238,40.6315700357125],[-104.943966822804,40.6315003822818],[-104.943965399983,40.6313449445515],[-104.943964883494,40.6311888258193],[-104.943966886364,40.6303983018868],[-104.943968032855,40.6302590035823],[-104.943968227701,40.630235329732],[-104.943968685304,40.6300702946707],[-104.943970054876,40.6299038906067],[-104.943970529415,40.6297367969336],[-104.943971901792,40.6295700506546],[-104.943975064196,40.6294046844702],[-104.943975504834,40.6292417079656],[-104.943975022231,40.6290814710452],[-104.943975400744,40.6289260427124],[-104.943974833422,40.6287760996607],[-104.943973289218,40.6286354150841],[-104.943972614601,40.6284985097991],[-104.943993405112,40.6272390385758],[-104.943993179061,40.6263280703783],[-104.943997724978,40.6257756789665],[-104.943996175234,40.6255262282478],[-104.943994481413,40.6254037278271],[-104.943993685374,40.6252815757049],[-104.943993784295,40.6251601140807],[-104.943995675958,40.6250396894563],[-104.943997497112,40.6248183900806],[-104.943997175418,40.6246385971659],[-104.943998680246,40.6245651772023],[-104.9440104088,40.6243462584798],[-104.94398954966,40.6220631457567],[-104.943989058605,40.6219039378056],[-104.94399077,40.6212582052366],[-104.943992133685,40.6210924878512],[-104.94399531823,40.6209243764613],[-104.943996721423,40.6207538556569],[-104.943997729535,40.6204124614171],[-104.943997314694,40.6202439905841],[-104.943993266658,40.6200792757349],[-104.94399099147,40.6199180013867],[-104.943989608357,40.6197577606348],[-104.94399361744,40.6192705572515],[-104.943998171168,40.6189360420854],[-104.94399956302,40.6187668935857],[-104.944004159032,40.6184272318645],[-104.944004670115,40.6182556764338],[-104.944004297617,40.6180820589897],[-104.944004851037,40.6179053579351],[-104.944004523718,40.6177262499649],[-104.944006912019,40.6175454402911],[-104.944008413929,40.6173629099022],[-104.944010816322,40.6171803847067],[-104.944012315383,40.6169981982998],[-104.944014706467,40.6168170445872],[-104.944014065897,40.6164571139238],[-104.944016437189,40.6162783627883],[-104.944017007501,40.6160996030387],[-104.944018472653,40.6159215328834],[-104.944019040133,40.6157431162164],[-104.944023449625,40.6152071919661],[-104.944024587375,40.614850014549],[-104.944023289237,40.6141322113875],[-104.944023887742,40.6139500205199],[-104.944023599912,40.6137661089353],[-104.944024223818,40.6135808301405],[-104.944022154846,40.6133945091257],[-104.944022792875,40.6132075139059],[-104.944022262388,40.6128342019342],[-104.944023998594,40.612294833323],[-104.944025412826,40.6121229396946],[-104.944025889934,40.6119555011689],[-104.944027244876,40.611790812647],[-104.944028131322,40.6114641708838],[-104.944029480603,40.6113001685411],[-104.944029031866,40.6111358144849],[-104.944026776661,40.6109721371181],[-104.944047208726,40.6098763956879],[-104.944045896669,40.6098288999929],[-104.94403616532,40.6087364416273],[-104.944038502412,40.6085618073167],[-104.944039925004,40.6083888833017],[-104.944043134227,40.6082176842906],[-104.944043631014,40.60804784477],[-104.944042312945,40.6078797112436],[-104.944043261354,40.6075455217862],[-104.944050280915,40.6066922264322],[-104.94404990837,40.606518607518],[-104.94405690799,40.6059960757376],[-104.94405743295,40.6058228050938],[-104.944056651138,40.6054800283947],[-104.944059402949,40.6051455033131],[-104.944061649541,40.6049818480814],[-104.944060667333,40.6046634315282],[-104.944062865928,40.6045056090048],[-104.944063591235,40.6041985233738],[-104.944066647797,40.6040458516595],[-104.944066994922,40.6038941954374],[-104.944070031707,40.6037439254232],[-104.944072154049,40.6035953666099],[-104.944072458826,40.6034488568971],[-104.944073649797,40.6033040678905],[-104.944073917874,40.6031620193914],[-104.944075066503,40.6030223769023],[-104.944075292251,40.6028854740208],[-104.944079274391,40.6026202648009],[-104.94407949734,40.602593159744],[-104.944082370271,40.6022438810035],[-104.944082468999,40.6021224185841],[-104.94408346803,40.602000959562],[-104.944087311804,40.6017525622772],[-104.944084777387,40.6016228515847],[-104.944083179947,40.6014886857628],[-104.944084320063,40.6013500725143],[-104.94408458811,40.6012080239373],[-104.944086662374,40.6010652968538],[-104.94408785045,40.6009208508523],[-104.944088149529,40.6007750281343],[-104.944090271746,40.6006264682964],[-104.944089131427,40.6003272659782],[-104.944091592205,40.6000280799421],[-104.94409193078,40.5998774537563],[-104.944093169626,40.5997268309654],[-104.944093508196,40.5995762047669],[-104.944094747027,40.5994255828639],[-104.94409688894,40.5992746212536],[-104.944100836996,40.5991229829364],[-104.944102084267,40.5989713317073],[-104.944108476011,40.5985225658288],[-104.944109683756,40.598375717107],[-104.944113848911,40.5980882058936],[-104.944109573353,40.5979512813139],[-104.944110707711,40.5978133541329],[-104.944114537137,40.5976761260567],[-104.944114740212,40.59754196779],[-104.944113326128,40.5972760461564],[-104.944114409684,40.597144293894],[-104.944114592998,40.5970125382255],[-104.944112185582,40.596757934635],[-104.944110495094,40.5966350901148],[-104.944111488342,40.5965143180117],[-104.944107946533,40.5962881875993],[-104.944106052814,40.5960805924167],[-104.944105956791,40.595982803869],[-104.944104923871,40.5958894713509],[-104.944104537138,40.5957175674244],[-104.944100654038,40.5956424064346],[-104.944102143992,40.5955707022809],[-104.944111784433,40.5954110993754],[-104.944113243296,40.5953615616336],[-104.94410941812,40.5953302126156],[-104.944104224157,40.595164489699],[-104.944102803968,40.5950525991168],[-104.944102568603,40.5950333816839],[-104.944101725919,40.594964756218],[-104.944104307941,40.5948697244667],[-104.9441033738,40.5947643833238],[-104.944104288027,40.5946532180348],[-104.944103486507,40.5945317510559],[-104.94410455593,40.5944017142067],[-104.94410500441,40.5941282526824],[-104.944098403765,40.5938362282693],[-104.944099681982,40.5936808026853],[-104.944098287868,40.5935219322599],[-104.9440996338,40.5933582721933],[-104.94410413729,40.5930295873295],[-104.944100993612,40.5928645333196],[-104.944100550466,40.5926994922077],[-104.944100999034,40.5925354837985],[-104.944102342118,40.5923721667901],[-104.944102773743,40.5922102178843],[-104.944100490775,40.5920499706801],[-104.944099102329,40.5918904148772],[-104.944095905113,40.591731878872],[-104.944095402733,40.5915740428721],[-104.944096692201,40.5914172447783],[-104.944097078696,40.5912607845783],[-104.944100162813,40.5911046812808],[-104.944102360874,40.590946858159],[-104.94410090733,40.5904668301753],[-104.944102239094,40.5903048845853],[-104.944103122067,40.5899785848585],[-104.944102224526,40.5896498738754],[-104.944104478972,40.5894851877247],[-104.944108539296,40.5893198248641],[-104.944107675595,40.5889869965816],[-104.944109046806,40.5888202483795],[-104.944108620595,40.5886531484628],[-104.944109091689,40.5884863950429],[-104.944107765366,40.5883192908089],[-104.944105536117,40.5881525253687],[-104.944105775944,40.5881233606818],[-104.944105763594,40.5881232822733],[-104.944105759653,40.5881170097902],[-104.944104986404,40.5879576368672],[-104.944120581661,40.5856660231942],[-104.944119272292,40.5854968602086],[-104.944120665981,40.5853273661161],[-104.944122135504,40.5848202451016],[-104.944126674991,40.5844870991125],[-104.944128029137,40.5843224093255],[-104.944127569055,40.5841594264465],[-104.944128892167,40.5839985098856],[-104.944129298285,40.583839648539],[-104.944126981676,40.5836835191108],[-104.944125542567,40.5835301379074],[-104.944126783853,40.5833791722299],[-104.944129802657,40.5832309599802],[-104.944128566547,40.582943420849],[-104.944130812118,40.5826703092651],[-104.944131212331,40.5822932251694],[-104.94413036296,40.582177589642],[-104.9441303713,40.5820671058723],[-104.944131254279,40.5819597143364],[-104.944131234407,40.5818526615997],[-104.944130328621,40.5817438881378],[-104.944132173557,40.5815194981321],[-104.944133115767,40.5814049013959],[-104.944131377661,40.5812180705645],[-104.944154747731,40.5809175969031],[-104.9441556203,40.5795951772275],[-104.944134216041,40.5769911054561],[-104.944142129009,40.5763267084577],[-104.944135178067,40.5759795055783],[-104.944138873948,40.5753809714098],[-104.944137558632,40.5747954967078],[-104.944143523366,40.5736227185199],[-104.944146174268,40.5734493799385],[-104.944150635147,40.5730311554206],[-104.944143044568,40.572711944383],[-104.944137736758,40.5725227743668],[-104.944141148725,40.5723463558097],[-104.94413976484,40.5721568307935],[-104.944136265025,40.5719863598861],[-104.944138267332,40.57162340694],[-104.944134727601,40.5714577953104],[-104.944136205615,40.571278002916],[-104.944138373861,40.5707756212136],[-104.944152285124,40.5702345276853],[-104.944141087822,40.5693786274705],[-104.944144864374,40.5689192087723],[-104.944146462955,40.5682868468775],[-104.944144149659,40.5681303736824],[-104.944142722116,40.5679756203086],[-104.944143982828,40.5678222513535],[-104.944148241847,40.5675230721452],[-104.944148529374,40.567378619608],[-104.944146989024,40.567237590416],[-104.94414181551,40.5671006612764],[-104.944135702711,40.5669685304043],[-104.944127722582,40.5668446263532],[-104.944126072408,40.5668264331654],[-104.944086941707,40.5663241893318],[-104.944128577591,40.5645798094036],[-104.944151741633,40.5587297068144],[-104.944135910953,40.5581663971174],[-104.944131158442,40.5579972956559],[-104.944130941059,40.5578048035802],[-104.944128921439,40.5576126468981],[-104.944127793081,40.557421522926],[-104.944127050716,40.5568550277829],[-104.944130132956,40.556480011695],[-104.944130784241,40.5562912989133],[-104.944133240541,40.5561019076123],[-104.944132992132,40.55591319051],[-104.944131827124,40.5557265277348],[-104.944130946576,40.5551768436508],[-104.94413242138,40.5549973989795],[-104.944132085568,40.5548193172218],[-104.944133546262,40.5546415880659],[-104.944134112925,40.5544631683869],[-104.944137017368,40.5541097677717],[-104.944139341032,40.5539365032691],[-104.944139842826,40.5537659741071],[-104.944142115715,40.553598885507],[-104.944143353169,40.5531198948828],[-104.944146973714,40.5526793450491],[-104.944149012521,40.5525407333546],[-104.944150120661,40.5524058924274],[-104.944150292506,40.5522755075811],[-104.944151332967,40.5521489012057],[-104.944151468311,40.5521324320833],[-104.944155134192,40.5519053031331],[-104.944157906222,40.5517869399101],[-104.94416488343,40.5516104284527],[-104.944166992366,40.5515570918932],[-104.944167914363,40.5514448959782],[-104.944174845438,40.5508212760235],[-104.944179943678,40.5507341820603],[-104.944165173704,40.5500267638712],[-104.944162167046,40.5497357824932],[-104.944162505212,40.5495851542448],[-104.944162412026,40.5495607202024],[-104.944161359802,40.5492866330823],[-104.944163488694,40.5491370427398],[-104.944164723625,40.5489867618759],[-104.944163631786,40.5486817216326],[-104.944162201789,40.5485273105619],[-104.944162988073,40.5482126718865],[-104.944164299121,40.548053126194],[-104.944165547593,40.5475727624375],[-104.944167772282,40.5474115063843],[-104.944170899346,40.5472499115184],[-104.944173129657,40.5470879683365],[-104.944173997627,40.5467633803331],[-104.944175333994,40.5466007466146],[-104.944174871234,40.5464381051869],[-104.944175310851,40.5462751249464],[-104.944177972269,40.5459512307901],[-104.944180196881,40.5457899737672],[-104.944180619565,40.5456290521426],[-104.944180139884,40.5454684693172],[-104.944178760671,40.5453078812832],[-104.944179180536,40.5451473027456],[-104.944182299011,40.5449867371052],[-104.944183022929,40.5445701909376],[-104.944183547299,40.5445063729603],[-104.944185757755,40.5443468314131],[-104.944187065847,40.5441876295659],[-104.94418926782,40.5440291182281],[-104.944188768403,40.5438709361869],[-104.944189154406,40.5437144748783],[-104.94419041456,40.5435611049314],[-104.944190749813,40.5434108195452],[-104.944193154501,40.5431181488308],[-104.944195235212,40.5429743901723],[-104.944198212596,40.5428309798177],[-104.944200577772,40.5425431116642],[-104.944200876351,40.5423972866366],[-104.944202088524,40.5422497503665],[-104.94420150452,40.5421018614802],[-104.944198534697,40.5418064199969],[-104.944191343494,40.5413678758784],[-104.944192558496,40.5412199955603],[-104.944194687065,40.5410704048997],[-104.944197732022,40.540918759888],[-104.944205651868,40.5406117033626],[-104.944207811397,40.5404583384924],[-104.944206121404,40.5400071250374],[-104.944206735434,40.5397134152353],[-104.944210921942,40.5394228105857],[-104.944209700375,40.5391335534397],[-104.944209973556,40.5389908153525],[-104.944209324723,40.5388508187227],[-104.944212645284,40.5384466366746],[-104.94421292383,40.5381937575026],[-104.94421665358,40.5379587362333],[-104.944229089811,40.5378490391549],[-104.94423209062,40.5376523061983],[-104.94423117862,40.5375610081013],[-104.944231216211,40.5373253810583],[-104.944231664558,40.5372811502435],[-104.944228772059,40.5372033324772],[-104.944235728302,40.5370409494699],[-104.944232650144,40.5368760977099],[-104.94424019365,40.5367670886635],[-104.944241373675,40.5363537345432],[-104.944243831771,40.5360545046083],[-104.944244095189,40.5357527281172],[-104.944245331169,40.5356022675161],[-104.944244378257,40.5354484156578],[-104.944241287446,40.5352852541613],[-104.944244836095,40.5351229709537],[-104.944241834384,40.5349488209678],[-104.944241007652,40.5347797543529],[-104.944244604884,40.5346115536317],[-104.944241534942,40.5344458561599],[-104.94424440958,40.5340959090804],[-104.944237777722,40.5337449519857],[-104.944239234872,40.5335675640518],[-104.944238893241,40.5333901684084],[-104.944243295625,40.5328542321409],[-104.944246588128,40.5326723923574],[-104.944249003781,40.5324878042971],[-104.944251427884,40.5323021860018],[-104.944252958236,40.5321158780803],[-104.944255385125,40.5319299175591],[-104.944258705733,40.5317446466461],[-104.944260221962,40.5315600542404],[-104.944259031666,40.531376477349],[-104.944256939197,40.5311932401572],[-104.944256645442,40.5310100115583],[-104.944255455165,40.5308264346407],[-104.944254573929,40.5302767478649],[-104.944253378027,40.5300938580304],[-104.94425283943,40.5300499349154],[-104.944251277166,40.5299116492033],[-104.94425006437,40.5297308180039],[-104.944249748101,40.5295503333051],[-104.944250319884,40.5293712262341],[-104.944249084555,40.5291931398797],[-104.944249639434,40.5290160905445],[-104.944247485063,40.5288404016345],[-104.944244422935,40.5286657368417],[-104.944242251679,40.5284921065688],[-104.944241867793,40.5283198573253],[-104.944243274088,40.5281486451019],[-104.944243769785,40.5279788019061],[-104.94423861169,40.5272928737707],[-104.944238256002,40.5271171933843],[-104.944238805249,40.5269408310729],[-104.944238458024,40.5267641204429],[-104.944239001631,40.5265884443334],[-104.944240444533,40.5264127716163],[-104.944240982496,40.526237781709],[-104.944242414106,40.5260634823128],[-104.944242937978,40.5258902070345],[-104.944242556923,40.5257176145664],[-104.944241270962,40.5255457031074],[-104.944240884277,40.5253737968422],[-104.944241394049,40.5252022379795],[-104.944245974038,40.5248635969531],[-104.944249128054,40.5246985700446],[-104.944249958746,40.524378439668],[-104.944249425509,40.5242243750307],[-104.944251553425,40.5240747828091],[-104.944251846176,40.5239296433009],[-104.944253892349,40.5237900021369],[-104.944257056918,40.5234046895226],[-104.944260701163,40.5231799606319],[-104.944278120852,40.5227719304358],[-104.947873371833,40.5227970913213],[-104.948917659042,40.5228043783767],[-104.951119181478,40.5228197118676],[-104.95319367434,40.5228341213643],[-104.954604615799,40.5228437962619],[-104.957251807901,40.5228615826919],[-104.959030079264,40.522873447632],[-104.96333042129,40.5229021130861],[-104.963314592992,40.5223305872161],[-104.963263478829,40.5204848870788],[-104.963213053729,40.518663948991],[-104.963050236987,40.5123115736669],[-104.962963438438,40.5087479390684],[-104.962933701339,40.5052994286313],[-104.962909661493,40.5025113105561],[-104.962902155553,40.5017619466981],[-104.962900188498,40.5014818698924],[-104.96290060383,40.5014818637074],[-104.966158721955,40.501433161322],[-104.966355012137,40.5014302240226],[-104.966789975143,40.5014237135389],[-104.966897496168,40.5014219879808],[-104.96689776755,40.5014219838227],[-104.967055364746,40.5014194549453],[-104.967231644878,40.5014169313903],[-104.967231632705,40.5014169790656],[-104.96707992197,40.5019927685929],[-104.967228007972,40.5020546412395],[-104.967379810413,40.5021110222807],[-104.967534980049,40.5021617820003],[-104.967693159884,40.5022068036146],[-104.967853985997,40.5022459835414],[-104.968017088374,40.5022792316386],[-104.968182091764,40.5023064714113],[-104.968348616539,40.5023276401883],[-104.968516279572,40.5023426892657],[-104.968684695113,40.5023515840197],[-104.968829469609,40.5023831740495],[-104.968971687995,40.5024209284645],[-104.969110900216,40.5024647277911],[-104.969246665732,40.5025144334264],[-104.969378554903,40.5025698880767],[-104.969506150355,40.5026309162553],[-104.9696290483,40.5026973248373],[-104.969746859808,40.5027689036709],[-104.969859212045,40.5028454262422],[-104.969923603623,40.5028922854261],[-104.969993708174,40.5029340953484],[-104.970068849057,40.5029704524583],[-104.970148301015,40.5030010058349],[-104.970231297177,40.5030254605752],[-104.970317036461,40.5030435806399],[-104.970404691305,40.5030551911328],[-104.970493415657,40.5030601799883],[-104.970582353141,40.5030584990534],[-104.970670645323,40.5030501645527],[-104.970757439999,40.5030352569315],[-104.970841899419,40.5030139200797],[-104.970923208377,40.5029863599422],[-104.971000582076,40.5029528425315],[-104.971073273706,40.5029136913595],[-104.971140581654,40.5028692843152],[-104.971201856273,40.5028200500165],[-104.971256506152,40.5027664636733],[-104.971304003828,40.5027090425],[-104.971510809434,40.502363373136],[-104.971725098317,40.5020203703513],[-104.971946811384,40.5016801285493],[-104.972175887504,40.5013427413718],[-104.972368075986,40.501069815916],[-104.972425479929,40.5010127704923],[-104.972489739733,40.5009601574816],[-104.972560271252,40.5009124551435],[-104.972636433334,40.500870097098],[-104.972717533647,40.5008334683842],[-104.972802834977,40.5008029019603],[-104.972891561922,40.5007786756773],[-104.972982907947,40.5007610097537],[-104.973076042709,40.5007500647738],[-104.97317011961,40.5007459402279],[-104.973264283485,40.5007486736083],[-104.973357678381,40.5007582400686],[-104.973449455334,40.5007745526491],[-104.973538780086,40.5007974630675],[-104.973624840667,40.5008267630668],[-104.973706854775,40.5008621863079],[-104.973784076888,40.5009034107904],[-104.973917734996,40.500979404984],[-104.974047463414,40.5010592690356],[-104.974173069968,40.501142884646],[-104.974294368586,40.5012301279584],[-104.974411179574,40.5013208697421],[-104.974543714704,40.5014328833663],[-104.974669412971,40.501549398848],[-104.974788012246,40.5016701732391],[-104.974899265196,40.5017949547096],[-104.975002939801,40.5019234830729],[-104.975098819841,40.5020554903281],[-104.975186705346,40.5021907012187],[-104.97526641301,40.5023288338066],[-104.975277217213,40.5023489693156],[-104.975326159189,40.50244533101],[-104.975371130733,40.5025428135783],[-104.975430762947,40.5026739101872],[-104.975481991427,40.5028070611627],[-104.97552469543,40.5029419528064],[-104.975558774295,40.5030782673168],[-104.97558414768,40.5032156835383],[-104.975600755752,40.5033538777178],[-104.97560855933,40.5034925242673],[-104.975607539972,40.5036312965313],[-104.975597700027,40.5037698675559],[-104.975579062624,40.5039079108592],[-104.975498153408,40.5040903902605],[-104.975424227744,40.504274587919],[-104.975357348173,40.5044603481418],[-104.975297571285,40.504647513914],[-104.975244947664,40.5048359270314],[-104.975199521853,40.5050254282341],[-104.97516133231,40.5052158573412],[-104.975130411376,40.505407053386],[-104.975111736783,40.5055059399067],[-104.975107534378,40.5055307104733],[-104.975090943581,40.5056423916394],[-104.975078152423,40.5057543636372],[-104.975075827206,40.5057792777713],[-104.975066401374,40.5059164608557],[-104.975062676081,40.5060538030425],[-104.975064655102,40.5061911663517],[-104.975072336485,40.5063284127812],[-104.975074345939,40.5063533437963],[-104.975089812176,40.5064985611657],[-104.975111664509,40.506643299668],[-104.975139878283,40.5067873957303],[-104.975145351895,40.5068120208826],[-104.975174422036,40.50693068608],[-104.97520781101,40.5070486872265],[-104.975245492933,40.5071659327643],[-104.975253822033,40.5071900871921],[-104.975312394315,40.5073461559037],[-104.975331952985,40.5073938276221],[-104.97538943673,40.5075240038366],[-104.975452296871,40.5076527240822],[-104.975464297946,40.5076759611628],[-104.975553195398,40.507837089078],[-104.975650534899,40.5079953491741],[-104.975665120975,40.5080177081194],[-104.975760081376,40.5081559629678],[-104.975861503584,40.5082915178501],[-104.975886134761,40.5083228036657],[-104.975902746208,40.5083435722749],[-104.975962086577,40.5084156950285],[-104.975962108792,40.5084157212458],[-104.975962368329,40.5084160313175],[-104.976006011332,40.508467132003],[-104.976006284993,40.5084674466413],[-104.976050592553,40.5085177586912],[-104.98176478714,40.5084529017988],[-104.991712695615,40.508582382748],[-104.991719774345,40.5085824740575],[-104.991845952376,40.5115211832074],[-104.99203539388,40.5166101370016],[-104.992298995503,40.5233007317276],[-104.992424708041,40.5257328185461],[-104.992489183264,40.5270321216925],[-104.992672206381,40.5281398273906],[-104.992988410847,40.5298849094051],[-104.993268105261,40.5308558217238],[-104.993830765986,40.5327948623563],[-104.994815076734,40.5359716844156],[-104.99529036173,40.5376393395102],[-104.996563734622,40.5419233842711],[-104.99704855064,40.5436007643001],[-104.99781899764,40.5462730400696],[-104.999823908818,40.5530091825629],[-105.000439819179,40.5551501764702],[-105.000640435847,40.5559903487349],[-105.000906242718,40.5571612621071],[-105.001033727971,40.5579344750168],[-105.001218827592,40.5591050406084],[-105.001302921091,40.5597426196029],[-105.001404336228,40.5614508938636],[-105.00140335228,40.5631517127117],[-105.001427491502,40.5645794501588],[-105.001385420199,40.5665610965759],[-105.001285536736,40.5740963533557],[-105.001277713848,40.5755053834009],[-105.001286269233,40.5786728580085],[-105.001271829534,40.5811959356585],[-105.001289386515,40.5836224729196],[-105.00132046483,40.5872470598689],[-105.001311036402,40.5882590293731],[-105.001309179442,40.5884583895377],[-105.001329299691,40.5956479038223],[-105.001308587719,40.6027132834098],[-105.00131379765,40.6057379646019],[-105.001322635839,40.610095753752],[-105.001288571119,40.6143402506352],[-105.001272285547,40.6172992348825],[-105.001324795988,40.6229897205144],[-105.001308500283,40.6245551090603],[-105.001286771945,40.625701242236],[-105.001174428688,40.6278064351879],[-105.001137806425,40.6295947506302],[-105.001028695518,40.6317858940031],[-105.000645641328,40.6317747314536],[-104.991355817526,40.6317315354484],[-104.991370671595,40.6303570953289],[-104.991218230161,40.6305060221269],[-104.990303584465,40.6313985754435],[-104.990034501929,40.6317250665186],[-104.98910318979,40.6317202960517],[-104.988899629218,40.63171940235],[-104.988704309146,40.6317184553372],[-104.983194961988,40.6316915167153],[-104.983134671635,40.631568034967],[-104.982965095415,40.6312207227239],[-104.982736990968,40.63097593504],[-104.981713725553,40.6298707160704],[-104.979644456656,40.6313018109616],[-104.979091079636,40.6316176866638],[-104.978981404841,40.6316580512831],[-104.978862036962,40.6317013415322],[-104.978489385192,40.6318391288888],[-104.977831194735,40.6319691449847],[-104.97754158689,40.631981821083],[-104.977152350787,40.631998857929],[-104.976772300158,40.6319583703284],[-104.976478943821,40.6319271176229],[-104.975836843608,40.631756686481],[-104.975531135178,40.6316168380246],[-104.975250711499,40.6314941061548],[-104.974884582121,40.6312942640664],[-104.974259558236,40.6309531061696],[-104.973712189351,40.6306543285941],[-104.973151683872,40.6303483754362],[-104.972948712441,40.6303652208646],[-104.972745742098,40.6303820650439],[-104.972778580823,40.6316303463445],[-104.972836652424,40.6327555895327],[-104.972673464642,40.632791967631],[-104.971854211619,40.6324670949525],[-104.971117361297,40.6321630074176],[-104.970328884493,40.6318196744328],[-104.970468889048,40.6317159973269],[-104.970123632378,40.6316094139554],[-104.969331491483,40.6313648682964],[-104.969177308748,40.631316256507],[-104.968036620474,40.6309566020592],[-104.967564385585,40.6307551459109],[-104.966079383187,40.6296954073052],[-104.966010186018,40.6296562956431],[-104.965897612823,40.6297627562924],[-104.964114561238,40.6286840252491],[-104.96400866395,40.6287104615799],[-104.962942147516,40.6281695295062],[-104.962929577039,40.6293242322686],[-104.96215034615,40.6288945845793],[-104.960517252233,40.6306705434733],[-104.958637870077,40.6304446359365],[-104.957790358109,40.6309600855215],[-104.957381248967,40.6314945283885],[-104.955990381968,40.6318535206861],[-104.955652224091,40.632564490237],[-104.955942974645,40.6334896139898],[-104.956246290562,40.6344546927901],[-104.957028262702,40.635664524105],[-104.957077673903,40.6365100201478],[-104.95709568052,40.6368181392976],[-104.956263972662,40.637319697741],[-104.955995253749,40.6379221225382],[-104.956130048553,40.6382644196292],[-104.95632732606,40.6387653782552],[-104.953312091185,40.6388179532467],[-104.950992740675,40.6388216974954],[-104.95089338789,40.6388122386163],[-104.950623062021,40.6388222902951],[-104.950581495796,40.6388238357872],[-104.950553709689,40.6388248690537],[-104.950344727059,40.6388238824305],[-104.949974541466,40.6388173302698],[-104.949844833718,40.6388160310847],[-104.949712415228,40.6388157482755],[-104.949578186778,40.6388164860926],[-104.949443051946,40.6388179056915],[-104.949021493633,40.6388145386273],[-104.948876458533,40.6388148813713],[-104.948730532663,40.6388138472689],[-104.948434170962,40.6388127864807],[-104.948286444712,40.6388117432906],[-104.948140532873,40.6388089929559],[-104.947996415391,40.6388072802829],[-104.947854119121,40.6388031742873],[-104.947455080646,40.6387999083673],[-104.947333485673,40.6387979586693],[-104.947219986557,40.6387974197375],[-104.947011909283,40.6387957452059],[-104.946914610285,40.6387969984949],[-104.946821806787,40.638799302402],[-104.946729890019,40.638803326009],[-104.946535297609,40.6388051458373],[-104.946329010653,40.6388048510449],[-104.946224525025,40.6388036677909],[-104.945744455246,40.638795206916],[-104.945459829248,40.6387911064267]]]},"properties":{"FID":1,"OG_CODE":1252,"CDE_Code":"8852","School":"Timnath","SchoolFull":"Timnath Elementary","Address":"3909 Main Street","Loc_Code":"187","BldgID":91870,"ArticArea":"Timnath Middle-High School","City":"Timnath","State":"CO","Zip":80547,"Phone":"970-488-6825","Shape_Leng":134528.7119,"Shape_Area":668578042.024,"Shape__Area":107778713.93359375,"Shape__Length":54073.759100345604,"RIC":"76","RICNC":"111","FCI":"39","NSC":"95","FCA":24.28,"FCA_Remain":5.7199999999999989}},{"type":"Feature","id":2,"geometry":{"type":"Polygon","coordinates":[[[-105.061340506955,40.5236946988097],[-105.058484501366,40.5236764130057],[-105.05805560468,40.5236769827162],[-105.056893722471,40.5236648139284],[-105.055732201608,40.5236569783922],[-105.053430848712,40.5236414197805],[-105.051032932224,40.5236251588555],[-105.048770909746,40.5236097742743],[-105.047107424155,40.5235984324942],[-105.044611834228,40.5235666862127],[-105.043540884389,40.5234691437965],[-105.043599358709,40.5232263072206],[-105.04370412253,40.5228940807887],[-105.043981901546,40.5220131701497],[-105.04404581432,40.5218104826241],[-105.044169445852,40.5214184060538],[-105.044230828773,40.5212237389422],[-105.04446506056,40.5204808904697],[-105.044953030578,40.5191103451354],[-105.045216485312,40.5183703623223],[-105.045289672648,40.5181647923732],[-105.045350479519,40.517989607229],[-105.045395800162,40.5178590392371],[-105.045517047886,40.5175097183217],[-105.045941096382,40.5162879882978],[-105.046376258426,40.5150341913931],[-105.046628033296,40.5143087485425],[-105.046847714637,40.5136757640952],[-105.046889113106,40.513556478792],[-105.047068652783,40.5130391484005],[-105.04709706293,40.5129568262579],[-105.047187118207,40.5126854701317],[-105.047400204919,40.5120784152732],[-105.048015756521,40.510294663977],[-105.048259738085,40.5095876250505],[-105.048436297482,40.5090759613906],[-105.048496791573,40.5089009981896],[-105.048137920718,40.5088995056726],[-105.047839751241,40.5089010121997],[-105.046521859526,40.5089158152632],[-105.045888839451,40.5089246251298],[-105.045602467633,40.5088589985074],[-105.045393103285,40.5087068582153],[-105.045184675805,40.5085687243575],[-105.045116748571,40.5084892675105],[-105.045047314381,40.5083984591845],[-105.044964657656,40.5082640747819],[-105.044946276282,40.5080581963019],[-105.044885766301,40.5079421137551],[-105.044724229803,40.5078595629467],[-105.043451411795,40.5075916446717],[-105.043082829414,40.5074766915827],[-105.042695982161,40.5073560394802],[-105.04232030694,40.5071544857208],[-105.042246273002,40.507114765619],[-105.041830719246,40.5070108807207],[-105.041769088609,40.5069922396369],[-105.041401661584,40.5068811060022],[-105.041016936641,40.5067647380144],[-105.040320676795,40.5065571403047],[-105.040076109524,40.5064278392503],[-105.039481610982,40.506075892179],[-105.039301531474,40.506074409084],[-105.03930215498,40.5040308069146],[-105.039301681905,40.5029115370909],[-105.039303295437,40.5014064721921],[-105.03930492612,40.5006998928625],[-105.039306249019,40.5001271102222],[-105.039514290712,40.5001219750589],[-105.039777648813,40.5001223559337],[-105.043549045767,40.5001277526668],[-105.043822355833,40.5001281931961],[-105.048405677849,40.5001361856486],[-105.048448749089,40.5001374689102],[-105.048436198167,40.4983827156026],[-105.048393440613,40.4983803798674],[-105.043788335486,40.498374032737],[-105.043590580791,40.4983737467045],[-105.039479208652,40.4983679176563],[-105.039311006495,40.4983713663524],[-105.039313017542,40.4972833298871],[-105.039319481807,40.4947483571732],[-105.048412065079,40.4946432171986],[-105.048803620286,40.4946387355722],[-105.048947027787,40.4946370942284],[-105.058203200109,40.4945324660779],[-105.063239307209,40.4946518131619],[-105.066354042898,40.4947285679447],[-105.067921492804,40.4947642592129],[-105.069142158265,40.4947711972645],[-105.07740014021,40.4948049673616],[-105.077465958781,40.5020389238213],[-105.07743960876,40.5044667587591],[-105.077417967866,40.5063490490457],[-105.077415939888,40.5065298666482],[-105.077391966509,40.508696876848],[-105.077273656403,40.5146283944086],[-105.077237097527,40.5163936250819],[-105.077127077929,40.5216817444102],[-105.077088242549,40.5235790602694],[-105.070736632763,40.5235756712936],[-105.068272607396,40.5235740914368],[-105.067563077279,40.5235735118653],[-105.067552292743,40.5235724423708],[-105.067531609774,40.523572365397],[-105.067520820852,40.5235719821234],[-105.067468663801,40.5235717879945],[-105.067458774139,40.5235714080624],[-105.067416508943,40.5235712507303],[-105.067406619282,40.5235708707938],[-105.067364354086,40.5235707134427],[-105.067354464425,40.5235703335017],[-105.067312199229,40.5235701761317],[-105.067302309569,40.5235697961863],[-105.067228572487,40.5235691784707],[-105.067218682827,40.5235687985182],[-105.067103580828,40.5235676835372],[-105.067062219284,40.5235668432024],[-105.067030745204,40.5235667259343],[-105.066989383662,40.5235658855736],[-105.066842813166,40.523563966827],[-105.066832923509,40.5235635868416],[-105.066811341284,40.5235635063875],[-105.066780770859,40.5235627061801],[-105.066728616014,40.5235621686072],[-105.066697146331,40.5235613650248],[-105.066676463366,40.5235612878988],[-105.066644993684,40.5235604843024],[-105.066572156895,40.5235595264077],[-105.066498426425,40.5235578788931],[-105.066477743462,40.5235578017318],[-105.066261945431,40.5235532221196],[-105.065375295578,40.5235464780116],[-105.063973215568,40.5236539696681],[-105.06288057165,40.5236780112565],[-105.061340506955,40.5236946988097]]]},"properties":{"FID":2,"OG_CODE":6204,"CDE_Code":"9380","School":"Werner","SchoolFull":"Werner Elementary","Address":"5402 Mail Creek Ln","Loc_Code":"190","BldgID":91900,"ArticArea":"Fossil Ridge HS","City":"Fort Collins","State":"CO","Zip":80525,"Phone":"970-488-5550","Shape_Leng":48026.189742,"Shape_Area":98877205.1147,"Shape__Area":15908851.703125,"Shape__Length":19258.1672336116,"RIC":"61","RICNC":"62","FCI":"21","NSC":"76","FCA":20.6,"FCA_Remain":9.3999999999999986}},{"type":"Feature","id":3,"geometry":{"type":"Polygon","coordinates":[[[-105.153256964035,40.556788150814],[-105.153191372834,40.5522271825579],[-105.153153819741,40.5449972837514],[-105.148373517098,40.5450759809873],[-105.148096479944,40.54508052622],[-105.146859959408,40.5450956809616],[-105.146523524606,40.5451416230547],[-105.145683025673,40.5451531733443],[-105.144810578298,40.5451295391682],[-105.143605060253,40.5451464804103],[-105.139488105174,40.5452214957693],[-105.138333294655,40.5452426624094],[-105.13601626258,40.5452675994083],[-105.135689718842,40.5452711108091],[-105.134120120765,40.5452942633731],[-105.134089686212,40.5400436489636],[-105.134082606973,40.538822194028],[-105.134079470078,40.5382808454362],[-105.134078133085,40.5380500941643],[-105.138844264351,40.5379562848072],[-105.138899482041,40.5343514200161],[-105.13649151754,40.5343906838063],[-105.134075257325,40.53443663039],[-105.131997780708,40.5344455111639],[-105.129372103411,40.534470449133],[-105.128197400804,40.5344776750679],[-105.127003078757,40.5344788013369],[-105.127002982663,40.5332606821106],[-105.127002974212,40.5331144885152],[-105.127002949074,40.5326092851199],[-105.127002926673,40.532190080079],[-105.127002910521,40.5318881368237],[-105.127002930493,40.5316076876382],[-105.127002914087,40.5313331947063],[-105.127002891266,40.5308528342987],[-105.127003685144,40.5307388026588],[-105.126077967225,40.5308149459086],[-105.1246948549,40.5308665527043],[-105.122907336879,40.5308740110769],[-105.122520662448,40.5308756429977],[-105.122391556546,40.5308761871895],[-105.122390392688,40.5309580482339],[-105.122390522908,40.5310201540005],[-105.122390749331,40.5311299472404],[-105.122391321827,40.5314044402536],[-105.122391750907,40.5316103099996],[-105.12239218,40.5318161779337],[-105.122392581813,40.5320083237347],[-105.122392983633,40.5322004686256],[-105.122393385451,40.5323926144075],[-105.122393784911,40.5325847601721],[-105.122394186743,40.5327769041337],[-105.122394587392,40.5329690489825],[-105.122394989219,40.533161194726],[-105.122395391048,40.53335334046],[-105.122395790524,40.5335454852762],[-105.122396192368,40.5337376291898],[-105.122396591843,40.5339297748874],[-105.122396993682,40.534121920583],[-105.122397393167,40.5343140653609],[-105.122397838738,40.5345275610537],[-105.12223595417,40.5345290504614],[-105.121976940975,40.5345314323312],[-105.12171663167,40.534533826516],[-105.121585685549,40.5345350302689],[-105.121423586126,40.5345365178456],[-105.121253358393,40.5345380831742],[-105.121089135389,40.5345395921824],[-105.120960132208,40.5345407754483],[-105.119916882021,40.5345503528109],[-105.116946449282,40.5345711407692],[-105.116334436572,40.5345749154154],[-105.116349280811,40.5327831185468],[-105.115341959691,40.5327837721308],[-105.115154166246,40.5327834241973],[-105.115154983621,40.5325641940337],[-105.115155788372,40.5321064757596],[-105.115158120268,40.530905908997],[-105.115150747474,40.5284072887504],[-105.115134137038,40.5235823794716],[-105.113787002574,40.5235822758999],[-105.108832836838,40.5235869778984],[-105.108466053775,40.524031798672],[-105.108448120045,40.5240228171426],[-105.108393413659,40.5239968988448],[-105.108337804081,40.5239716628149],[-105.108281291301,40.5239471108525],[-105.108224774589,40.5239232450879],[-105.108167354677,40.5239000624885],[-105.108109928843,40.5238779091986],[-105.108051599806,40.5238564390722],[-105.107993266832,40.5238356551417],[-105.107988992287,40.5238342295194],[-105.107934028664,40.5238158974856],[-105.107874785374,40.5237968260205],[-105.107814640056,40.5237784377195],[-105.107754490793,40.5237607356124],[-105.107693436331,40.5237440597761],[-105.107632375929,40.5237284132455],[-105.107570414303,40.5237131067586],[-105.107508446734,40.5236988295764],[-105.10744647322,40.5236855816991],[-105.107384495748,40.523673020014],[-105.107321615055,40.5236611414822],[-105.10725872723,40.5236502922503],[-105.107248561315,40.5236486719771],[-105.107194937358,40.5236401261738],[-105.107132042784,40.5236306493278],[-105.107004437231,40.5236147774649],[-105.106976576053,40.5236119382802],[-105.106939728239,40.5236080393333],[-105.106727610127,40.5235887931927],[-105.104729388232,40.5235919637398],[-105.102670007476,40.5235966064196],[-105.096148328981,40.5236115238973],[-105.091957695181,40.5236082070759],[-105.087825591091,40.5235922513193],[-105.083893072012,40.5235854414788],[-105.082847212841,40.5235844366291],[-105.080881391434,40.5235829789249],[-105.080932453381,40.5224203630793],[-105.081144679331,40.5130525260144],[-105.081161437316,40.5122364821675],[-105.081205124187,40.5114830822916],[-105.081325842884,40.5108937771726],[-105.081579163238,40.5103168632641],[-105.081941907411,40.5097135367716],[-105.082233545854,40.5092463940179],[-105.082699127062,40.508420616798],[-105.083049503884,40.5078339056484],[-105.083812918043,40.5065373402266],[-105.084777025258,40.5049313160486],[-105.085514317111,40.503688939612],[-105.086572285129,40.501909769904],[-105.086136024518,40.5019164054282],[-105.086707395002,40.500962921486],[-105.088899946721,40.4972921664192],[-105.089199922206,40.4967893904289],[-105.08952566994,40.4962400067743],[-105.0902894793,40.4949509982592],[-105.090423005904,40.4947219159502],[-105.090492934917,40.4945853612342],[-105.093841111676,40.4945258875779],[-105.093957082515,40.4945240235778],[-105.094211836102,40.4945199273387],[-105.096276223096,40.4944884996579],[-105.100053459901,40.4944748037845],[-105.102326811329,40.4944668257987],[-105.10519183929,40.4944564733747],[-105.109034317265,40.4944403062493],[-105.11115822219,40.4944324565088],[-105.113198264418,40.4944270219551],[-105.115622631372,40.4944179140723],[-105.115730436266,40.4944167956253],[-105.124407880105,40.4943638029444],[-105.125174595108,40.4943592317455],[-105.126311810709,40.4943595863851],[-105.129810769023,40.4943605889285],[-105.134711836783,40.4943618406492],[-105.134703016771,40.4931705914157],[-105.134674999477,40.4893808212264],[-105.134673039929,40.489115504395],[-105.134658825938,40.4871924600248],[-105.134655999726,40.4868031777886],[-105.134632797232,40.483609488818],[-105.134606741611,40.4800223960023],[-105.134763257535,40.4764139172667],[-105.134919756808,40.4728054297633],[-105.134913374758,40.4725888493845],[-105.135277529711,40.4725842642704],[-105.141630087378,40.4725040722182],[-105.14676014924,40.4724654562927],[-105.147529325041,40.4724624892847],[-105.14867486717,40.4726011596087],[-105.1533484234,40.4725970676713],[-105.162676449815,40.4726892204985],[-105.173466954686,40.4727349129125],[-105.173463661454,40.4727949798392],[-105.182868937626,40.4728821288374],[-105.18272073553,40.4764881618196],[-105.182586747225,40.4797484669949],[-105.182570734173,40.4801380152375],[-105.182411859423,40.4849700821775],[-105.18233819547,40.4871772241789],[-105.18222001425,40.4907179161812],[-105.182101821826,40.4942586094786],[-105.181950135655,40.4983695658955],[-105.181942676843,40.4985720783661],[-105.181836999763,40.5014521070912],[-105.181729612974,40.504365883521],[-105.181573191173,40.5086095620514],[-105.18188382308,40.515974453691],[-105.181959428635,40.5177565964175],[-105.182056401522,40.520044521968],[-105.182164760458,40.5226142097831],[-105.182167486467,40.5226848347677],[-105.182193787504,40.5233026159473],[-105.181949249666,40.5374480261823],[-105.18197011201,40.5410460126264],[-105.182008598229,40.5446437367907],[-105.182013769193,40.5518386344255],[-105.177174569253,40.5518548715303],[-105.172348943742,40.5518710508289],[-105.167429946482,40.5520090822088],[-105.162510936272,40.5521469000639],[-105.159239988381,40.5521753342521],[-105.159646431522,40.5531140824553],[-105.159850429415,40.553656248736],[-105.160151855278,40.5542956444888],[-105.160382348259,40.554895247756],[-105.160579205457,40.5553812638282],[-105.160866409388,40.5559652004471],[-105.161399568754,40.5562418377255],[-105.162115733676,40.5562672099482],[-105.162584396819,40.5559276519769],[-105.162601337197,40.5554842192567],[-105.162665551406,40.5550244694198],[-105.163294288467,40.5551954129713],[-105.164047086195,40.5550018527664],[-105.164807850251,40.5550830319231],[-105.165637412997,40.5550068986011],[-105.166328482724,40.5550295502888],[-105.166838719045,40.5548879821196],[-105.167408268098,40.5555648868873],[-105.166853401395,40.5558548779772],[-105.166196323014,40.5557090125708],[-105.165555503978,40.5556053096759],[-105.165040306727,40.5557234549126],[-105.164439314266,40.5556058027679],[-105.163796407034,40.5558005884058],[-105.163592652737,40.5563253188385],[-105.163529618792,40.5568260544688],[-105.162737083485,40.556822481084],[-105.160485951798,40.5568123014504],[-105.160167238599,40.5568111703541],[-105.153256964035,40.556788150814]]]},"properties":{"FID":3,"OG_CODE":6218,"CDE_Code":"5688","School":"McGraw","SchoolFull":"McGraw Elementary","Address":"4800 Hinsdale Dr","Loc_Code":"154","BldgID":91540,"ArticArea":"Rocky Mountain HS","City":"Fort Collins","State":"CO","Zip":80526,"Phone":"970-488-8335","Shape_Leng":125924.971695,"Shape_Area":540874289.172,"Shape__Area":87031095.01953125,"Shape__Length":50518.405343762111,"RIC":"63","RICNC":"44","FCI":"23","NSC":"79","FCA":17.28,"FCA_Remain":12.719999999999999}},{"type":"Feature","id":4,"geometry":{"type":"Polygon","coordinates":[[[-105.108334577879,40.5455351716147],[-105.108189686036,40.545513893648],[-105.108030216515,40.5455230542626],[-105.105660101644,40.5455118229067],[-105.105659101052,40.5454430861521],[-105.105622627254,40.5429370649294],[-105.1056243322,40.5427804865699],[-105.105624663838,40.5425551287057],[-105.10562563094,40.5423681814575],[-105.105626614743,40.5421818106226],[-105.105628166501,40.5418878909446],[-105.105640555275,40.5416054605822],[-105.10564112444,40.5415013456212],[-105.105401372221,40.5414442975409],[-105.10522867698,40.5414046218178],[-105.105120060159,40.5413594647305],[-105.105028732517,40.5412785325419],[-105.104949376873,40.5409753249114],[-105.104896539065,40.5408816146239],[-105.104772239587,40.540782536184],[-105.104580837215,40.5407301608487],[-105.10446025092,40.5407031728762],[-105.104207322294,40.5406413584708],[-105.104115334288,40.5405584411346],[-105.104044604177,40.5404444471578],[-105.103830267507,40.5400285791954],[-105.102429106461,40.5400186283555],[-105.101435201745,40.5400115609043],[-105.101235493277,40.5400101392494],[-105.100684991878,40.5400062184991],[-105.10007266153,40.540001854572],[-105.099808844767,40.5399999739144],[-105.09913015675,40.5399952657584],[-105.096757879242,40.5399787790203],[-105.096318931809,40.5399755604658],[-105.096138898906,40.5399749665751],[-105.096139479265,40.539559003147],[-105.096141787766,40.5384640147228],[-105.096142425121,40.5381614901952],[-105.096143012272,40.5365563818992],[-105.096142808955,40.5362890910334],[-105.096143833831,40.5343092970592],[-105.096142635944,40.5311162206812],[-105.096146332804,40.5308781108018],[-105.09614629951,40.5293759330336],[-105.096147656059,40.525231048288],[-105.096148328981,40.5236115238973],[-105.102670007476,40.5235966064196],[-105.104729388232,40.5235919637398],[-105.106727610127,40.5235887931927],[-105.106939728239,40.5236080393333],[-105.106976576053,40.5236119382802],[-105.107004437231,40.5236147774649],[-105.107132042784,40.5236306493278],[-105.107194937358,40.5236401261738],[-105.107248561315,40.5236486719771],[-105.10725872723,40.5236502922503],[-105.107321615055,40.5236611414822],[-105.107384495748,40.523673020014],[-105.10744647322,40.5236855816991],[-105.107508446734,40.5236988295764],[-105.107570414303,40.5237131067586],[-105.107632375929,40.5237284132455],[-105.107693436331,40.5237440597761],[-105.107754490793,40.5237607356124],[-105.107814640056,40.5237784377195],[-105.107874785374,40.5237968260205],[-105.107934028664,40.5238158974856],[-105.107988992287,40.5238342295194],[-105.107993266832,40.5238356551417],[-105.108051599806,40.5238564390722],[-105.108109928843,40.5238779091986],[-105.108167354677,40.5239000624885],[-105.108224774589,40.5239232450879],[-105.108281291301,40.5239471108525],[-105.108337804081,40.5239716628149],[-105.108393413659,40.5239968988448],[-105.108448120045,40.5240228171426],[-105.108466053775,40.524031798672],[-105.108832836838,40.5235869778984],[-105.113787002574,40.5235822758999],[-105.115134137038,40.5235823794716],[-105.115150747474,40.5284072887504],[-105.115158120268,40.530905908997],[-105.115155788372,40.5321064757596],[-105.115154983621,40.5325641940337],[-105.115154166246,40.5327834241973],[-105.115147959487,40.5355383257477],[-105.11514606589,40.5360293224683],[-105.115141618265,40.5382341887808],[-105.115142770632,40.5402452108363],[-105.115145032118,40.543642432086],[-105.115144620239,40.5437148285051],[-105.115145783981,40.5450914220228],[-105.115145897988,40.5455866046106],[-105.115006002185,40.5455867195206],[-105.114950268244,40.5455862125101],[-105.11408608239,40.5455783476005],[-105.11298917846,40.5455683562371],[-105.112771472342,40.5455663713067],[-105.111227239871,40.545558641173],[-105.110435498043,40.5455547413666],[-105.109928937939,40.5455500373938],[-105.109760552448,40.5455484734848],[-105.109533878599,40.5455463668296],[-105.109307204759,40.5455442606329],[-105.109080530939,40.5455421530936],[-105.108853857127,40.5455400460128],[-105.108627183324,40.5455379393905],[-105.108334577879,40.5455351716147]]]},"properties":{"FID":4,"OG_CODE":6103,"CDE_Code":"4456","School":"Johnson","SchoolFull":"Johnson Elementary","Address":"4101 Seneca St","Loc_Code":"133","BldgID":91330,"ArticArea":"Rocky Mountain HS","City":"Fort Collins","State":"CO","Zip":80526,"Phone":"970-488-5000","Shape_Leng":26419.353587,"Shape_Area":37045704.1543,"Shape__Area":5964811.05859375,"Shape__Length":10605.657785734618,"RIC":"45","RICNC":"40","FCI":"31","NSC":"56","FCA":21.17,"FCA_Remain":8.8299999999999983}},{"type":"Feature","id":5,"geometry":{"type":"MultiPolygon","coordinates":[[[[-105.080881391434,40.5235829789249],[-105.079008199751,40.5235808851904],[-105.077088242549,40.5235790602694],[-105.077127077929,40.5216817444102],[-105.077237097527,40.5163936250819],[-105.077273656403,40.5146283944086],[-105.077391966509,40.508696876848],[-105.077415939888,40.5065298666482],[-105.077417967866,40.5063490490457],[-105.07743960876,40.5044667587591],[-105.077465958781,40.5020389238213],[-105.07740014021,40.4948049673616],[-105.078735659136,40.4947800832773],[-105.084245073623,40.4946893328155],[-105.086605841002,40.494647395657],[-105.086841027938,40.4946434224542],[-105.08752213422,40.4946319129725],[-105.090492934917,40.4945853612342],[-105.090423005904,40.4947219159502],[-105.0902894793,40.4949509982592],[-105.08952566994,40.4962400067743],[-105.089199922206,40.4967893904289],[-105.088899946721,40.4972921664192],[-105.086707395002,40.500962921486],[-105.086136024518,40.5019164054282],[-105.086572285129,40.501909769904],[-105.085514317111,40.503688939612],[-105.084777025258,40.5049313160486],[-105.083812918043,40.5065373402266],[-105.083049503884,40.5078339056484],[-105.082699127062,40.508420616798],[-105.082233545854,40.5092463940179],[-105.081941907411,40.5097135367716],[-105.081579163238,40.5103168632641],[-105.081325842884,40.5108937771726],[-105.081205124187,40.5114830822916],[-105.081161437316,40.5122364821675],[-105.081144679331,40.5130525260144],[-105.080932453381,40.5224203630793],[-105.080881391434,40.5235829789249]]],[[[-105.080881391434,40.5235829789249],[-105.082847212841,40.5235844366291],[-105.083893072012,40.5235854414788],[-105.087825591091,40.5235922513193],[-105.091957695181,40.5236082070759],[-105.096148328981,40.5236115238973],[-105.096147656059,40.525231048288],[-105.09614629951,40.5293759330336],[-105.096146332804,40.5308781108018],[-105.096142635944,40.5311162206812],[-105.096143833831,40.5343092970592],[-105.096142808955,40.5362890910334],[-105.096143012272,40.5365563818992],[-105.096142425121,40.5381614901952],[-105.093979231821,40.5381539535987],[-105.091407684638,40.53814528503],[-105.090237755123,40.5381414121738],[-105.089772471101,40.5381398681398],[-105.088419689679,40.5381350856038],[-105.08517444855,40.5381242346313],[-105.083421409711,40.5381179646793],[-105.081068430324,40.5381101936419],[-105.080552414028,40.538105724503],[-105.08065923917,40.5334533438305],[-105.080709249333,40.531052876754],[-105.080842421441,40.525939319009],[-105.080881391434,40.5235829789249]]]]},"properties":{"FID":5,"OG_CODE":6205,"CDE_Code":"5292","School":"Lopez","SchoolFull":"Lopez Elementary","Address":"637 Wabash St","Loc_Code":"151","BldgID":91510,"ArticArea":"Rocky Mountain HS","City":"Fort Collins","State":"CO","Zip":80526,"Phone":"970-488-8800","Shape_Leng":45615.0019569,"Shape_Area":41486139.0316,"Shape__Area":6677017.55078125,"Shape__Length":18312.28301602347,"RIC":"46","RICNC":"52","FCI":"22","NSC":"58","FCA":20.75,"FCA_Remain":9.25}},{"type":"Feature","id":6,"geometry":{"type":"Polygon","coordinates":[[[-105.039295587593,40.538016626834],[-105.039323555443,40.5318781445908],[-105.039329215398,40.5307277335304],[-105.039344353231,40.527650907291],[-105.039350741139,40.526352550833],[-105.039357061248,40.5250679311016],[-105.039360250858,40.5244194459246],[-105.039367964398,40.5234236477244],[-105.039367264575,40.5233210140484],[-105.036055832409,40.5232967089179],[-105.032051197413,40.52327170923],[-105.02682259988,40.5232175502576],[-105.02366363309,40.5231905695986],[-105.021326650406,40.5232517185432],[-105.020614468018,40.5233697395642],[-105.020319292285,40.5233829514494],[-105.020316804521,40.5232765691498],[-105.020242560088,40.5210644991497],[-105.020172033771,40.5189530146923],[-105.020101507094,40.5168300529222],[-105.02033634619,40.5168296024193],[-105.023628373461,40.5168309234358],[-105.023766465316,40.5167573725623],[-105.025407465069,40.5167616851597],[-105.026425335174,40.5167641227056],[-105.027513339164,40.516767179676],[-105.028370257306,40.516769288683],[-105.029158837615,40.5167711144624],[-105.029227637893,40.5168338422468],[-105.029525269681,40.5168340157249],[-105.029721450423,40.5168118207935],[-105.02971830867,40.5167198533335],[-105.02971496325,40.5165551405976],[-105.029712508747,40.5163904314606],[-105.029711487473,40.5163039084821],[-105.029710238337,40.5162257230618],[-105.029706014143,40.5160000067695],[-105.02969547353,40.5158085572361],[-105.029692730673,40.5156661642089],[-105.029689343017,40.5154800381305],[-105.029659845815,40.5139022374213],[-105.029642899855,40.5129767713218],[-105.029637708375,40.5127084596928],[-105.029630329645,40.5123275330931],[-105.029625137588,40.5120392852267],[-105.029621171409,40.5118333978553],[-105.029617213512,40.5116275105063],[-105.029613247418,40.5114216177098],[-105.029606214318,40.5110101860506],[-105.029602255335,40.5108042986536],[-105.02960137132,40.5107004362893],[-105.029600263766,40.5105701670343],[-105.029600214734,40.5105013362063],[-105.029599452373,40.5104309012529],[-105.029594051595,40.5101728930676],[-105.029592082919,40.5100678897594],[-105.029589599475,40.5099347528603],[-105.029586196024,40.5097514902958],[-105.029584232004,40.5096458205638],[-105.029582267997,40.5095401499283],[-105.029573362636,40.5092601280534],[-105.029576768666,40.5091671548567],[-105.032133731694,40.509152961999],[-105.033870247629,40.5091432905239],[-105.035855484446,40.5091322031976],[-105.037391486198,40.5091236005803],[-105.039301791137,40.5091035328939],[-105.039301531474,40.506074409084],[-105.039481610982,40.506075892179],[-105.040076109524,40.5064278392503],[-105.040320676795,40.5065571403047],[-105.041016936641,40.5067647380144],[-105.041401661584,40.5068811060022],[-105.041769088609,40.5069922396369],[-105.041830719246,40.5070108807207],[-105.042246273002,40.507114765619],[-105.04232030694,40.5071544857208],[-105.042695982161,40.5073560394802],[-105.043082829414,40.5074766915827],[-105.043451411795,40.5075916446717],[-105.044724229803,40.5078595629467],[-105.044885766301,40.5079421137551],[-105.044946276282,40.5080581963019],[-105.044964657656,40.5082640747819],[-105.045047314381,40.5083984591845],[-105.045116748571,40.5084892675105],[-105.045184675805,40.5085687243575],[-105.045393103285,40.5087068582153],[-105.045602467633,40.5088589985074],[-105.045888839451,40.5089246251298],[-105.046521859526,40.5089158152632],[-105.047839751241,40.5089010121997],[-105.048137920718,40.5088995056726],[-105.048496791573,40.5089009981896],[-105.048436297482,40.5090759613906],[-105.048259738085,40.5095876250505],[-105.048015756521,40.510294663977],[-105.047400204919,40.5120784152732],[-105.047187118207,40.5126854701317],[-105.04709706293,40.5129568262579],[-105.047068652783,40.5130391484005],[-105.046889113106,40.513556478792],[-105.046847714637,40.5136757640952],[-105.046628033296,40.5143087485425],[-105.046376258426,40.5150341913931],[-105.045941096382,40.5162879882978],[-105.045517047886,40.5175097183217],[-105.045395800162,40.5178590392371],[-105.045350479519,40.517989607229],[-105.045289672648,40.5181647923732],[-105.045216485312,40.5183703623223],[-105.044953030578,40.5191103451354],[-105.04446506056,40.5204808904697],[-105.044230828773,40.5212237389422],[-105.044169445852,40.5214184060538],[-105.04404581432,40.5218104826241],[-105.043981901546,40.5220131701497],[-105.04370412253,40.5228940807887],[-105.043599358709,40.5232263072206],[-105.043540884389,40.5234691437965],[-105.044611834228,40.5235666862127],[-105.047107424155,40.5235984324942],[-105.048770909746,40.5236097742743],[-105.051032932224,40.5236251588555],[-105.053430848712,40.5236414197805],[-105.055732201608,40.5236569783922],[-105.056893722471,40.5236648139284],[-105.05805560468,40.5236769827162],[-105.058484501366,40.5236764130057],[-105.061340506955,40.5236946988097],[-105.06288057165,40.5236780112565],[-105.063973215568,40.5236539696681],[-105.065375295578,40.5235464780116],[-105.066261945431,40.5235532221196],[-105.066477743462,40.5235578017318],[-105.066498426425,40.5235578788931],[-105.066572156895,40.5235595264077],[-105.066644993684,40.5235604843024],[-105.066676463366,40.5235612878988],[-105.066697146331,40.5235613650248],[-105.066728616014,40.5235621686072],[-105.066780770859,40.5235627061801],[-105.066811341284,40.5235635063875],[-105.066832923509,40.5235635868416],[-105.066842813166,40.523563966827],[-105.066989383662,40.5235658855736],[-105.067030745204,40.5235667259343],[-105.067062219284,40.5235668432024],[-105.067103580828,40.5235676835372],[-105.067218682827,40.5235687985182],[-105.067228572487,40.5235691784707],[-105.067302309569,40.5235697961863],[-105.067312199229,40.5235701761317],[-105.067354464425,40.5235703335017],[-105.067364354086,40.5235707134427],[-105.067406619282,40.5235708707938],[-105.067416508943,40.5235712507303],[-105.067458774139,40.5235714080624],[-105.067468663801,40.5235717879945],[-105.067520820852,40.5235719821234],[-105.067531609774,40.523572365397],[-105.067552292743,40.5235724423708],[-105.067563077279,40.5235735118653],[-105.068272607396,40.5235740914368],[-105.070736632763,40.5235756712936],[-105.077088242549,40.5235790602694],[-105.079008199751,40.5235808851904],[-105.080881391434,40.5235829789249],[-105.080842421441,40.525939319009],[-105.080709249333,40.531052876754],[-105.08065923917,40.5334533438305],[-105.080552414028,40.538105724503],[-105.08039508309,40.5381043614068],[-105.080255323288,40.5381072600299],[-105.079001480918,40.5381030682564],[-105.077142305601,40.5380966622186],[-105.075552051981,40.5380936106489],[-105.073692857793,40.5380902374316],[-105.070551027777,40.5380841610552],[-105.067587293264,40.5380783193526],[-105.066005136768,40.5380751672824],[-105.064640648857,40.538072466092],[-105.063410560338,40.5380701223255],[-105.062037598993,40.5380674902299],[-105.060075868719,40.538063512774],[-105.057974722498,40.5380589720769],[-105.057770831453,40.5380585585101],[-105.055270034465,40.5380534580602],[-105.053771352396,40.5380500760846],[-105.053522839207,40.5380495152607],[-105.051964508964,40.5380462527756],[-105.046892439759,40.5380348250632],[-105.043931967832,40.5380278065986],[-105.043371548909,40.5380264689544],[-105.041323873409,40.5380215608242],[-105.039634659001,40.538017454328],[-105.039295587593,40.538016626834]]]},"properties":{"FID":6,"OG_CODE":6212,"CDE_Code":"4793","School":"Kruse","SchoolFull":"Kruse Elementary","Address":"4400 McMurry Ave","Loc_Code":"136","BldgID":91360,"ArticArea":"Fort Collins HS","City":"Fort Collins","State":"CO","Zip":80525,"Phone":"970-488-5625","Shape_Leng":57886.9351647,"Shape_Area":91532680.4262,"Shape__Area":14734622.33203125,"Shape__Length":23215.085094882292,"RIC":"59","RICNC":"74","FCI":"24","NSC":"74","FCA":17.55,"FCA_Remain":12.45}},{"type":"Feature","id":7,"geometry":{"type":"Polygon","coordinates":[[[-105.037690375996,40.537993536488],[-105.035868922407,40.5379673092088],[-105.033139983225,40.5379570659171],[-105.030275373443,40.5379252800318],[-105.026613854461,40.5378901805003],[-105.024023597634,40.5378572988896],[-105.022062919582,40.5378320969357],[-105.020254984586,40.5378308246166],[-105.020162346456,40.5378297559616],[-105.019309257053,40.537821218279],[-105.016551422777,40.537793574738],[-105.015307744595,40.5377810876904],[-105.011070866178,40.537738446159],[-105.010760817586,40.5377353196011],[-105.004767232905,40.5376823188356],[-105.001270184215,40.5376514064245],[-105.000448150326,40.5376399843935],[-104.999821891088,40.5376341362642],[-104.99529036173,40.5376393395102],[-104.994815076734,40.5359716844156],[-104.993830765986,40.5327948623563],[-104.993268105261,40.5308558217238],[-104.992988410847,40.5298849094051],[-104.992672206381,40.5281398273906],[-104.992489183264,40.5270321216925],[-104.992424708041,40.5257328185461],[-104.992298995503,40.5233007317276],[-104.993472803392,40.523321974749],[-104.99566337085,40.523343779605],[-105.001320822153,40.5232399823325],[-105.003171862403,40.5232600881018],[-105.007451008323,40.5232912653874],[-105.010664970296,40.5233073657445],[-105.015554001704,40.5233487526108],[-105.020319292285,40.5233829514494],[-105.020614468018,40.5233697395642],[-105.021326650406,40.5232517185432],[-105.02366363309,40.5231905695986],[-105.02682259988,40.5232175502576],[-105.032051197413,40.52327170923],[-105.036055832409,40.5232967089179],[-105.039367264575,40.5233210140484],[-105.039367964398,40.5234236477244],[-105.039360250858,40.5244194459246],[-105.039357061248,40.5250679311016],[-105.039350741139,40.526352550833],[-105.039344353231,40.527650907291],[-105.039329215398,40.5307277335304],[-105.039323555443,40.5318781445908],[-105.039295587593,40.538016626834],[-105.037690375996,40.537993536488]]]},"properties":{"FID":7,"OG_CODE":1280,"CDE_Code":"5196","School":"Linton","SchoolFull":"Linton Elementary","Address":"4100 Caribou Dr","Loc_Code":"145","BldgID":91450,"ArticArea":"Fort Collins HS","City":"Fort Collins","State":"CO","Zip":80525,"Phone":"970-488-5850","Shape_Leng":35982.768001,"Shape_Area":67466116.1019,"Shape__Area":10861913.69140625,"Shape__Length":14426.277175255051,"RIC":"42","RICNC":"64","FCI":"24","NSC":"53","FCA":19.95,"FCA_Remain":10.05}},{"type":"Feature","id":8,"geometry":{"type":"Polygon","coordinates":[[[-105.096114873894,40.5527202470754],[-105.086587303302,40.5526521634199],[-105.085998464929,40.5526507280524],[-105.083042785697,40.5526289309747],[-105.0803443589,40.5526094889216],[-105.080034774855,40.5526073398051],[-105.080200455217,40.5484501166297],[-105.080340561663,40.5455031400312],[-105.08043969327,40.5424177329018],[-105.080458893059,40.5418399812445],[-105.080489853696,40.5406248797061],[-105.080552414028,40.538105724503],[-105.081068430324,40.5381101936419],[-105.083421409711,40.5381179646793],[-105.08517444855,40.5381242346313],[-105.088419689679,40.5381350856038],[-105.089772471101,40.5381398681398],[-105.090237755123,40.5381414121738],[-105.091407684638,40.53814528503],[-105.093979231821,40.5381539535987],[-105.096142425121,40.5381614901952],[-105.096141787766,40.5384640147228],[-105.096139479265,40.539559003147],[-105.096138898906,40.5399749665751],[-105.096318931809,40.5399755604658],[-105.096757879242,40.5399787790203],[-105.09913015675,40.5399952657584],[-105.099808844767,40.5399999739144],[-105.10007266153,40.540001854572],[-105.100684991878,40.5400062184991],[-105.101235493277,40.5400101392494],[-105.101435201745,40.5400115609043],[-105.102429106461,40.5400186283555],[-105.103830267507,40.5400285791954],[-105.104044604177,40.5404444471578],[-105.104115334288,40.5405584411346],[-105.104207322294,40.5406413584708],[-105.10446025092,40.5407031728762],[-105.104580837215,40.5407301608487],[-105.104772239587,40.540782536184],[-105.104896539065,40.5408816146239],[-105.104949376873,40.5409753249114],[-105.105028732517,40.5412785325419],[-105.105120060159,40.5413594647305],[-105.10522867698,40.5414046218178],[-105.105401372221,40.5414442975409],[-105.10564112444,40.5415013456212],[-105.105640555275,40.5416054605822],[-105.105628166501,40.5418878909446],[-105.105626614743,40.5421818106226],[-105.10562563094,40.5423681814575],[-105.105624663838,40.5425551287057],[-105.1056243322,40.5427804865699],[-105.105622627254,40.5429370649294],[-105.105659101052,40.5454430861521],[-105.105660101644,40.5455118229067],[-105.104999264662,40.5455056779031],[-105.104629020538,40.5455022334907],[-105.104361836605,40.5454997484079],[-105.10412772134,40.5454975680575],[-105.10389235124,40.5454953766555],[-105.103659924074,40.5454932128226],[-105.103418593789,40.5454909650166],[-105.103318320455,40.5454898807976],[-105.10333236071,40.5456048163325],[-105.103328769247,40.5462172696325],[-105.103297290604,40.5462161328562],[-105.103257711878,40.5462156546604],[-105.10209998914,40.5462089525601],[-105.097711092741,40.5461811510056],[-105.096360871155,40.5461726960317],[-105.096128784197,40.5461719124131],[-105.096122397731,40.5492002283551],[-105.096118720018,40.551021485274],[-105.096114873894,40.5527202470754]]]},"properties":{"FID":8,"OG_CODE":6200,"CDE_Code":"0678","School":"Beattie","SchoolFull":"Beattie Elementary","Address":"300 Meadowlark Ave","Loc_Code":"106","BldgID":91060,"ArticArea":"Rocky Mountain HS","City":"Fort Collins","State":"CO","Zip":80526,"Phone":"970-488-4225","Shape_Leng":24455.773994,"Shape_Area":28887826.1565,"Shape__Area":4652861.85546875,"Shape__Length":9812.162241101345,"RIC":"46","RICNC":"62","FCI":"16","NSC":"58","FCA":14,"FCA_Remain":16}},{"type":"Feature","id":9,"geometry":{"type":"Polygon","coordinates":[[[-105.057944438274,40.5670585353171],[-105.057955769112,40.5652570721293],[-105.057967323134,40.5634199256825],[-105.057977982826,40.5617890674038],[-105.057982943382,40.5610301099439],[-105.057989998298,40.5599506890237],[-105.057995859655,40.5583655068088],[-105.058002990409,40.5567237152956],[-105.058003705162,40.5564766726483],[-105.058005318511,40.5559544532801],[-105.058008461583,40.5553358236594],[-105.058009368577,40.5549216834502],[-105.058016392944,40.5525229409748],[-105.058019925465,40.5522967335777],[-105.058020422255,40.552128741973],[-105.058005553566,40.549585491547],[-105.057999193789,40.5484936631877],[-105.057990380569,40.5469513110271],[-105.057983049484,40.5457328675618],[-105.057980061646,40.544538116291],[-105.057979614634,40.5440121410528],[-105.057977801883,40.541875716855],[-105.057977579243,40.5416140443526],[-105.057977096848,40.5403112179994],[-105.057974722498,40.5380589720769],[-105.060075868719,40.538063512774],[-105.062037598993,40.5380674902299],[-105.063410560338,40.5380701223255],[-105.064640648857,40.538072466092],[-105.066005136768,40.5380751672824],[-105.067587293264,40.5380783193526],[-105.070551027777,40.5380841610552],[-105.073692857793,40.5380902374316],[-105.075552051981,40.5380936106489],[-105.077142305601,40.5380966622186],[-105.079001480918,40.5381030682564],[-105.080255323288,40.5381072600299],[-105.08039508309,40.5381043614068],[-105.080552414028,40.538105724503],[-105.080489853696,40.5406248797061],[-105.080458893059,40.5418399812445],[-105.08043969327,40.5424177329018],[-105.080340561663,40.5455031400312],[-105.080200455217,40.5484501166297],[-105.080034774855,40.5526073398051],[-105.079847623715,40.5588951962657],[-105.079792193739,40.5596230075367],[-105.07967900774,40.5604282631719],[-105.079559299546,40.5611036375156],[-105.079208258275,40.5634794256862],[-105.079128154161,40.5640711770026],[-105.079034497998,40.564803701731],[-105.079018597252,40.5653132508767],[-105.079002425513,40.5658664800766],[-105.078997475972,40.5671059286532],[-105.078843626375,40.5671056813118],[-105.077801405301,40.5671011065501],[-105.076925934895,40.5670859154226],[-105.076190571587,40.5670927123717],[-105.075379813745,40.5670938421812],[-105.07454398209,40.5670892334451],[-105.067527847214,40.5670763885244],[-105.057944438274,40.5670585353171]]]},"properties":{"FID":9,"OG_CODE":6207,"CDE_Code":"6476","School":"O'Dea","SchoolFull":"O'Dea Elementary","Address":"312 Princeton Rd","Loc_Code":"163","BldgID":91630,"ArticArea":"Fort Collins HS","City":"Fort Collins","State":"CO","Zip":80526,"Phone":"970-488-4450","Shape_Leng":33269.4894265,"Shape_Area":64495143.1439,"Shape__Area":10390292.421875,"Shape__Length":13360.55798772625,"RIC":"66","RICNC":"73","FCI":"21","NSC":"83","FCA":15.3,"FCA_Remain":14.7}},{"type":"Feature","id":10,"geometry":{"type":"Polygon","coordinates":[[[-105.039217677104,40.5519451690614],[-105.039219027916,40.5516860526935],[-105.039220099691,40.5514805462874],[-105.039222771366,40.5509682625348],[-105.039223780796,40.5507746776243],[-105.039225784271,40.5503904570886],[-105.039228987099,40.5497760980501],[-105.039223467252,40.549663687364],[-105.039229995881,40.5489510528355],[-105.039226297511,40.5486499441326],[-105.039246713565,40.5465134486603],[-105.039250328777,40.5451684351448],[-105.039247852667,40.5450425088629],[-105.039001565588,40.5450428985369],[-105.038939487331,40.5450421786202],[-105.037813905963,40.5450306147673],[-105.037813423527,40.5452330556145],[-105.037735231579,40.5452849041382],[-105.037647214001,40.5453339703786],[-105.037567811012,40.5453683131156],[-105.037483961888,40.5453961143486],[-105.036579430389,40.5457253396063],[-105.035639265143,40.5457884282316],[-105.035456616506,40.5457997868473],[-105.035324843906,40.5458092042983],[-105.035210438003,40.5458320699712],[-105.035130178417,40.5458609222238],[-105.035048924966,40.5459034816866],[-105.034985630638,40.5459505788851],[-105.034917655616,40.5460240774639],[-105.034837279971,40.5461670957263],[-105.034777584222,40.546247915697],[-105.034723220089,40.5463037966667],[-105.034634120079,40.546375667834],[-105.034557775474,40.5464233987875],[-105.034467518239,40.546466614331],[-105.034337952355,40.5465212312093],[-105.034288719427,40.5466957885551],[-105.034264306349,40.5466923865386],[-105.033971607666,40.5466908730303],[-105.033318266508,40.5466832230753],[-105.033149845509,40.5466812472607],[-105.032974365297,40.5466791915079],[-105.032889795356,40.5466781987855],[-105.032322115138,40.5466715457398],[-105.032027849178,40.5466680956036],[-105.031727601815,40.5466645746977],[-105.031559094711,40.5466625989328],[-105.03112826404,40.5466575442313],[-105.031107963029,40.54664188061],[-105.031002461016,40.5465604564529],[-105.030775162227,40.5463850520044],[-105.030679837233,40.5463114820084],[-105.030600526603,40.546249664254],[-105.030425314474,40.5461130734391],[-105.030270145428,40.5459924422751],[-105.03005039993,40.5458218129175],[-105.029900690138,40.5457057323055],[-105.029760061111,40.545596686595],[-105.029741071657,40.5455819673331],[-105.029741397841,40.5455029522473],[-105.029741847406,40.5453926039698],[-105.029742592208,40.5452075218034],[-105.029737984642,40.5450684328337],[-105.029542667906,40.54506613583],[-105.029278937609,40.5450630364373],[-105.029056905142,40.5450604323003],[-105.028770123273,40.5450570600439],[-105.028489011054,40.5450537578086],[-105.028215656761,40.5450505386142],[-105.027999510073,40.5450479977722],[-105.027898087922,40.5450468050967],[-105.027749723271,40.5450450577951],[-105.02762263837,40.5450435651908],[-105.027494690608,40.5450420572325],[-105.027365930667,40.5450405458311],[-105.027242730626,40.5450390956245],[-105.027114087604,40.5450375790161],[-105.02699231472,40.5450361460575],[-105.026862237436,40.5450346179305],[-105.026741334555,40.5450331936536],[-105.026610394417,40.5450316500242],[-105.026500084787,40.5450303523907],[-105.026358545474,40.5450286878521],[-105.026267584448,40.5450276138286],[-105.026106709583,40.5450257188834],[-105.026016217186,40.5450246519771],[-105.02585485242,40.5450227555863],[-105.025712536451,40.5450210753855],[-105.02560300949,40.5450197854975],[-105.025351166538,40.5450168211668],[-105.025227739927,40.5450153678991],[-105.025081160251,40.545013636189],[-105.025082420652,40.544710688843],[-105.025083501528,40.5444205316061],[-105.025084339877,40.5442410900542],[-105.025085438213,40.5439842595355],[-105.025086064598,40.5438346720636],[-105.025086363927,40.5437627776705],[-105.025086859825,40.5436432103308],[-105.025087317915,40.5435330637502],[-105.025087657438,40.5434514081807],[-105.025088346819,40.5432864562306],[-105.025089295547,40.5430574897376],[-105.025090496141,40.5427692727035],[-105.02509175993,40.542465830777],[-105.025093348432,40.5420843525801],[-105.025094630589,40.5417755999798],[-105.025095399972,40.5415898305769],[-105.024558652009,40.5415839142243],[-105.024086576189,40.5415787113967],[-105.023850194835,40.5415761024534],[-105.02374194537,40.5415749060785],[-105.023488285525,40.5415721139291],[-105.023256040225,40.541569557657],[-105.023080963304,40.5415676299554],[-105.022950264828,40.5415672602179],[-105.022807287264,40.5415656880863],[-105.022627403849,40.5415637057465],[-105.022447520432,40.5415617249295],[-105.022267635852,40.5415597429286],[-105.022087753643,40.5415577606591],[-105.02190787027,40.5415557772058],[-105.021727986902,40.5415537943746],[-105.02154810237,40.5415518103597],[-105.021368219016,40.5415498278723],[-105.02118833686,40.5415478442108],[-105.021008453534,40.5415458602662],[-105.020828569044,40.5415438751377],[-105.020648685739,40.5415418906362],[-105.020448437295,40.5415396813465],[-105.020344755689,40.5414561681981],[-105.020239776103,40.5414550090714],[-104.999567297878,40.5413599744453],[-104.99847787856,40.5407968048361],[-104.998328111405,40.540431708354],[-104.998562380368,40.5401601666933],[-104.999746368415,40.5396086648452],[-104.999145434218,40.5393664826993],[-104.999620723134,40.5389656735269],[-104.999680972,40.5387363612155],[-104.999810455303,40.5382435351624],[-104.99981694383,40.537730112086],[-104.999821891088,40.5376341362642],[-105.000448150326,40.5376399843935],[-105.001270184215,40.5376514064245],[-105.004767232905,40.5376823188356],[-105.010760817586,40.5377353196011],[-105.011070866178,40.537738446159],[-105.015307744595,40.5377810876904],[-105.016551422777,40.537793574738],[-105.019309257053,40.537821218279],[-105.020162346456,40.5378297559616],[-105.020254984586,40.5378308246166],[-105.022062919582,40.5378320969357],[-105.024023597634,40.5378572988896],[-105.026613854461,40.5378901805003],[-105.030275373443,40.5379252800318],[-105.033139983225,40.5379570659171],[-105.035868922407,40.5379673092088],[-105.037690375996,40.537993536488],[-105.039295587593,40.538016626834],[-105.039634659001,40.538017454328],[-105.041323873409,40.5380215608242],[-105.043371548909,40.5380264689544],[-105.043931967832,40.5380278065986],[-105.046892439759,40.5380348250632],[-105.051964508964,40.5380462527756],[-105.053522839207,40.5380495152607],[-105.053771352396,40.5380500760846],[-105.055270034465,40.5380534580602],[-105.057770831453,40.5380585585101],[-105.057974722498,40.5380589720769],[-105.057977096848,40.5403112179994],[-105.057977579243,40.5416140443526],[-105.057977801883,40.541875716855],[-105.057979614634,40.5440121410528],[-105.057980061646,40.544538116291],[-105.057983049484,40.5457328675618],[-105.057990380569,40.5469513110271],[-105.057999193789,40.5484936631877],[-105.058005553566,40.549585491547],[-105.058020422255,40.552128741973],[-105.057397637316,40.5519342238984],[-105.057358723393,40.5519220693163],[-105.057348845361,40.5519192867622],[-105.057339869212,40.5519161645237],[-105.057290476825,40.5519025948458],[-105.057241075474,40.5518903975837],[-105.057220410811,40.5518862014649],[-105.057210530544,40.5518837620081],[-105.05719076552,40.5518795693106],[-105.057179981127,40.5518778126429],[-105.057150331352,40.5518718666968],[-105.057129662207,40.5518683567802],[-105.057068545432,40.5518592028728],[-105.057057756552,40.5518581324123],[-105.057027193678,40.5518542416621],[-105.056975046311,40.5518492392959],[-105.056933679904,40.5518463367025],[-105.056892310186,40.5518441203173],[-105.05685003634,40.5518425867065],[-105.056808657634,40.5518417427283],[-105.056756478814,40.5518415437929],[-105.056735784965,40.5518418080073],[-105.056662898802,40.5518439318959],[-105.056641300819,40.5518448788811],[-105.056589999139,40.5518481143938],[-105.05656929629,40.5518497510155],[-105.05656220445,40.5518504192054],[-105.056537788821,40.551852718889],[-105.056496371867,40.5518577076559],[-105.056465755027,40.5518620513787],[-105.056435133684,40.5518670813118],[-105.056384688856,40.5518768392411],[-105.056364867624,40.5518812241328],[-105.056315305476,40.5518933872249],[-105.056245907486,40.551912336936],[-105.056226976866,40.551918097675],[-105.055902513245,40.5520074417248],[-105.055893496599,40.5520104953396],[-105.055474088569,40.5521262152203],[-105.054823658206,40.5523052598955],[-105.054503458811,40.5523926522283],[-105.054412228439,40.5524163982771],[-105.054297344298,40.5524432352897],[-105.054197341488,40.5524644682635],[-105.054105240461,40.5524821705996],[-105.053953248569,40.5525072799315],[-105.053814129157,40.5525256175421],[-105.053684943115,40.5525383312293],[-105.053580539128,40.5525447927124],[-105.053468514192,40.5525472794256],[-105.053331085564,40.5525487678555],[-105.05293185155,40.5525488191314],[-105.052454128051,40.5525486965791],[-105.051894534679,40.5525485996364],[-105.049295397169,40.5525478161841],[-105.046928314935,40.5525557709535],[-105.045721819989,40.552561356161],[-105.04448743475,40.5525671635876],[-105.043295539604,40.5525723611553],[-105.041613805316,40.5525798866077],[-105.040810733164,40.5525836075892],[-105.039214309334,40.5525909876863],[-105.039215611341,40.5523412920569],[-105.039217677104,40.5519451690614]]]},"properties":{"FID":10,"OG_CODE":1279,"CDE_Code":"7834","School":"Shepardson","SchoolFull":"Shepardson Elementary","Address":"1501 Springwood Dr","Loc_Code":"178","BldgID":91780,"ArticArea":"Fort Collins HS","City":"Fort Collins","State":"CO","Zip":80525,"Phone":"970-488-4525","Shape_Leng":44143.8008822,"Shape_Area":48133792.1947,"Shape__Area":7752289.23046875,"Shape__Length":17698.79944294726,"RIC":"80","RICNC":"64","FCI":"24","NSC":"100","FCA":20.5,"FCA_Remain":9.5}},{"type":"Feature","id":11,"geometry":{"type":"Polygon","coordinates":[[[-105.108433281813,40.5826114719302],[-105.108382131385,40.5826109151707],[-105.107882198661,40.5826109436183],[-105.107702236249,40.5826089669916],[-105.10752223961,40.5826069872693],[-105.106701913014,40.5825999988216],[-105.106635323344,40.5825994368134],[-105.106630245568,40.5825679459081],[-105.106611745895,40.5824989165189],[-105.106586939954,40.5824308960366],[-105.106554921736,40.5823649098337],[-105.106468264617,40.5822534477026],[-105.106409375205,40.5821650681173],[-105.106356801025,40.5820739649615],[-105.106318554861,40.5819956045995],[-105.10631053843,40.5819811666731],[-105.106303823661,40.5819549637091],[-105.106303497965,40.5819536937149],[-105.106300885764,40.5819385878531],[-105.10629919558,40.5819197108573],[-105.10629930747,40.5819004968475],[-105.106300279436,40.5818881480307],[-105.1063040634,40.5818565943439],[-105.106307745463,40.5818425391303],[-105.106312331557,40.5818278007484],[-105.10631870973,40.5818144408888],[-105.106353286676,40.5817500524747],[-105.106338938057,40.5817410829425],[-105.105989808233,40.5815710876559],[-105.105644299113,40.5813976733435],[-105.105621851388,40.5813885051522],[-105.105599403674,40.5813793360561],[-105.105535641662,40.5813551018229],[-105.105502408626,40.5813433232212],[-105.105470069625,40.5813325769851],[-105.105458389263,40.5813291062203],[-105.105444018826,40.5813239107576],[-105.105443728628,40.581124488401],[-105.105443231349,40.5807826450225],[-105.105442845758,40.5805178018673],[-105.105442402211,40.5802128987814],[-105.105457786133,40.5795464717321],[-105.10546769754,40.5791170765985],[-105.105476538384,40.5774487752333],[-105.105476538816,40.5774484987619],[-105.105476689999,40.5774484983742],[-105.105488238758,40.5774478918479],[-105.105494522068,40.5774479131625],[-105.105495180727,40.5773708578199],[-105.105501799447,40.5766636077047],[-105.105502274255,40.5765846596385],[-105.105507682061,40.5765833055245],[-105.105558178257,40.57656666419],[-105.105605990541,40.5765472688147],[-105.105621329987,40.5765404585429],[-105.105652016875,40.5765254655617],[-105.105674586051,40.5765135330791],[-105.105700773088,40.5764985248271],[-105.105717934453,40.5764879464591],[-105.105758594932,40.5764602920232],[-105.105796567487,40.5764305697742],[-105.105848148657,40.5763823654476],[-105.105863548043,40.5763652619086],[-105.105878047459,40.5763481553175],[-105.105892550867,40.5763303625088],[-105.105906156305,40.5763122235406],[-105.105929773308,40.5762749040774],[-105.105940684837,40.5762557266327],[-105.105950696398,40.5762365461374],[-105.105959811992,40.5762166763762],[-105.105974443324,40.5761769237537],[-105.105980861019,40.5761567017349],[-105.105986378751,40.5761364766665],[-105.105993818363,40.5760953281166],[-105.105996640205,40.5760744076844],[-105.105998700044,40.5760298097604],[-105.105996205234,40.5755957369498],[-105.10599269568,40.5749849718745],[-105.105991637947,40.5748010596883],[-105.105990656427,40.5746302149304],[-105.109851198637,40.574679600968],[-105.110547765402,40.5746802202306],[-105.110795237112,40.5746640758117],[-105.110988010398,40.5746514996529],[-105.111984637227,40.5745868925351],[-105.112537172136,40.574593881516],[-105.112984418071,40.5745998312904],[-105.113976098652,40.574612734561],[-105.114831551347,40.5746246658339],[-105.114911982513,40.5746257877366],[-105.114915580322,40.5746261427649],[-105.114928169722,40.5746279000255],[-105.114932667472,40.5746282580332],[-105.114938959241,40.5746296513249],[-105.114942555097,40.5746303494606],[-105.114946150952,40.5746310475961],[-105.114959634433,40.5746338371575],[-105.114992873633,40.5746442406459],[-105.115014427283,40.5746522036377],[-105.115019815208,40.5746542801621],[-105.115076322031,40.5746877493298],[-105.115094697167,40.5722503186568],[-105.115099794266,40.5715129798697],[-105.115106340841,40.5703628774965],[-105.115108625835,40.5699614404741],[-105.115114128819,40.5691527346285],[-105.115118515045,40.5683821106967],[-105.115124408347,40.5675047827434],[-105.115128077758,40.5652790009183],[-105.115129389229,40.5645742450907],[-105.115131174013,40.5634701023006],[-105.115131062331,40.5620667559582],[-105.115135434996,40.5609821794968],[-105.115137633075,40.5591729327047],[-105.115141226302,40.5574347147108],[-105.115144605663,40.5552597071468],[-105.115149265503,40.5528596180655],[-105.118681723273,40.5527968012031],[-105.120025063821,40.5527727210068],[-105.121231722887,40.5527536356884],[-105.121240581243,40.5528862831387],[-105.121239709208,40.5530420065628],[-105.121194035835,40.5531432590302],[-105.12113515571,40.5532716313763],[-105.121140426503,40.5533902542841],[-105.121177937747,40.5534745760435],[-105.121217919719,40.5535417040869],[-105.121276688691,40.553645108765],[-105.121350916941,40.553802216006],[-105.121421205013,40.5539775666761],[-105.12144802526,40.5540444770584],[-105.121483305343,40.5541100947451],[-105.121529921246,40.5541769867044],[-105.121643254436,40.5542894835187],[-105.121713587246,40.5543654429543],[-105.121825536273,40.5544844551908],[-105.121865391875,40.5545725072726],[-105.121849461705,40.5547140346281],[-105.121782661624,40.5548062471049],[-105.121647529047,40.5548660211657],[-105.121568803547,40.5548830909549],[-105.12142709651,40.5549029905319],[-105.121263241266,40.5549396376899],[-105.121158488894,40.5549924118743],[-105.121096474868,40.5550826033661],[-105.121072768634,40.5551700684917],[-105.12106765004,40.5552550383857],[-105.121067134232,40.5553471035434],[-105.121071250976,40.5554409543141],[-105.121114877215,40.5555260812703],[-105.121215360301,40.5556140501433],[-105.121888806841,40.555818690861],[-105.122017133136,40.5558592626548],[-105.122140665212,40.5558811418543],[-105.122261769462,40.5558992774797],[-105.122356690094,40.5559341262153],[-105.122454732407,40.5559848818278],[-105.122564500763,40.5560599421168],[-105.1227346771,40.5561702187075],[-105.122861123103,40.5562269846685],[-105.12297721729,40.5562573825285],[-105.123056718692,40.5562716477451],[-105.123177808273,40.5562925849295],[-105.123291521563,40.5563190996159],[-105.123394053626,40.5563580940564],[-105.1234954057,40.5563967648829],[-105.123578409216,40.5564142480031],[-105.123692149904,40.5564388738947],[-105.123837717162,40.5564596905902],[-105.123932172345,40.5564672637427],[-105.124042225938,40.55648910902],[-105.124120731999,40.5565773942172],[-105.124098374697,40.5566774821229],[-105.123903238402,40.5568953529567],[-105.12386309353,40.556978121195],[-105.123828707725,40.5570624624309],[-105.123808931382,40.5571227733649],[-105.12380710159,40.5572016760386],[-105.123829023931,40.5573174626433],[-105.12391829687,40.5574774904456],[-105.123953018115,40.5576025330205],[-105.123951064641,40.5576665453107],[-105.123939998163,40.5577326741744],[-105.123887756679,40.5578174484637],[-105.123977908035,40.5578427749331],[-105.124559843444,40.5578406480826],[-105.124595539003,40.5579097449741],[-105.124596503776,40.558081181809],[-105.124597044362,40.558307980514],[-105.124597925094,40.558473712869],[-105.124598534244,40.5586881604986],[-105.124599158841,40.5589000388489],[-105.124600003204,40.5590721128507],[-105.124600565929,40.5592951390935],[-105.124626117118,40.5594040037314],[-105.124729543127,40.5594005507247],[-105.124888069504,40.5594010622949],[-105.125115532153,40.5594017959473],[-105.125117774008,40.5589973551109],[-105.125238709616,40.5589978494582],[-105.125776240019,40.5589895494562],[-105.125938584762,40.558954280668],[-105.126033171016,40.5589343366056],[-105.126236749002,40.5588914146234],[-105.126537268171,40.5588910132773],[-105.126632645199,40.55889097379],[-105.126825191609,40.5588909048365],[-105.126824822442,40.5589578094459],[-105.127258513704,40.5589574877854],[-105.127399758626,40.558958179179],[-105.127400330965,40.5588542934538],[-105.127546126266,40.5588479271037],[-105.127844402579,40.5588475899415],[-105.128078370178,40.5588473254878],[-105.128314529385,40.5588466127836],[-105.128552892868,40.5588470143389],[-105.128795183329,40.5588457429836],[-105.129038820646,40.5588458343756],[-105.129286308321,40.5588459501421],[-105.12928624135,40.5587784650758],[-105.129286175018,40.558712586621],[-105.129286090177,40.5586285436784],[-105.129285998307,40.5585360894195],[-105.129285854775,40.558392098268],[-105.129290961887,40.5583166452674],[-105.129582128007,40.558313438795],[-105.129675692448,40.5583124067197],[-105.129762058521,40.558311456112],[-105.129884410452,40.5583101093829],[-105.130006758842,40.5583087616133],[-105.130093127271,40.5583078098665],[-105.130186686969,40.5583067782655],[-105.13027451564,40.5583045954515],[-105.130456579136,40.5583038036224],[-105.132349410977,40.5582829289931],[-105.132903211062,40.558276001059],[-105.133975300473,40.5582624001226],[-105.133977052316,40.5579755761113],[-105.133980478819,40.5574144357502],[-105.133983209759,40.5569671941],[-105.133987353146,40.5569665065033],[-105.134285775992,40.5569193895732],[-105.134356912121,40.5569086336101],[-105.134448761856,40.5568941684586],[-105.134695498027,40.55685479943],[-105.134843175635,40.5568319314732],[-105.135004359149,40.5568073901514],[-105.135347429603,40.5567559699649],[-105.135906599405,40.5566736590624],[-105.13609749449,40.5566450918795],[-105.136291092874,40.5566155034927],[-105.136882703021,40.5565233390198],[-105.137288818883,40.5564594138138],[-105.137706634393,40.5563944952028],[-105.137986677075,40.556351448707],[-105.138129848472,40.5563295918954],[-105.138554868468,40.5562633201995],[-105.138769174208,40.556230704023],[-105.138982576383,40.5561987708777],[-105.139195983197,40.5561661511237],[-105.139619198074,40.5561005561703],[-105.139830800046,40.5560686158893],[-105.140249513407,40.556003346913],[-105.140457516003,40.5559713943545],[-105.140868129096,40.5559064421177],[-105.14107073659,40.5558737855651],[-105.14126974694,40.5558407744445],[-105.141332779959,40.5558306754455],[-105.141664160386,40.5557764556436],[-105.142241404391,40.5556759848641],[-105.142379932488,40.5556517211321],[-105.142618730928,40.5556098946658],[-105.143204380802,40.5555088082481],[-105.143358962097,40.5554821259644],[-105.143566089058,40.5554450184242],[-105.143566614961,40.555359565258],[-105.143576417494,40.5544769767471],[-105.14270549695,40.5531698759785],[-105.140965773773,40.5513536214483],[-105.140273053325,40.5500361976817],[-105.139833192941,40.5481667524545],[-105.139792350661,40.5464510386757],[-105.139488105174,40.5452214957693],[-105.143605060253,40.5451464804103],[-105.144810578298,40.5451295391682],[-105.145683025673,40.5451531733443],[-105.146523524606,40.5451416230547],[-105.146859959408,40.5450956809616],[-105.148096479944,40.54508052622],[-105.148373517098,40.5450759809873],[-105.153153819741,40.5449972837514],[-105.153191372834,40.5522271825579],[-105.153256964035,40.556788150814],[-105.160167238599,40.5568111703541],[-105.160485951798,40.5568123014504],[-105.162737083485,40.556822481084],[-105.163529618792,40.5568260544688],[-105.163692415178,40.5572861525482],[-105.163922760063,40.5577730339098],[-105.164166751261,40.558137351207],[-105.164137474657,40.5586829740297],[-105.163509368524,40.5582897587115],[-105.163104130978,40.5578448198862],[-105.162507729172,40.5575227130924],[-105.161575194055,40.5573490299604],[-105.161326732715,40.5578088322406],[-105.161586526173,40.5585934489228],[-105.161832661598,40.5592382862352],[-105.162006653795,40.5599614604713],[-105.162295070985,40.5605788342507],[-105.162527758439,40.5610782849229],[-105.162678639161,40.5614789489676],[-105.162770160517,40.561862576647],[-105.162691027446,40.5623375551085],[-105.163106187895,40.5626675836098],[-105.163410567978,40.5630059677826],[-105.16355151115,40.5636797445513],[-105.163686024629,40.5643440897289],[-105.163460117978,40.5647755094654],[-105.16360854823,40.5651884655711],[-105.164073116795,40.5656280111702],[-105.163818876952,40.5660139305876],[-105.163851568802,40.5665617540139],[-105.164176208706,40.5670867748041],[-105.164381532807,40.5674498631607],[-105.164618534013,40.5678993587349],[-105.165331005809,40.5684260082491],[-105.165060458999,40.5689050580778],[-105.164980068889,40.5693035397714],[-105.165446314388,40.569704771493],[-105.166078029076,40.5701337807151],[-105.166463621205,40.5706184199146],[-105.166674068511,40.5710206470256],[-105.166914156275,40.5716758318928],[-105.167119231539,40.5722883931908],[-105.167301309558,40.5727683651816],[-105.167468855708,40.5734658366898],[-105.167736812102,40.5740549474348],[-105.168039102414,40.5745218871835],[-105.168166492794,40.574943825016],[-105.153289340274,40.5750201996628],[-105.153355993584,40.5738274458385],[-105.150433871583,40.5740225553287],[-105.147741505576,40.5742022585142],[-105.146347733426,40.574281531084],[-105.143345036429,40.5744522571269],[-105.136481229246,40.574874197657],[-105.135469101426,40.5749361680064],[-105.135470283183,40.5748534487547],[-105.134957351133,40.5748849156391],[-105.134950473984,40.5748853335259],[-105.134943595211,40.5748858333583],[-105.134936716437,40.5748863331904],[-105.134929837367,40.5748868879554],[-105.134922959328,40.5748874706406],[-105.134916079815,40.5748881073546],[-105.134909236763,40.5748887721001],[-105.134902356949,40.5748894646471],[-105.1348955136,40.5748901843252],[-105.134888669955,40.5748909589362],[-105.134881861595,40.5748917606744],[-105.134875017507,40.5748926172344],[-105.134868208698,40.5748935018222],[-105.134861399739,40.5748944143266],[-105.13485459182,40.5748953529501],[-105.134847782418,40.5748963474034],[-105.134841009482,40.5748973689877],[-105.134834235214,40.5748984184849],[-105.13482746183,40.5748995229188],[-105.13482072373,40.5749006544799],[-105.134548288857,40.5749471214161],[-105.134463398136,40.574961594118],[-105.134458497125,40.5749624027274],[-105.134453561868,40.5749632103283],[-105.134448625426,40.5749640188259],[-105.134443689285,40.5749647714892],[-105.134438753144,40.5749655241524],[-105.134433816998,40.5749662777159],[-105.134428882334,40.5749669754491],[-105.134423909873,40.5749676739638],[-105.134418975356,40.57496834468],[-105.134414003045,40.5749690152773],[-105.134409032213,40.5749696309447],[-105.13440406138,40.5749702466119],[-105.134399090548,40.5749708622789],[-105.134394118831,40.5749714230086],[-105.134389112864,40.5749719836304],[-105.134384141147,40.5749725443596],[-105.134379135477,40.5749730500476],[-105.134374164057,40.5749735558431],[-105.134369158533,40.5749740345142],[-105.134364151828,40.5749745131814],[-105.133840451139,40.5750266109928],[-105.133829407084,40.5762350262811],[-105.133827977539,40.5763328102141],[-105.133792277163,40.5800994101929],[-105.133775544595,40.5818591913412],[-105.133667447101,40.5818760065902],[-105.131829249308,40.582156111282],[-105.131529840315,40.5822017319932],[-105.131483898884,40.5822087918216],[-105.130574900634,40.5821973302368],[-105.128527406895,40.5821715942917],[-105.127510408441,40.5821590775274],[-105.126749011921,40.5821494311221],[-105.125933615044,40.5821392629513],[-105.124402721569,40.5821199183483],[-105.124005819537,40.5821155478827],[-105.122566713313,40.5820999060436],[-105.120796405225,40.5820807661098],[-105.120425587483,40.5820795564925],[-105.120082730627,40.5820724501013],[-105.119718224223,40.5820648936778],[-105.118547345446,40.582047677917],[-105.117525798105,40.5820443229885],[-105.117374667187,40.5820304444466],[-105.115032910665,40.5819962970582],[-105.111449101402,40.5819579596842],[-105.111106491722,40.5819535086244],[-105.110161042726,40.5819440566112],[-105.110160735191,40.5820248395672],[-105.110151164736,40.5825814851521],[-105.110150326144,40.5826302279366],[-105.110149993098,40.5826576678309],[-105.10940179518,40.582650226933],[-105.10892965216,40.5826455289005],[-105.108918170495,40.5826170325471],[-105.108473393566,40.5826119086559],[-105.108433281813,40.5826114719302]]]},"properties":{"FID":11,"OG_CODE":6148,"CDE_Code":"0612","School":"Bauder","SchoolFull":"Bauder Elementary","Address":"2345 W Prospect Rd","Loc_Code":"103","BldgID":91030,"ArticArea":"Rocky Mountain HS","City":"Fort Collins","State":"CO","Zip":80526,"Phone":"970-488-4150","Shape_Leng":68796.4784698,"Shape_Area":125876862.253,"Shape__Area":20287214.17578125,"Shape__Length":27614.344792870557,"RIC":"53","RICNC":"68","FCI":"24","NSC":"67","FCA":20.75,"FCA_Remain":9.25}},{"type":"Feature","id":12,"geometry":{"type":"Polygon","coordinates":[[[-105.124600003204,40.5590721128507],[-105.124599158841,40.5589000388489],[-105.124598534244,40.5586881604986],[-105.124597925094,40.558473712869],[-105.124597044362,40.558307980514],[-105.124596503776,40.558081181809],[-105.124595539003,40.5579097449741],[-105.124559843444,40.5578406480826],[-105.123977908035,40.5578427749331],[-105.123887756679,40.5578174484637],[-105.123939998163,40.5577326741744],[-105.123951064641,40.5576665453107],[-105.123953018115,40.5576025330205],[-105.12391829687,40.5574774904456],[-105.123829023931,40.5573174626433],[-105.12380710159,40.5572016760386],[-105.123808931382,40.5571227733649],[-105.123828707725,40.5570624624309],[-105.12386309353,40.556978121195],[-105.123903238402,40.5568953529567],[-105.124098374697,40.5566774821229],[-105.124120731999,40.5565773942172],[-105.124042225938,40.55648910902],[-105.123932172345,40.5564672637427],[-105.123837717162,40.5564596905902],[-105.123692149904,40.5564388738947],[-105.123578409216,40.5564142480031],[-105.1234954057,40.5563967648829],[-105.123394053626,40.5563580940564],[-105.123291521563,40.5563190996159],[-105.123177808273,40.5562925849295],[-105.123056718692,40.5562716477451],[-105.12297721729,40.5562573825285],[-105.122861123103,40.5562269846685],[-105.1227346771,40.5561702187075],[-105.122564500763,40.5560599421168],[-105.122454732407,40.5559848818278],[-105.122356690094,40.5559341262153],[-105.122261769462,40.5558992774797],[-105.122140665212,40.5558811418543],[-105.122017133136,40.5558592626548],[-105.121888806841,40.555818690861],[-105.121215360301,40.5556140501433],[-105.121114877215,40.5555260812703],[-105.121071250976,40.5554409543141],[-105.121067134232,40.5553471035434],[-105.12106765004,40.5552550383857],[-105.121072768634,40.5551700684917],[-105.121096474868,40.5550826033661],[-105.121158488894,40.5549924118743],[-105.121263241266,40.5549396376899],[-105.12142709651,40.5549029905319],[-105.121568803547,40.5548830909549],[-105.121647529047,40.5548660211657],[-105.121782661624,40.5548062471049],[-105.121849461705,40.5547140346281],[-105.121865391875,40.5545725072726],[-105.121825536273,40.5544844551908],[-105.121713587246,40.5543654429543],[-105.121643254436,40.5542894835187],[-105.121529921246,40.5541769867044],[-105.121483305343,40.5541100947451],[-105.12144802526,40.5540444770584],[-105.121421205013,40.5539775666761],[-105.121350916941,40.553802216006],[-105.121276688691,40.553645108765],[-105.121217919719,40.5535417040869],[-105.121177937747,40.5534745760435],[-105.121140426503,40.5533902542841],[-105.12113515571,40.5532716313763],[-105.121194035835,40.5531432590302],[-105.121239709208,40.5530420065628],[-105.121240581243,40.5528862831387],[-105.121231722887,40.5527536356884],[-105.120025063821,40.5527727210068],[-105.118681723273,40.5527968012031],[-105.115149265503,40.5528596180655],[-105.115147719251,40.5496528364309],[-105.115147713202,40.54886332341],[-105.115147011306,40.5477217680029],[-105.115146697532,40.5469386178885],[-105.115146537824,40.5465400691969],[-105.115146603315,40.5460542136327],[-105.115145897988,40.5455866046106],[-105.115145783981,40.5450914220228],[-105.115144620239,40.5437148285051],[-105.115145032118,40.543642432086],[-105.115142770632,40.5402452108363],[-105.115141618265,40.5382341887808],[-105.11514606589,40.5360293224683],[-105.115147959487,40.5355383257477],[-105.115154166246,40.5327834241973],[-105.115341959691,40.5327837721308],[-105.116349280811,40.5327831185468],[-105.116334436572,40.5345749154154],[-105.116946449282,40.5345711407692],[-105.119916882021,40.5345503528109],[-105.120960132208,40.5345407754483],[-105.121089135389,40.5345395921824],[-105.121253358393,40.5345380831742],[-105.121423586126,40.5345365178456],[-105.121585685549,40.5345350302689],[-105.12171663167,40.534533826516],[-105.121976940975,40.5345314323312],[-105.12223595417,40.5345290504614],[-105.122397838738,40.5345275610537],[-105.122397393167,40.5343140653609],[-105.122396993682,40.534121920583],[-105.122396591843,40.5339297748874],[-105.122396192368,40.5337376291898],[-105.122395790524,40.5335454852762],[-105.122395391048,40.53335334046],[-105.122394989219,40.533161194726],[-105.122394587392,40.5329690489825],[-105.122394186743,40.5327769041337],[-105.122393784911,40.5325847601721],[-105.122393385451,40.5323926144075],[-105.122392983633,40.5322004686256],[-105.122392581813,40.5320083237347],[-105.12239218,40.5318161779337],[-105.122391750907,40.5316103099996],[-105.122391321827,40.5314044402536],[-105.122390749331,40.5311299472404],[-105.122390522908,40.5310201540005],[-105.122390392688,40.5309580482339],[-105.122391556546,40.5308761871895],[-105.122520662448,40.5308756429977],[-105.122907336879,40.5308740110769],[-105.1246948549,40.5308665527043],[-105.126077967225,40.5308149459086],[-105.127003685144,40.5307388026588],[-105.127002891266,40.5308528342987],[-105.127002914087,40.5313331947063],[-105.127002930493,40.5316076876382],[-105.127002910521,40.5318881368237],[-105.127002926673,40.532190080079],[-105.127002949074,40.5326092851199],[-105.127002974212,40.5331144885152],[-105.127002982663,40.5332606821106],[-105.127003078757,40.5344788013369],[-105.128197400804,40.5344776750679],[-105.129372103411,40.534470449133],[-105.131997780708,40.5344455111639],[-105.134075257325,40.53443663039],[-105.13649151754,40.5343906838063],[-105.138899482041,40.5343514200161],[-105.138844264351,40.5379562848072],[-105.134078133085,40.5380500941643],[-105.134079470078,40.5382808454362],[-105.134082606973,40.538822194028],[-105.134089686212,40.5400436489636],[-105.134120120765,40.5452942633731],[-105.135689718842,40.5452711108091],[-105.13601626258,40.5452675994083],[-105.138333294655,40.5452426624094],[-105.139488105174,40.5452214957693],[-105.139792350661,40.5464510386757],[-105.139833192941,40.5481667524545],[-105.140273053325,40.5500361976817],[-105.140965773773,40.5513536214483],[-105.14270549695,40.5531698759785],[-105.143576417494,40.5544769767471],[-105.143566614961,40.555359565258],[-105.143566089058,40.5554450184242],[-105.143358962097,40.5554821259644],[-105.143204380802,40.5555088082481],[-105.142618730928,40.5556098946658],[-105.142379932488,40.5556517211321],[-105.142241404391,40.5556759848641],[-105.141664160386,40.5557764556436],[-105.141332779959,40.5558306754455],[-105.14126974694,40.5558407744445],[-105.14107073659,40.5558737855651],[-105.140868129096,40.5559064421177],[-105.140457516003,40.5559713943545],[-105.140249513407,40.556003346913],[-105.139830800046,40.5560686158893],[-105.139619198074,40.5561005561703],[-105.139195983197,40.5561661511237],[-105.138982576383,40.5561987708777],[-105.138769174208,40.556230704023],[-105.138554868468,40.5562633201995],[-105.138129848472,40.5563295918954],[-105.137986677075,40.556351448707],[-105.137706634393,40.5563944952028],[-105.137288818883,40.5564594138138],[-105.136882703021,40.5565233390198],[-105.136291092874,40.5566155034927],[-105.13609749449,40.5566450918795],[-105.135906599405,40.5566736590624],[-105.135347429603,40.5567559699649],[-105.135004359149,40.5568073901514],[-105.134843175635,40.5568319314732],[-105.134695498027,40.55685479943],[-105.134448761856,40.5568941684586],[-105.134356912121,40.5569086336101],[-105.134285775992,40.5569193895732],[-105.133987353146,40.5569665065033],[-105.133983209759,40.5569671941],[-105.133980478819,40.5574144357502],[-105.133977052316,40.5579755761113],[-105.133975300473,40.5582624001226],[-105.132903211062,40.558276001059],[-105.132349410977,40.5582829289931],[-105.130456579136,40.5583038036224],[-105.13027451564,40.5583045954515],[-105.130186686969,40.5583067782655],[-105.130093127271,40.5583078098665],[-105.130006758842,40.5583087616133],[-105.129884410452,40.5583101093829],[-105.129762058521,40.558311456112],[-105.129675692448,40.5583124067197],[-105.129582128007,40.558313438795],[-105.129290961887,40.5583166452674],[-105.129285854775,40.558392098268],[-105.129285998307,40.5585360894195],[-105.129286090177,40.5586285436784],[-105.129286175018,40.558712586621],[-105.12928624135,40.5587784650758],[-105.129286308321,40.5588459501421],[-105.129038820646,40.5588458343756],[-105.128795183329,40.5588457429836],[-105.128552892868,40.5588470143389],[-105.128314529385,40.5588466127836],[-105.128078370178,40.5588473254878],[-105.127844402579,40.5588475899415],[-105.127546126266,40.5588479271037],[-105.127400330965,40.5588542934538],[-105.127399758626,40.558958179179],[-105.127258513704,40.5589574877854],[-105.126824822442,40.5589578094459],[-105.126825191609,40.5588909048365],[-105.126632645199,40.55889097379],[-105.126537268171,40.5588910132773],[-105.126236749002,40.5588914146234],[-105.126033171016,40.5589343366056],[-105.125938584762,40.558954280668],[-105.125776240019,40.5589895494562],[-105.125238709616,40.5589978494582],[-105.125117774008,40.5589973551109],[-105.125115532153,40.5594017959473],[-105.124888069504,40.5594010622949],[-105.124729543127,40.5594005507247],[-105.124626117118,40.5594040037314],[-105.124600565929,40.5592951390935],[-105.124600003204,40.5590721128507]]]},"properties":{"FID":12,"OG_CODE":6152,"CDE_Code":"6482","School":"Olander","SchoolFull":"Olander Elementary","Address":"3401 Auntie Stone St","Loc_Code":"166","BldgID":91660,"ArticArea":"Rocky Mountain HS","City":"Fort Collins","State":"CO","Zip":80526,"Phone":"970-488-8410","Shape_Leng":39301.5037584,"Shape_Area":53498678.9973,"Shape__Area":8617041.23046875,"Shape__Length":15775.322480002385,"RIC":"49","RICNC":"45","FCI":"23","NSC":"61","FCA":21.17,"FCA_Remain":8.8299999999999983}},{"type":"Feature","id":13,"geometry":{"type":"Polygon","coordinates":[[[-104.943890595862,40.6387758357009],[-104.945005834535,40.6387885996241],[-104.945158965402,40.6387896727394],[-104.945311202305,40.6387900551695],[-104.945459829248,40.6387911064267],[-104.945744455246,40.638795206916],[-104.946224525025,40.6388036677909],[-104.946329010653,40.6388048510449],[-104.946535297609,40.6388051458373],[-104.946729890019,40.638803326009],[-104.946821806787,40.638799302402],[-104.946914610285,40.6387969984949],[-104.947011909283,40.6387957452059],[-104.947219986557,40.6387974197375],[-104.947333485673,40.6387979586693],[-104.947455080646,40.6387999083673],[-104.947854119121,40.6388031742873],[-104.947996415391,40.6388072802829],[-104.948140532873,40.6388089929559],[-104.948286444712,40.6388117432906],[-104.948434170962,40.6388127864807],[-104.948730532663,40.6388138472689],[-104.948876458533,40.6388148813713],[-104.949021493633,40.6388145386273],[-104.949443051946,40.6388179056915],[-104.949578186778,40.6388164860926],[-104.949712415228,40.6388157482755],[-104.949844833718,40.6388160310847],[-104.949974541466,40.6388173302698],[-104.950344727059,40.6388238824305],[-104.950553709689,40.6388248690537],[-104.950581495796,40.6388238357872],[-104.950623062021,40.6388222902951],[-104.95089338789,40.6388122386163],[-104.950992740675,40.6388216974954],[-104.953312091185,40.6388179532467],[-104.95632732606,40.6387653782552],[-104.956130048553,40.6382644196292],[-104.955995253749,40.6379221225382],[-104.956263972662,40.637319697741],[-104.95709568052,40.6368181392976],[-104.957077673903,40.6365100201478],[-104.957028262702,40.635664524105],[-104.956246290562,40.6344546927901],[-104.955942974645,40.6334896139898],[-104.955652224091,40.632564490237],[-104.955990381968,40.6318535206861],[-104.957381248967,40.6314945283885],[-104.957790358109,40.6309600855215],[-104.958637870077,40.6304446359365],[-104.960517252233,40.6306705434733],[-104.96215034615,40.6288945845793],[-104.962929577039,40.6293242322686],[-104.962942147516,40.6281695295062],[-104.96400866395,40.6287104615799],[-104.964114561238,40.6286840252491],[-104.965897612823,40.6297627562924],[-104.966010186018,40.6296562956431],[-104.966079383187,40.6296954073052],[-104.967564385585,40.6307551459109],[-104.968036620474,40.6309566020592],[-104.969177308748,40.631316256507],[-104.969331491483,40.6313648682964],[-104.970123632378,40.6316094139554],[-104.970468889048,40.6317159973269],[-104.970328884493,40.6318196744328],[-104.971117361297,40.6321630074176],[-104.971854211619,40.6324670949525],[-104.972673464642,40.632791967631],[-104.972836652424,40.6327555895327],[-104.972778580823,40.6316303463445],[-104.972745742098,40.6303820650439],[-104.972948712441,40.6303652208646],[-104.973151683872,40.6303483754362],[-104.973712189351,40.6306543285941],[-104.974259558236,40.6309531061696],[-104.974884582121,40.6312942640664],[-104.975250711499,40.6314941061548],[-104.975531135178,40.6316168380246],[-104.975836843608,40.631756686481],[-104.976478943821,40.6319271176229],[-104.976772300158,40.6319583703284],[-104.977152350787,40.631998857929],[-104.97754158689,40.631981821083],[-104.977831194735,40.6319691449847],[-104.978489385192,40.6318391288888],[-104.978862036962,40.6317013415322],[-104.978981404841,40.6316580512831],[-104.979091079636,40.6316176866638],[-104.979644456656,40.6313018109616],[-104.981713725553,40.6298707160704],[-104.982736990968,40.63097593504],[-104.982965095415,40.6312207227239],[-104.983134671635,40.631568034967],[-104.983194961988,40.6316915167153],[-104.988704309146,40.6317184553372],[-104.988899629218,40.63171940235],[-104.98910318979,40.6317202960517],[-104.990034501929,40.6317250665186],[-104.990303584465,40.6313985754435],[-104.991218230161,40.6305060221269],[-104.991370671595,40.6303570953289],[-104.991355817526,40.6317315354484],[-105.000645641328,40.6317747314536],[-105.001028695518,40.6317858940031],[-105.000729470357,40.6389985798415],[-105.000785506968,40.6439100286956],[-105.000854858326,40.6506105103855],[-105.000939543349,40.6679336416183],[-105.000523565979,40.69474664975],[-105.000436812677,40.6954962724825],[-105.000295121741,40.6964532304932],[-105.000127647431,40.6970853825297],[-104.999552329289,40.6986793051713],[-104.999026110058,40.6999815581186],[-104.998211335628,40.7021939378817],[-104.997508183032,40.7039502162296],[-104.99775089226,40.7039506845287],[-104.997899668608,40.7039509826252],[-104.998070080863,40.7039520599432],[-104.99814078999,40.7039522240338],[-104.998243202019,40.7039524624692],[-104.998502892682,40.7039518649508],[-104.998625524645,40.7039517064879],[-104.998765297147,40.703950249216],[-104.998936622627,40.7039496136755],[-104.999281067896,40.7039497219653],[-104.999452390825,40.7039494287594],[-104.99978513741,40.7039463973675],[-104.999944738756,40.7039460531163],[-105.000253101202,40.7039480622959],[-105.000328843138,40.7039480440239],[-105.00068229992,40.7039488730233],[-105.0008166548,40.7039484193863],[-105.000949199932,40.7039489871547],[-105.001083539592,40.7039505917678],[-105.001501896961,40.7039540978853],[-105.00164796447,40.7039550658142],[-105.001795844252,40.7039546688935],[-105.001945502029,40.7039577104236],[-105.002003215845,40.7039569277935],[-105.002102411068,40.7039556361895],[-105.002419786344,40.7039583643549],[-105.002582986756,40.7039590611708],[-105.002750691598,40.7039604631887],[-105.002920211219,40.7039601571883],[-105.003092445924,40.7039584901048],[-105.003364766037,40.7039572494021],[-105.004342211828,40.7039552355863],[-105.004521640794,40.7039563418242],[-105.004703788671,40.7039554007205],[-105.005006753926,40.7039556588578],[-105.005241189186,40.7039563114443],[-105.00541972287,40.7039563831863],[-105.005598259067,40.7039561115616],[-105.005958934258,40.7039562689749],[-105.00631871532,40.7039553921723],[-105.00650356313,40.7039551459022],[-105.006860629171,40.7039556283422],[-105.007210475742,40.7039567653625],[-105.007558530203,40.7039565213435],[-105.00761443813,40.7039560714059],[-105.007730759778,40.7039555335901],[-105.008211390758,40.7039513873086],[-105.00840345433,40.7039508253761],[-105.008887681886,40.7039480638941],[-105.009046389017,40.7039466740962],[-105.009204199472,40.7039445940978],[-105.009365625223,40.7039414997981],[-105.009696599224,40.7039339722924],[-105.009943700048,40.7039288359507],[-105.01022415857,40.7039241824098],[-105.010599304943,40.7039182104218],[-105.010794095764,40.7039145680713],[-105.01099428776,40.7039123204777],[-105.011197176084,40.7039111131625],[-105.01140186275,40.7039105992422],[-105.011606540665,40.7039114573403],[-105.012014078419,40.7039148803618],[-105.012218746435,40.7039171097574],[-105.012221434054,40.7039195227339],[-105.012629863637,40.7039243197492],[-105.012839022663,40.7039289685651],[-105.013054487204,40.7039343295644],[-105.013301512356,40.7039394788945],[-105.013493051426,40.703943370331],[-105.013929002263,40.7039513620294],[-105.014144492847,40.7039532900853],[-105.014359100351,40.7039524692334],[-105.014532258626,40.7039477011586],[-105.014665579687,40.7039657548384],[-105.014826989255,40.7039647115274],[-105.014992902188,40.7039643729451],[-105.015332829394,40.7039657873915],[-105.015509552401,40.7039668654526],[-105.015876546678,40.7039659891311],[-105.016643905292,40.7039629990409],[-105.01684318948,40.7039614238397],[-105.017440129244,40.7039584079287],[-105.017630395525,40.703957137137],[-105.018334635272,40.7039542176967],[-105.018742216403,40.7039517846036],[-105.01924445357,40.7039521423984],[-105.019276916979,40.7039519332343],[-105.019324702546,40.7039524734779],[-105.019427548607,40.703952571711],[-105.019432904262,40.7039525766898],[-105.019535698457,40.7039523143999],[-105.019713828674,40.703950695688],[-105.019812586549,40.7039496051351],[-105.019987909504,40.7039460490935],[-105.020192774798,40.7039432024919],[-105.020353955206,40.703943740024],[-105.021243162673,40.7039449322712],[-105.02163297378,40.7039461622725],[-105.021707310911,40.7039463251554],[-105.022234052237,40.7039489994692],[-105.022503933965,40.7039501057636],[-105.02288056086,40.7039509623741],[-105.023267204857,40.7039519398005],[-105.023534906674,40.703952244119],[-105.02405460857,40.7039532325392],[-105.02462570324,40.7039563797823],[-105.025405667716,40.7039557851447],[-105.025866429723,40.7039559454558],[-105.026195538405,40.7039569410853],[-105.026370465463,40.7039569660603],[-105.026549005163,40.7039563192454],[-105.02673204717,40.7039563766509],[-105.026919595077,40.7039567951668],[-105.027111645262,40.7039582609632],[-105.027503863046,40.7039605383168],[-105.027703133747,40.7039610031081],[-105.028098958212,40.7039632930778],[-105.028484877599,40.703963826104],[-105.028675144898,40.7039621941789],[-105.028864497339,40.7039626168636],[-105.029018612745,40.7039623979184],[-105.029241398932,40.703963110921],[-105.029428938487,40.703964897777],[-105.029617383312,40.7039660017791],[-105.030775135619,40.7039682681185],[-105.031577615515,40.7039714969702],[-105.031986978177,40.7039721126401],[-105.032193456295,40.7039732849076],[-105.03239994036,40.7039737706266],[-105.032607329657,40.7039735734046],[-105.033021193526,40.7039752328061],[-105.033621741413,40.7039762981159],[-105.034235746058,40.7039783785935],[-105.03461715372,40.703979216377],[-105.03480379653,40.7039803047935],[-105.035168070272,40.703981415469],[-105.03534659814,40.7039824706424],[-105.035694639628,40.7039838580427],[-105.035865059632,40.7039838508038],[-105.036035466659,40.7039855587794],[-105.03616237326,40.7039873481985],[-105.036204967316,40.7039879491045],[-105.036536773048,40.7039902986719],[-105.036859584545,40.7039891805134],[-105.037167956504,40.7039900627237],[-105.037317637113,40.703989970978],[-105.037607068292,40.7039914630192],[-105.037740522519,40.7039909632333],[-105.037860457678,40.7039893803663],[-105.038336548195,40.7039895521604],[-105.038367200013,40.7039903598094],[-105.038455858484,40.703989362031],[-105.038457375613,40.7039893446267],[-105.038460779868,40.7038871133948],[-105.038463352855,40.7037745848736],[-105.038466839217,40.7036603453513],[-105.038468541027,40.7035433539313],[-105.038472064912,40.7034236248992],[-105.038477377394,40.703174209056],[-105.038479151913,40.703046581708],[-105.038481842157,40.7029168984624],[-105.038492591926,40.7025316361425],[-105.038495232851,40.7024091578487],[-105.038498737859,40.7022921735252],[-105.038501296638,40.7021817044115],[-105.03850200521,40.7020780900311],[-105.03850446544,40.7019820299572],[-105.038505066078,40.7018941978944],[-105.038506719548,40.7018356499487],[-105.038534811783,40.7008406435234],[-105.038548629396,40.7004022111676],[-105.038553824061,40.7001699497958],[-105.038557317121,40.70005468086],[-105.038559906216,40.6999397514435],[-105.038566854753,40.6997147021582],[-105.038567887726,40.6996954924518],[-105.038609644687,40.6984193736884],[-105.038622173066,40.6978216718304],[-105.038627007506,40.6975101518777],[-105.038631312781,40.6973471685221],[-105.038631873311,40.6973259244233],[-105.038631522916,40.6972452936471],[-105.038621189568,40.697174230242],[-105.038603568622,40.6971141172955],[-105.038584074204,40.6970642891389],[-105.038566965605,40.6970348126111],[-105.03855912348,40.6970213023445],[-105.038555866672,40.6970167264349],[-105.038493399038,40.6969289650174],[-105.038485896324,40.6969184242531],[-105.038487258225,40.6967640779506],[-105.038048725136,40.6967619248268],[-105.03806798548,40.6935622320321],[-105.038089770123,40.6899847609703],[-105.038111236307,40.6864621328766],[-105.038133321807,40.6828294656954],[-105.038186393802,40.6797095217252],[-105.038187891317,40.6796213387051],[-105.038190015187,40.6794964080374],[-105.038190764168,40.6792051863284],[-105.038199987089,40.6764389937596],[-105.038330009329,40.6712123305055],[-105.038775426793,40.6712172535606],[-105.03903229731,40.6712206597085],[-105.044839019746,40.6712937543272],[-105.04868308875,40.6713256131812],[-105.049946577573,40.6728046156929],[-105.05127660091,40.6743757547445],[-105.052292699086,40.6755759933093],[-105.053103603577,40.6765257615306],[-105.055430187117,40.6792505785791],[-105.056677287893,40.6807104826968],[-105.056715646711,40.6827585876948],[-105.058565284721,40.6827656120353],[-105.058977816039,40.6809757279977],[-105.059109499597,40.6803143460992],[-105.059298224457,40.6794682766586],[-105.06183241951,40.6794376384291],[-105.061911385131,40.6790829476314],[-105.062332973607,40.6771892123997],[-105.062544076763,40.6762409442077],[-105.062650730405,40.6757592130084],[-105.062823410668,40.6749992772179],[-105.063472114501,40.672153816222],[-105.063576056468,40.6721530557826],[-105.064665843767,40.6721450636288],[-105.065943532426,40.6721356508715],[-105.066224858769,40.6721447246506],[-105.067492459506,40.6721310446001],[-105.069692632403,40.6721221896979],[-105.070032953084,40.6721211583477],[-105.069789116982,40.6735952190229],[-105.06967441221,40.6741986620755],[-105.069637079947,40.6743995849106],[-105.069526901891,40.6749996133526],[-105.069385992281,40.6757248208976],[-105.069385840946,40.6757255524764],[-105.069386730456,40.6757255476603],[-105.070029483792,40.6757223173399],[-105.075610814924,40.6756940844405],[-105.075613173446,40.6755603026628],[-105.075636577793,40.6742346177948],[-105.077914684148,40.6742446431917],[-105.078386338977,40.674246714475],[-105.078395570489,40.6685649503197],[-105.080697043946,40.6682635527996],[-105.085154577492,40.6717107852206],[-105.094564702342,40.674797103736],[-105.094548086608,40.6760390356455],[-105.094505273966,40.6792398057611],[-105.094442334809,40.6827856637829],[-105.094312391827,40.6834477122189],[-105.094373046462,40.6863764865814],[-105.094423807601,40.6888437719995],[-105.09446586853,40.6908548030908],[-105.094496834431,40.6923490844468],[-105.094083325877,40.692299984554],[-105.094201935857,40.6955221006424],[-105.094211029345,40.6963079189482],[-105.094230813458,40.698017842623],[-105.095014841924,40.6980581002223],[-105.095659018848,40.6980911727199],[-105.095649631665,40.6998669019259],[-105.095452455469,40.6999393361044],[-105.094406265859,40.7010095580106],[-105.094137714461,40.7013875050639],[-105.094073262444,40.7015086000645],[-105.094051816275,40.7016351850181],[-105.094185030638,40.7022602410242],[-105.09562950378,40.7030999467809],[-105.095625496247,40.7037450457756],[-105.09562251506,40.7042249765796],[-105.095620211352,40.70459875519],[-105.098762089125,40.7046331510866],[-105.100419914337,40.7046512816436],[-105.102815040676,40.7046774676711],[-105.105198781544,40.70470485274],[-105.105201517155,40.7044261733258],[-105.114465444595,40.704250030457],[-105.114569835732,40.7042475031269],[-105.114690219261,40.704188831062],[-105.114693211698,40.7039805773547],[-105.114786067576,40.7039253829531],[-105.124029018625,40.7039711943189],[-105.133600759452,40.7039133128755],[-105.133592352704,40.7045081566025],[-105.142966092674,40.7045278303119],[-105.145531587161,40.7045329065957],[-105.145510712797,40.7060231397699],[-105.145467336309,40.7091203118259],[-105.145429911282,40.7117917736387],[-105.143056784794,40.7117841821459],[-105.143052826929,40.7148253930945],[-105.143048873376,40.717865718629],[-105.143043654908,40.7216318284479],[-105.143037081346,40.7262471721946],[-105.152566639818,40.7262918784721],[-105.152565058373,40.7269050828281],[-105.152561894737,40.7281313894195],[-105.152547992199,40.7335197548122],[-105.152544852133,40.734824558015],[-105.152539297807,40.7371332459784],[-105.152532295525,40.7397711814347],[-105.152530392245,40.7404883270911],[-105.152529705702,40.7407470652597],[-105.152520282844,40.7443276022541],[-105.152509952564,40.7479077919958],[-105.152505032438,40.7496131453602],[-105.152504792734,40.7496980388586],[-105.152489289942,40.7550688397465],[-105.152435663839,40.7623220667393],[-105.152381122468,40.7695752736696],[-105.15234651771,40.7768110266268],[-105.152315589047,40.7840327044788],[-105.152220240078,40.7876396935676],[-105.152119578416,40.7912253943176],[-105.152041998783,40.7939638031602],[-105.152018003731,40.7948107475475],[-105.15191822355,40.7983964375946],[-105.158405117203,40.798424414103],[-105.160004776955,40.7984312590035],[-105.161017915941,40.7984355826155],[-105.165523466916,40.7984664208078],[-105.170598774651,40.7984980131377],[-105.170683135063,40.8021137408442],[-105.17076660433,40.8057291246945],[-105.170850992806,40.8093444939621],[-105.170935381994,40.8129598685526],[-105.175829043974,40.8130555561971],[-105.176118315453,40.8130612273727],[-105.176974659477,40.8130780130454],[-105.18072180675,40.8131513873465],[-105.185614588936,40.813247357385],[-105.1905082965,40.8133431193218],[-105.190463838518,40.8169234738128],[-105.19041848088,40.8205038214724],[-105.190374027215,40.8240845137587],[-105.190350539865,40.8259759006644],[-105.190329564491,40.8276648548581],[-105.192232259492,40.827682914912],[-105.195039359714,40.8277095036464],[-105.199750066011,40.8277536243611],[-105.204459880758,40.8277978930986],[-105.209170597614,40.8278423144356],[-105.209195066946,40.8313806266998],[-105.209221346852,40.8349189453724],[-105.209246724892,40.8384572510765],[-105.209272105311,40.8419958936379],[-105.209239671698,40.8457412746989],[-105.209208139308,40.8494866467169],[-105.209176159696,40.8531779657717],[-105.209143248522,40.8569770371118],[-105.209107056994,40.8585781079372],[-105.209067272625,40.8603380330839],[-105.208990385333,40.8636990226908],[-105.208914394508,40.867059669144],[-105.208863075282,40.8703575882461],[-105.209158809799,40.8741970539264],[-105.209458808544,40.8780917752085],[-105.209794577872,40.8819572262882],[-105.210054685827,40.8858259436066],[-105.210260618234,40.8896545360351],[-105.210465660096,40.8934834608072],[-105.210535956183,40.8947957516539],[-105.210670735341,40.8973116990681],[-105.210875832161,40.90114061768],[-105.210972507729,40.9049486714445],[-105.211069201068,40.9087570646072],[-105.211165906837,40.912565107383],[-105.211261717531,40.9163734935704],[-105.211209424498,40.9201266137626],[-105.21115622076,40.9238800613394],[-105.211103004208,40.9276331694622],[-105.211049788569,40.93138661169],[-105.21105273723,40.9351220017804],[-105.211056593691,40.9388570475011],[-105.211060449091,40.9425924345358],[-105.211063398836,40.9463278085565],[-105.191610208388,40.94634855246],[-105.191575317704,40.9494926681328],[-105.19154043207,40.9526367799896],[-105.19156274397,40.9562555544537],[-105.1915669063,40.9569619278871],[-105.191585133884,40.960055119028],[-105.191653663624,40.9638606371613],[-105.191676871061,40.9651495664519],[-105.191722198001,40.9676668303099],[-105.191790741702,40.9714726773656],[-105.191860199667,40.9752785201621],[-105.192123461549,40.9788762788877],[-105.192387658194,40.9824740387778],[-105.192651884708,40.9860714480656],[-105.192915232461,40.9896691886843],[-105.193166348942,40.9933725581558],[-105.19341750021,40.9970759279147],[-105.193423730842,40.9978927809098],[-105.193421602352,40.9984058268691],[-105.081979472489,40.9983728643496],[-105.077075048869,40.998368451894],[-105.076507337634,40.9983679280594],[-105.038380596254,40.998326430767],[-105.035883421885,40.9983232795823],[-104.999987454852,40.9983019555557],[-104.993236662139,40.9982967158302],[-104.962407124669,40.9983585190696],[-104.9473676127,40.9982507988266],[-104.943314674802,40.9983183289596],[-104.943313628113,40.9971455999377],[-104.943310446277,40.9935825635641],[-104.943304246707,40.9863523115928],[-104.943298047991,40.9791223836585],[-104.943291850616,40.9718924341086],[-104.943285655018,40.9646621235893],[-104.943070453874,40.9574776286565],[-104.942897341786,40.9502799308392],[-104.942934905605,40.9429931276037],[-104.942972460089,40.935706304799],[-104.943010010472,40.9284191176894],[-104.943047548171,40.9211326027924],[-104.943085081105,40.9138453744413],[-104.943122756156,40.906558471698],[-104.943145487586,40.9021609109141],[-104.943160420643,40.8992715526755],[-104.943198081772,40.8919846076215],[-104.943235733537,40.8846976456311],[-104.943273370031,40.8774106640936],[-104.943311000719,40.8701236667746],[-104.943323660324,40.862849985435],[-104.943336317178,40.8555762868199],[-104.943348972499,40.8483025674513],[-104.943361623901,40.8410288292369],[-104.943374272541,40.8337550759023],[-104.943386918479,40.8264813003618],[-104.943399408267,40.8192078549994],[-104.943411897051,40.811934042783],[-104.943424381955,40.8046602123111],[-104.943437166362,40.7973863597459],[-104.943449949819,40.7901128439776],[-104.943462729856,40.7828389600117],[-104.943482671608,40.7755681983357],[-104.943502606161,40.7682977702021],[-104.943522536899,40.7610269787432],[-104.943542465753,40.7537561644817],[-104.943563069887,40.746485342474],[-104.943583662572,40.7392144915504],[-104.943647897923,40.7318803381864],[-104.943712121719,40.7245461621637],[-104.943776325628,40.7172119698673],[-104.943840520782,40.7098774165655],[-104.943904255429,40.7025431882324],[-104.943968875413,40.6952089456068],[-104.943183113861,40.6949740472968],[-104.943177138724,40.6946631528475],[-104.94317790942,40.6945720316708],[-104.943176007378,40.6944750288901],[-104.943170534408,40.694371450397],[-104.94316873726,40.694262022443],[-104.943167069625,40.6940300584476],[-104.943170869875,40.6937950146028],[-104.943170948599,40.6936783462368],[-104.943172845027,40.6935613425477],[-104.943172932284,40.6934436394919],[-104.943172121845,40.6933248956179],[-104.943172230226,40.6932047756009],[-104.943171436872,40.6930839614546],[-104.943168838397,40.692962103053],[-104.943165333699,40.6928402394146],[-104.943163788067,40.6925937798801],[-104.943162118159,40.6924695097445],[-104.943161347617,40.692345933718],[-104.943161619689,40.692099137026],[-104.943160856026,40.6919748712031],[-104.943161011171,40.6918492283359],[-104.94316027029,40.6917222015506],[-104.943160620439,40.6914660845742],[-104.943162775654,40.6912110127296],[-104.943162939323,40.6910843360512],[-104.943163986436,40.6909604237524],[-104.943167699261,40.6908430828397],[-104.943169544841,40.6907319467391],[-104.943169652697,40.6905044774793],[-104.943167483683,40.6901171834646],[-104.943167760761,40.6899770450766],[-104.943174220874,40.6895345646714],[-104.9431746142,40.6893806196945],[-104.943176851931,40.6892232317465],[-104.94318092599,40.6890630915043],[-104.943183203558,40.6889008714188],[-104.943186392997,40.6887379649677],[-104.943190493808,40.6885747188571],[-104.943195503631,40.6884111312748],[-104.943198702744,40.6882471892209],[-104.943203298763,40.6879179177428],[-104.943206485263,40.6877553561362],[-104.943208564386,40.6876166067928],[-104.943208742795,40.6875955520471],[-104.943210066157,40.6874388503589],[-104.943212285481,40.6872835325778],[-104.943216306902,40.6871296057369],[-104.943219420969,40.6869756736511],[-104.94322345375,40.6868203654163],[-104.943225690099,40.686662977338],[-104.943228852043,40.6865035224262],[-104.943235718268,40.6860127203241],[-104.943238958208,40.6858439460277],[-104.943243116838,40.6856737964808],[-104.94324963648,40.6853314166171],[-104.943254351153,40.6849879915646],[-104.943255803166,40.6848161026939],[-104.94325815964,40.6846445630455],[-104.943261032312,40.6843045818027],[-104.943265685885,40.6839684057306],[-104.943268901698,40.6838023922817],[-104.943271198803,40.6836377558683],[-104.943274383261,40.6834755407484],[-104.94327709167,40.6831548869824],[-104.943281596359,40.6828363139231],[-104.943285666932,40.6826765191594],[-104.943288830209,40.682516719151],[-104.943291084527,40.6823572596991],[-104.943318797833,40.6806255067409],[-104.943342988933,40.6788961116749],[-104.943344845667,40.6786762442533],[-104.943344921222,40.6785599211427],[-104.943344145991,40.6784370352881],[-104.94334253018,40.6783062062011],[-104.943341879699,40.6781684790396],[-104.943344917883,40.6780235210089],[-104.943347106943,40.6778716544292],[-104.943348442359,40.6777135717976],[-104.943347590332,40.6773849612409],[-104.943348637624,40.6770463510605],[-104.943355540206,40.6765510593966],[-104.943356925139,40.6763871089795],[-104.94336147857,40.6760626666378],[-104.943362828149,40.67590285764],[-104.94336509629,40.6757416733875],[-104.943366465783,40.6755794474028],[-104.94337607137,40.6750862405948],[-104.943376587228,40.6749177976273],[-104.943378041564,40.6747455624319],[-104.943390115485,40.6738526559888],[-104.943393374375,40.6736814649913],[-104.943395639525,40.6735206255256],[-104.943396922346,40.6733687544078],[-104.943397511354,40.6732990314698],[-104.943399070112,40.6732217206528],[-104.943400300512,40.6730760630456],[-104.943402463675,40.6729273030023],[-104.943408744877,40.6726128799617],[-104.94341012107,40.6724499640366],[-104.943414743446,40.6721172384037],[-104.943417562399,40.6717834684891],[-104.943417162453,40.6716160566067],[-104.943417666801,40.6714489939473],[-104.943420458918,40.6711183307266],[-104.94342098032,40.6709491977646],[-104.943423960902,40.6705960982475],[-104.943426412709,40.6704131681862],[-104.943430691788,40.6702285204973],[-104.943440811583,40.6696742185715],[-104.94344027192,40.6693086754321],[-104.943439079336,40.6691277982433],[-104.943441504263,40.6689479739634],[-104.943441197683,40.6687695171602],[-104.943442339446,40.6684195155155],[-104.943444682312,40.6682493554906],[-104.943446086782,40.6680829876845],[-104.943449270093,40.6679207708944],[-104.943450581132,40.6677654487535],[-104.943454737143,40.6674879474667],[-104.943457570718,40.6673671506111],[-104.943457622317,40.6671462390673],[-104.943482673179,40.6660991222593],[-104.94348238872,40.6643200643211],[-104.943485787011,40.6641323051894],[-104.943493092134,40.6635890349407],[-104.943496318977,40.6634216399794],[-104.943500385029,40.6632621891673],[-104.943506909851,40.6628114222323],[-104.943507412841,40.6625370099732],[-104.943508499885,40.6624082644428],[-104.943508766543,40.6621618103982],[-104.943507985518,40.6620396137313],[-104.943509025848,40.6619163919328],[-104.943509316328,40.6617745260591],[-104.943508478885,40.6616588887159],[-104.943509632521,40.6615222042194],[-104.943512661061,40.6613782810493],[-104.943514820752,40.6612298662787],[-104.943514283395,40.6610786757237],[-104.943515557172,40.6609278405294],[-104.943518636871,40.660777704681],[-104.943520822139,40.6606261822065],[-104.943523025634,40.6604725903472],[-104.943524333516,40.6603176127562],[-104.943523837149,40.6601615900017],[-104.9435242506,40.6600052275778],[-104.943528735511,40.659688723468],[-104.943535157809,40.6593573866098],[-104.943539861865,40.6590149944498],[-104.94354171172,40.6587958164046],[-104.943542821389,40.6586643097495],[-104.943543970989,40.658313271452],[-104.943546328648,40.6581413855279],[-104.943546843952,40.6579729417025],[-104.943548259331,40.6578051928929],[-104.943549336604,40.6574627832426],[-104.943554124107,40.6571103825605],[-104.943557158597,40.6567507240245],[-104.943563829321,40.6563900471934],[-104.943564425381,40.6562119389463],[-104.943563050599,40.6555157113406],[-104.943560866173,40.6553448383011],[-104.943559585833,40.655174314485],[-104.943557405451,40.655003096536],[-104.943557954819,40.6548305119784],[-104.943556704119,40.6546565364618],[-104.943556359144,40.6544825661654],[-104.943557497235,40.6541329070231],[-104.943556542656,40.6536016756932],[-104.943558024515,40.6534259877143],[-104.943560405899,40.6532513405611],[-104.943560611085,40.6532270113171],[-104.943561870674,40.653077723753],[-104.943504903166,40.6529681352145],[-104.943503145638,40.6522520001896],[-104.943509001827,40.6520880213228],[-104.943515741994,40.6519261044361],[-104.943521544411,40.651768644398],[-104.943529302231,40.6514832125275],[-104.943540554374,40.6511017263425],[-104.943543331553,40.6509833664263],[-104.943543388918,40.6508670521708],[-104.943544352882,40.650750056023],[-104.943547132874,40.6506313520967],[-104.943549148412,40.6503867237659],[-104.943549282098,40.6502611449632],[-104.943550336502,40.6501331696816],[-104.943552320106,40.6500017677283],[-104.943556139491,40.6498662572142],[-104.943559086204,40.649727310515],[-104.943563851718,40.6495863147384],[-104.943567713457,40.6494456577471],[-104.943570682742,40.6493039662514],[-104.94357456989,40.6491602213718],[-104.943579366425,40.6490154514997],[-104.943585333152,40.6487286383922],[-104.943589203278,40.6485869520723],[-104.943598745313,40.6483035871253],[-104.943615800504,40.647873749661],[-104.943619707259,40.6477276030366],[-104.943624520553,40.6475807745163],[-104.943630246041,40.6474325770042],[-104.943639914914,40.6471337734668],[-104.943642963079,40.6469824751401],[-104.943646920595,40.6468301527195],[-104.94365178747,40.6466768044038],[-104.94365756651,40.6465220888961],[-104.943662453115,40.646366339783],[-104.943666447297,40.6462095561638],[-104.943669551874,40.6460513967418],[-104.943669696002,40.6460338987595],[-104.943674461024,40.645892902825],[-104.943681177569,40.6457337304147],[-104.943695944371,40.6452534443261],[-104.943736469291,40.6442036848871],[-104.943770401945,40.642228924362],[-104.943775417951,40.6420573916349],[-104.943781340403,40.6418851779076],[-104.943786370482,40.6417119296722],[-104.943792301351,40.6415386866325],[-104.943797328544,40.6413657823777],[-104.943803248062,40.641193910812],[-104.943807351784,40.6410237470208],[-104.943812344998,40.640854959918],[-104.943825903523,40.6405211760826],[-104.943829967605,40.6403558147324],[-104.943835821969,40.6401918352754],[-104.943849306798,40.6398669719289],[-104.943855127176,40.6397071096276],[-104.943864858925,40.6394004132318],[-104.943888370586,40.6388316010193],[-104.943890595862,40.6387758357009]]]},"properties":{"FID":13,"OG_CODE":3639,"CDE_Code":"9370","School":"Eyestone","SchoolFull":"Eyestone Elementary","Address":"4000 Wilson Ave","Loc_Code":"124","BldgID":91240,"ArticArea":"Wellington Middle-High School","City":"Wellington","State":"CO","Zip":80549,"Phone":"970-488-8600","Shape_Leng":456419.574502,"Shape_Area":7745062000.85,"Shape__Area":1258533476.8515625,"Shape__Length":184029.72551089339,"RIC":"33","RICNC":"37","FCI":"39","NSC":"41","FCA":22.06,"FCA_Remain":7.9400000000000013}},{"type":"Feature","id":14,"geometry":{"type":"Polygon","coordinates":[[[-104.997508183032,40.7039502162296],[-104.998211335628,40.7021939378817],[-104.999026110058,40.6999815581186],[-104.999552329289,40.6986793051713],[-105.000127647431,40.6970853825297],[-105.000295121741,40.6964532304932],[-105.000436812677,40.6954962724825],[-105.000523565979,40.69474664975],[-105.000939543349,40.6679336416183],[-105.000854858326,40.6506105103855],[-105.000785506968,40.6439100286956],[-105.000729470357,40.6389985798415],[-105.001174104706,40.6390009894873],[-105.002686851462,40.6390149809311],[-105.007250683016,40.6390519178424],[-105.010124156526,40.63907262379],[-105.010234964024,40.6390720607282],[-105.01029618846,40.6318218021136],[-105.019791490026,40.6318924738423],[-105.019847365204,40.6303990612721],[-105.024783187922,40.6304399712805],[-105.024764169431,40.6317618385645],[-105.033149021836,40.631769816797],[-105.033714623655,40.632835751138],[-105.033766872988,40.6334221084164],[-105.033839011829,40.6338596118986],[-105.034153938682,40.634438695831],[-105.034444940418,40.6348735137421],[-105.034730740595,40.6351558169186],[-105.035436527108,40.6353111300176],[-105.036327584872,40.635815052892],[-105.036980138335,40.6364371560782],[-105.037833168857,40.6370171628561],[-105.038329102048,40.6376767601312],[-105.038673565216,40.637679006562],[-105.038634660656,40.6392824415376],[-105.03857051845,40.6442792892682],[-105.038559980788,40.6458593049379],[-105.038560186734,40.6460233290148],[-105.038559581902,40.6463169307287],[-105.038561696229,40.6464030594829],[-105.038549485325,40.6464760933103],[-105.038518456395,40.6465342988527],[-105.038509391181,40.6465424975346],[-105.038472217684,40.6465770041824],[-105.038409856573,40.6466059212087],[-105.038367817919,40.64661273017],[-105.038325076188,40.6466196524986],[-105.038299954589,40.646620843358],[-105.038251410918,40.6466231444482],[-105.038240053507,40.6466236829562],[-105.038211523383,40.6466250349834],[-105.037928612595,40.64662802974],[-105.037579407626,40.6466261334831],[-105.037060187364,40.6466187467974],[-105.036868569509,40.6466173065504],[-105.036503434722,40.6466161884075],[-105.035954799615,40.6466122872758],[-105.035614276255,40.6466085276757],[-105.035446714328,40.6466071729389],[-105.035332193714,40.6466057469089],[-105.035070459097,40.6466037752664],[-105.034998979691,40.6466036698918],[-105.034879985831,40.6466141740316],[-105.034833817583,40.6466296528138],[-105.03477884915,40.6466480817308],[-105.034701880588,40.64670473024],[-105.034649129766,40.6467769154138],[-105.034612524092,40.6468594583775],[-105.034511405787,40.6471520701589],[-105.034474653123,40.6472558852451],[-105.034435165701,40.6473641497982],[-105.034349843895,40.6475868303321],[-105.034304911582,40.6477009059068],[-105.034258165464,40.6478166897497],[-105.034211433382,40.6479304149728],[-105.034168333195,40.6480400382992],[-105.034130662037,40.6481462513413],[-105.034107414914,40.6482511496557],[-105.034110294374,40.648356152518],[-105.034138399613,40.648461257222],[-105.034188119976,40.648567476828],[-105.034250458154,40.6486730606698],[-105.034316378936,40.6487817467846],[-105.034525751767,40.6491229489909],[-105.034598819408,40.6492405843319],[-105.034671877841,40.6493595929211],[-105.034744927084,40.6494799729573],[-105.034818884612,40.649599327245],[-105.034892854216,40.6497169659848],[-105.034966831159,40.649833576276],[-105.035040797735,40.649951901117],[-105.035188703326,40.6501923247286],[-105.035261773272,40.650309960517],[-105.035335758589,40.650425540355],[-105.035408859732,40.6505387148518],[-105.035478371479,40.6506498163246],[-105.035545199471,40.6507581630761],[-105.035604831857,40.6508647646397],[-105.035668998435,40.6510058274974],[-105.035694376278,40.6510764767072],[-105.03571887657,40.6511822527715],[-105.035735016886,40.6513622402323],[-105.035735617368,40.6514993518862],[-105.035705635347,40.6520598735261],[-105.035692459104,40.6526261553482],[-105.035693610572,40.6532847246377],[-105.03568992859,40.6535581682507],[-105.035691305879,40.6537510006514],[-105.038554575692,40.6537750787963],[-105.038531883824,40.6543267087751],[-105.038493168585,40.6562619978016],[-105.038478317789,40.6575503463621],[-105.038477388128,40.6579500642859],[-105.038468184837,40.6583737669166],[-105.038443128509,40.6599303502119],[-105.038417428738,40.6610535854036],[-105.038391203569,40.663176290894],[-105.038393046135,40.6633022185932],[-105.038387708332,40.6635557546466],[-105.038368172955,40.6647481117814],[-105.038359782365,40.6651360831973],[-105.038359731332,40.6651435476017],[-105.038357800421,40.6652941639818],[-105.038356780032,40.6654434115362],[-105.038356663128,40.665592320459],[-105.038355661497,40.6657388232178],[-105.038353770438,40.6658836069087],[-105.038355514481,40.6660239455127],[-105.038358180805,40.666161198903],[-105.038358083065,40.6664391152093],[-105.038353530721,40.6665777132946],[-105.038322041964,40.6667017931937],[-105.038348845027,40.6668676201224],[-105.038348739831,40.6670148134932],[-105.038345037363,40.6672927154384],[-105.038334200521,40.6675596105572],[-105.038329953697,40.6679171119925],[-105.038328353421,40.6680193514921],[-105.038328654037,40.6681071880369],[-105.038326828541,40.6682423648937],[-105.038377307035,40.6684305542146],[-105.038364382315,40.6691908455951],[-105.03835537481,40.6697205072039],[-105.038330009329,40.6712123305055],[-105.038199987089,40.6764389937596],[-105.038190764168,40.6792051863284],[-105.038190015187,40.6794964080374],[-105.038187891317,40.6796213387051],[-105.038186393802,40.6797095217252],[-105.038133321807,40.6828294656954],[-105.038111236307,40.6864621328766],[-105.038089770123,40.6899847609703],[-105.03806798548,40.6935622320321],[-105.038048725136,40.6967619248268],[-105.038487258225,40.6967640779506],[-105.038485896324,40.6969184242531],[-105.038493399038,40.6969289650174],[-105.038555866672,40.6970167264349],[-105.03855912348,40.6970213023445],[-105.038566965605,40.6970348126111],[-105.038584074204,40.6970642891389],[-105.038603568622,40.6971141172955],[-105.038621189568,40.697174230242],[-105.038631522916,40.6972452936471],[-105.038631873311,40.6973259244233],[-105.038631312781,40.6973471685221],[-105.038627007506,40.6975101518777],[-105.038622173066,40.6978216718304],[-105.038609644687,40.6984193736884],[-105.038567887726,40.6996954924518],[-105.038566854753,40.6997147021582],[-105.038559906216,40.6999397514435],[-105.038557317121,40.70005468086],[-105.038553824061,40.7001699497958],[-105.038548629396,40.7004022111676],[-105.038534811783,40.7008406435234],[-105.038506719548,40.7018356499487],[-105.038505066078,40.7018941978944],[-105.03850446544,40.7019820299572],[-105.03850200521,40.7020780900311],[-105.038501296638,40.7021817044115],[-105.038498737859,40.7022921735252],[-105.038495232851,40.7024091578487],[-105.038492591926,40.7025316361425],[-105.038481842157,40.7029168984624],[-105.038479151913,40.703046581708],[-105.038477377394,40.703174209056],[-105.038472064912,40.7034236248992],[-105.038468541027,40.7035433539313],[-105.038466839217,40.7036603453513],[-105.038463352855,40.7037745848736],[-105.038460779868,40.7038871133948],[-105.038457375613,40.7039893446267],[-105.038455858484,40.703989362031],[-105.038367200013,40.7039903598094],[-105.038336548195,40.7039895521604],[-105.037860457678,40.7039893803663],[-105.037740522519,40.7039909632333],[-105.037607068292,40.7039914630192],[-105.037317637113,40.703989970978],[-105.037167956504,40.7039900627237],[-105.036859584545,40.7039891805134],[-105.036536773048,40.7039902986719],[-105.036204967316,40.7039879491045],[-105.03616237326,40.7039873481985],[-105.036035466659,40.7039855587794],[-105.035865059632,40.7039838508038],[-105.035694639628,40.7039838580427],[-105.03534659814,40.7039824706424],[-105.035168070272,40.703981415469],[-105.03480379653,40.7039803047935],[-105.03461715372,40.703979216377],[-105.034235746058,40.7039783785935],[-105.033621741413,40.7039762981159],[-105.033021193526,40.7039752328061],[-105.032607329657,40.7039735734046],[-105.03239994036,40.7039737706266],[-105.032193456295,40.7039732849076],[-105.031986978177,40.7039721126401],[-105.031577615515,40.7039714969702],[-105.030775135619,40.7039682681185],[-105.029617383312,40.7039660017791],[-105.029428938487,40.703964897777],[-105.029241398932,40.703963110921],[-105.029018612745,40.7039623979184],[-105.028864497339,40.7039626168636],[-105.028675144898,40.7039621941789],[-105.028484877599,40.703963826104],[-105.028098958212,40.7039632930778],[-105.027703133747,40.7039610031081],[-105.027503863046,40.7039605383168],[-105.027111645262,40.7039582609632],[-105.026919595077,40.7039567951668],[-105.02673204717,40.7039563766509],[-105.026549005163,40.7039563192454],[-105.026370465463,40.7039569660603],[-105.026195538405,40.7039569410853],[-105.025866429723,40.7039559454558],[-105.025405667716,40.7039557851447],[-105.02462570324,40.7039563797823],[-105.02405460857,40.7039532325392],[-105.023534906674,40.703952244119],[-105.023267204857,40.7039519398005],[-105.02288056086,40.7039509623741],[-105.022503933965,40.7039501057636],[-105.022234052237,40.7039489994692],[-105.021707310911,40.7039463251554],[-105.02163297378,40.7039461622725],[-105.021243162673,40.7039449322712],[-105.020353955206,40.703943740024],[-105.020192774798,40.7039432024919],[-105.019987909504,40.7039460490935],[-105.019812586549,40.7039496051351],[-105.019713828674,40.703950695688],[-105.019535698457,40.7039523143999],[-105.019432904262,40.7039525766898],[-105.019427548607,40.703952571711],[-105.019324702546,40.7039524734779],[-105.019276916979,40.7039519332343],[-105.01924445357,40.7039521423984],[-105.018742216403,40.7039517846036],[-105.018334635272,40.7039542176967],[-105.017630395525,40.703957137137],[-105.017440129244,40.7039584079287],[-105.01684318948,40.7039614238397],[-105.016643905292,40.7039629990409],[-105.015876546678,40.7039659891311],[-105.015509552401,40.7039668654526],[-105.015332829394,40.7039657873915],[-105.014992902188,40.7039643729451],[-105.014826989255,40.7039647115274],[-105.014665579687,40.7039657548384],[-105.014532258626,40.7039477011586],[-105.014359100351,40.7039524692334],[-105.014144492847,40.7039532900853],[-105.013929002263,40.7039513620294],[-105.013493051426,40.703943370331],[-105.013301512356,40.7039394788945],[-105.013054487204,40.7039343295644],[-105.012839022663,40.7039289685651],[-105.012629863637,40.7039243197492],[-105.012221434054,40.7039195227339],[-105.012218746435,40.7039171097574],[-105.012014078419,40.7039148803618],[-105.011606540665,40.7039114573403],[-105.01140186275,40.7039105992422],[-105.011197176084,40.7039111131625],[-105.01099428776,40.7039123204777],[-105.010794095764,40.7039145680713],[-105.010599304943,40.7039182104218],[-105.01022415857,40.7039241824098],[-105.009943700048,40.7039288359507],[-105.009696599224,40.7039339722924],[-105.009365625223,40.7039414997981],[-105.009204199472,40.7039445940978],[-105.009046389017,40.7039466740962],[-105.008887681886,40.7039480638941],[-105.00840345433,40.7039508253761],[-105.008211390758,40.7039513873086],[-105.007730759778,40.7039555335901],[-105.00761443813,40.7039560714059],[-105.007558530203,40.7039565213435],[-105.007210475742,40.7039567653625],[-105.006860629171,40.7039556283422],[-105.00650356313,40.7039551459022],[-105.00631871532,40.7039553921723],[-105.005958934258,40.7039562689749],[-105.005598259067,40.7039561115616],[-105.00541972287,40.7039563831863],[-105.005241189186,40.7039563114443],[-105.005006753926,40.7039556588578],[-105.004703788671,40.7039554007205],[-105.004521640794,40.7039563418242],[-105.004342211828,40.7039552355863],[-105.003364766037,40.7039572494021],[-105.003092445924,40.7039584901048],[-105.002920211219,40.7039601571883],[-105.002750691598,40.7039604631887],[-105.002582986756,40.7039590611708],[-105.002419786344,40.7039583643549],[-105.002102411068,40.7039556361895],[-105.002003215845,40.7039569277935],[-105.001945502029,40.7039577104236],[-105.001795844252,40.7039546688935],[-105.00164796447,40.7039550658142],[-105.001501896961,40.7039540978853],[-105.001083539592,40.7039505917678],[-105.000949199932,40.7039489871547],[-105.0008166548,40.7039484193863],[-105.00068229992,40.7039488730233],[-105.000328843138,40.7039480440239],[-105.000253101202,40.7039480622959],[-104.999944738756,40.7039460531163],[-104.99978513741,40.7039463973675],[-104.999452390825,40.7039494287594],[-104.999281067896,40.7039497219653],[-104.998936622627,40.7039496136755],[-104.998765297147,40.703950249216],[-104.998625524645,40.7039517064879],[-104.998502892682,40.7039518649508],[-104.998243202019,40.7039524624692],[-104.99814078999,40.7039522240338],[-104.998070080863,40.7039520599432],[-104.997899668608,40.7039509826252],[-104.99775089226,40.7039506845287],[-104.997508183032,40.7039502162296]]]},"properties":{"FID":14,"OG_CODE":3648,"CDE_Code":"7325","School":"Rice","SchoolFull":"Rice Elementary","Address":"7000 3Rd Street","Loc_Code":"174","BldgID":91740,"ArticArea":"Wellington Middle-High School","City":"Wellington","State":"CO","Zip":80549,"Phone":"970-488-8700","Shape_Leng":76810.1389213,"Shape_Area":264777176.394,"Shape__Area":42803306.34765625,"Shape__Length":30905.118697664482,"RIC":"61","RICNC":"64","FCI":"27","NSC":"76","FCA":17.53,"FCA_Remain":12.469999999999999}},{"type":"Feature","id":16,"geometry":{"type":"Polygon","coordinates":[[[-105.025541476334,40.5886794437156],[-105.024770957356,40.5886644215376],[-105.024244966742,40.5888079321919],[-105.023719007034,40.5889514315921],[-105.02344362763,40.5889460620122],[-105.023250376529,40.5889422901216],[-105.02187293823,40.588915411717],[-105.021710223275,40.5889087305836],[-105.021608736273,40.5889102512421],[-105.020244205207,40.5888856553387],[-105.020080883671,40.5888804166302],[-105.020081246878,40.5887309163174],[-105.017670928663,40.5886960646955],[-105.015289764335,40.5886615881004],[-105.012908419959,40.5886269764418],[-105.01052717103,40.5885923596486],[-105.010170023623,40.5885872728262],[-105.010037718899,40.5885615997276],[-105.009925337842,40.5885444253051],[-105.009748078071,40.5885245890395],[-105.009639485376,40.5885165602367],[-105.009496497509,40.5885115409726],[-105.008412638189,40.5884967285583],[-105.006585453653,40.5885273686234],[-105.001309179442,40.5884583895377],[-105.001311036402,40.5882590293731],[-105.00132046483,40.5872470598689],[-105.001289386515,40.5836224729196],[-105.001271829534,40.5811959356585],[-105.001286269233,40.5786728580085],[-105.001277713848,40.5755053834009],[-105.001285536736,40.5740963533557],[-105.001385420199,40.5665610965759],[-105.001427491502,40.5645794501588],[-105.00140335228,40.5631517127117],[-105.001404336228,40.5614508938636],[-105.001302921091,40.5597426196029],[-105.001218827592,40.5591050406084],[-105.001033727971,40.5579344750168],[-105.000906242718,40.5571612621071],[-105.000640435847,40.5559903487349],[-105.000439819179,40.5551501764702],[-104.999823908818,40.5530091825629],[-104.99781899764,40.5462730400696],[-104.99704855064,40.5436007643001],[-104.996563734622,40.5419233842711],[-104.99529036173,40.5376393395102],[-104.999821891088,40.5376341362642],[-104.99981694383,40.537730112086],[-104.999810455303,40.5382435351624],[-104.999680972,40.5387363612155],[-104.999620723134,40.5389656735269],[-104.999145434218,40.5393664826993],[-104.999746368415,40.5396086648452],[-104.998562380368,40.5401601666933],[-104.998328111405,40.540431708354],[-104.99847787856,40.5407968048361],[-104.999567297878,40.5413599744453],[-105.020239776103,40.5414550090714],[-105.020344755689,40.5414561681981],[-105.020448437295,40.5415396813465],[-105.020648685739,40.5415418906362],[-105.020828569044,40.5415438751377],[-105.021008453534,40.5415458602662],[-105.02118833686,40.5415478442108],[-105.021368219016,40.5415498278723],[-105.02154810237,40.5415518103597],[-105.021727986902,40.5415537943746],[-105.02190787027,40.5415557772058],[-105.022087753643,40.5415577606591],[-105.022267635852,40.5415597429286],[-105.022447520432,40.5415617249295],[-105.022627403849,40.5415637057465],[-105.022807287264,40.5415656880863],[-105.022950264828,40.5415672602179],[-105.023080963304,40.5415676299554],[-105.023256040225,40.541569557657],[-105.023488285525,40.5415721139291],[-105.02374194537,40.5415749060785],[-105.023850194835,40.5415761024534],[-105.024086576189,40.5415787113967],[-105.024558652009,40.5415839142243],[-105.025095399972,40.5415898305769],[-105.025094630589,40.5417755999798],[-105.025093348432,40.5420843525801],[-105.02509175993,40.542465830777],[-105.025090496141,40.5427692727035],[-105.025089295547,40.5430574897376],[-105.025088346819,40.5432864562306],[-105.025087657438,40.5434514081807],[-105.025087317915,40.5435330637502],[-105.025086859825,40.5436432103308],[-105.025086363927,40.5437627776705],[-105.025086064598,40.5438346720636],[-105.025085438213,40.5439842595355],[-105.025084339877,40.5442410900542],[-105.025083501528,40.5444205316061],[-105.025082420652,40.544710688843],[-105.025081160251,40.545013636189],[-105.025227739927,40.5450153678991],[-105.025351166538,40.5450168211668],[-105.02560300949,40.5450197854975],[-105.025712536451,40.5450210753855],[-105.02585485242,40.5450227555863],[-105.026016217186,40.5450246519771],[-105.026106709583,40.5450257188834],[-105.026267584448,40.5450276138286],[-105.026358545474,40.5450286878521],[-105.026500084787,40.5450303523907],[-105.026610394417,40.5450316500242],[-105.026741334555,40.5450331936536],[-105.026862237436,40.5450346179305],[-105.02699231472,40.5450361460575],[-105.027114087604,40.5450375790161],[-105.027242730626,40.5450390956245],[-105.027365930667,40.5450405458311],[-105.027494690608,40.5450420572325],[-105.02762263837,40.5450435651908],[-105.027749723271,40.5450450577951],[-105.027898087922,40.5450468050967],[-105.027999510073,40.5450479977722],[-105.028215656761,40.5450505386142],[-105.028489011054,40.5450537578086],[-105.028770123273,40.5450570600439],[-105.029056905142,40.5450604323003],[-105.029278937609,40.5450630364373],[-105.029542667906,40.54506613583],[-105.029737984642,40.5450684328337],[-105.029742592208,40.5452075218034],[-105.029741847406,40.5453926039698],[-105.029741397841,40.5455029522473],[-105.029741071657,40.5455819673331],[-105.029760061111,40.545596686595],[-105.029900690138,40.5457057323055],[-105.03005039993,40.5458218129175],[-105.030270145428,40.5459924422751],[-105.030425314474,40.5461130734391],[-105.030600526603,40.546249664254],[-105.030679837233,40.5463114820084],[-105.030775162227,40.5463850520044],[-105.031002461016,40.5465604564529],[-105.031107963029,40.54664188061],[-105.03112826404,40.5466575442313],[-105.031559094711,40.5466625989328],[-105.031727601815,40.5466645746977],[-105.032027849178,40.5466680956036],[-105.032322115138,40.5466715457398],[-105.032889795356,40.5466781987855],[-105.032974365297,40.5466791915079],[-105.033149845509,40.5466812472607],[-105.033318266508,40.5466832230753],[-105.033971607666,40.5466908730303],[-105.034264306349,40.5466923865386],[-105.034288719427,40.5466957885551],[-105.034337952355,40.5465212312093],[-105.034467518239,40.546466614331],[-105.034557775474,40.5464233987875],[-105.034634120079,40.546375667834],[-105.034723220089,40.5463037966667],[-105.034777584222,40.546247915697],[-105.034837279971,40.5461670957263],[-105.034917655616,40.5460240774639],[-105.034985630638,40.5459505788851],[-105.035048924966,40.5459034816866],[-105.035130178417,40.5458609222238],[-105.035210438003,40.5458320699712],[-105.035324843906,40.5458092042983],[-105.035456616506,40.5457997868473],[-105.035639265143,40.5457884282316],[-105.036579430389,40.5457253396063],[-105.037483961888,40.5453961143486],[-105.037567811012,40.5453683131156],[-105.037647214001,40.5453339703786],[-105.037735231579,40.5452849041382],[-105.037813423527,40.5452330556145],[-105.037813905963,40.5450306147673],[-105.038939487331,40.5450421786202],[-105.039001565588,40.5450428985369],[-105.039247852667,40.5450425088629],[-105.039250328777,40.5451684351448],[-105.039246713565,40.5465134486603],[-105.039226297511,40.5486499441326],[-105.039229995881,40.5489510528355],[-105.039223467252,40.549663687364],[-105.039228987099,40.5497760980501],[-105.039225784271,40.5503904570886],[-105.039223780796,40.5507746776243],[-105.039222771366,40.5509682625348],[-105.039220099691,40.5514805462874],[-105.039219027916,40.5516860526935],[-105.039217677104,40.5519451690614],[-105.039215611341,40.5523412920569],[-105.039214309334,40.5525909876863],[-105.040810733164,40.5525836075892],[-105.041613805316,40.5525798866077],[-105.043295539604,40.5525723611553],[-105.04448743475,40.5525671635876],[-105.045721819989,40.552561356161],[-105.046928314935,40.5525557709535],[-105.049295397169,40.5525478161841],[-105.051894534679,40.5525485996364],[-105.052454128051,40.5525486965791],[-105.05293185155,40.5525488191314],[-105.053331085564,40.5525487678555],[-105.053468514192,40.5525472794256],[-105.053580539128,40.5525447927124],[-105.053684943115,40.5525383312293],[-105.053814129157,40.5525256175421],[-105.053953248569,40.5525072799315],[-105.054105240461,40.5524821705996],[-105.054197341488,40.5524644682635],[-105.054297344298,40.5524432352897],[-105.054412228439,40.5524163982771],[-105.054503458811,40.5523926522283],[-105.054823658206,40.5523052598955],[-105.055474088569,40.5521262152203],[-105.055893496599,40.5520104953396],[-105.055902513245,40.5520074417248],[-105.056226976866,40.551918097675],[-105.056245907486,40.551912336936],[-105.056315305476,40.5518933872249],[-105.056364867624,40.5518812241328],[-105.056384688856,40.5518768392411],[-105.056435133684,40.5518670813118],[-105.056465755027,40.5518620513787],[-105.056496371867,40.5518577076559],[-105.056537788821,40.551852718889],[-105.05656220445,40.5518504192054],[-105.05656929629,40.5518497510155],[-105.056589999139,40.5518481143938],[-105.056641300819,40.5518448788811],[-105.056662898802,40.5518439318959],[-105.056735784965,40.5518418080073],[-105.056756478814,40.5518415437929],[-105.056808657634,40.5518417427283],[-105.05685003634,40.5518425867065],[-105.056892310186,40.5518441203173],[-105.056933679904,40.5518463367025],[-105.056975046311,40.5518492392959],[-105.057027193678,40.5518542416621],[-105.057057756552,40.5518581324123],[-105.057068545432,40.5518592028728],[-105.057129662207,40.5518683567802],[-105.057150331352,40.5518718666968],[-105.057179981127,40.5518778126429],[-105.05719076552,40.5518795693106],[-105.057210530544,40.5518837620081],[-105.057220410811,40.5518862014649],[-105.057241075474,40.5518903975837],[-105.057290476825,40.5519025948458],[-105.057339869212,40.5519161645237],[-105.057348845361,40.5519192867622],[-105.057358723393,40.5519220693163],[-105.057397637316,40.5519342238984],[-105.058020422255,40.552128741973],[-105.058019925465,40.5522967335777],[-105.058016392944,40.5525229409748],[-105.058009368577,40.5549216834502],[-105.058008461583,40.5553358236594],[-105.058005318511,40.5559544532801],[-105.058003705162,40.5564766726483],[-105.058002990409,40.5567237152956],[-105.057995859655,40.5583655068088],[-105.057989998298,40.5599506890237],[-105.057982943382,40.5610301099439],[-105.057977982826,40.5617890674038],[-105.057967323134,40.5634199256825],[-105.057955769112,40.5652570721293],[-105.057944438274,40.5670585353171],[-105.057932920108,40.568682806674],[-105.057927516539,40.5695093547643],[-105.057921466434,40.5702971280987],[-105.057918028463,40.570822987617],[-105.057915770979,40.5711682797949],[-105.057906105069,40.5715923298579],[-105.057907578255,40.5722837202957],[-105.057903423629,40.5729191568296],[-105.05789388892,40.5742397757836],[-105.057890551228,40.575988969132],[-105.057886722313,40.577950893095],[-105.057876324421,40.57802702517],[-105.057843377533,40.5781106200519],[-105.057833343073,40.5781311688203],[-105.057824208592,40.5781517210096],[-105.057813274134,40.5781722663541],[-105.0578032419,40.5781924720128],[-105.057791411932,40.5782123277195],[-105.057780481944,40.5782321868472],[-105.057734115822,40.5783033794168],[-105.05698419622,40.577848109112],[-105.056074889498,40.5773609426337],[-105.055305558245,40.5769743805079],[-105.054177706482,40.5764601539335],[-105.05270375553,40.5758325957305],[-105.051372624263,40.5753485345646],[-105.050168994359,40.5749602618222],[-105.048500166829,40.5745129853605],[-105.046862737481,40.5740467448656],[-105.045537244414,40.5736650976375],[-105.044948222577,40.5734316673353],[-105.044409554255,40.5731460101945],[-105.044104617096,40.5729541947917],[-105.043900540378,40.572567026018],[-105.043818573593,40.5723467472536],[-105.04365689307,40.572190660561],[-105.043446160355,40.5719462209165],[-105.043326203442,40.5717858568461],[-105.043099602913,40.5714260662667],[-105.042944303702,40.5711025835798],[-105.042832518736,40.5708425978539],[-105.041796930147,40.568443637661],[-105.041770569236,40.5683498629666],[-105.04177870272,40.5682119612629],[-105.04185473678,40.5680459564957],[-105.042014009138,40.5678814376812],[-105.042068750484,40.5677708257167],[-105.042090259694,40.5671193310503],[-105.040083026717,40.5671382722046],[-105.039713570102,40.5671415139721],[-105.039640664579,40.5671439702871],[-105.0395983582,40.5671458614837],[-105.039504735377,40.5671513237323],[-105.039463321817,40.5671542477658],[-105.039437232338,40.567156412064],[-105.039412000692,40.5671585050071],[-105.039318354461,40.5671673981801],[-105.039308446895,40.5671687313938],[-105.03925621656,40.567174357431],[-105.039235501586,40.5671770202813],[-105.039225587003,40.5671793828104],[-105.039271740893,40.5713574433087],[-105.039297750441,40.5737579098861],[-105.039294969454,40.5745879623486],[-105.039294268966,40.5747971963976],[-105.039249862679,40.5752386116312],[-105.03913102882,40.5756402735344],[-105.038911189066,40.5760720721616],[-105.038643253091,40.5764299096305],[-105.038313433354,40.5767555901262],[-105.037874744589,40.5770763775024],[-105.037433920981,40.5773141206985],[-105.036951123205,40.5775036579918],[-105.035262503836,40.5780559254625],[-105.034607643306,40.5782700901522],[-105.03422680359,40.57842022268],[-105.033904280539,40.5785970076081],[-105.033836521089,40.5786344796579],[-105.033495433893,40.5788925074665],[-105.033240726027,40.5791536268028],[-105.033035346794,40.5794393039578],[-105.032971431884,40.5795714908652],[-105.032869166569,40.5797831256355],[-105.032782360988,40.5801018753933],[-105.032773542906,40.5802113794068],[-105.03275479426,40.5804441949318],[-105.03275925432,40.5807104705464],[-105.032762187052,40.5809372826174],[-105.0327646466,40.5811023310762],[-105.032766963209,40.5812470450807],[-105.032772818637,40.5816129206922],[-105.032778294059,40.5819927724169],[-105.032791497432,40.5834537981598],[-105.03279043203,40.5834823354908],[-105.032787204355,40.5835687398532],[-105.032729185961,40.5838889773582],[-105.032628008999,40.5842025221984],[-105.032511039151,40.5844566436165],[-105.032365329036,40.5847017292576],[-105.032154565591,40.5849822370298],[-105.031907024301,40.5852440672783],[-105.031672489855,40.5854472775722],[-105.03153492152,40.5855558341846],[-105.030626226981,40.5862737426924],[-105.030270223757,40.5865986088516],[-105.02997879414,40.5869566739103],[-105.029859290107,40.5871630352653],[-105.029755582085,40.587342120119],[-105.029606071536,40.5877429610115],[-105.029600580145,40.5877559771724],[-105.02959507204,40.5877713950702],[-105.029593216904,40.587779279212],[-105.029587708795,40.5877946971093],[-105.029585856045,40.5878022381456],[-105.029583100795,40.5878101186467],[-105.029581245657,40.5878180027882],[-105.029578492793,40.5878255401839],[-105.029574782515,40.5878413084665],[-105.02957202965,40.587848845862],[-105.029566464226,40.5878724982854],[-105.029563708971,40.587880378786],[-105.029561856217,40.5878879198217],[-105.029556290787,40.5879115722444],[-105.029555335756,40.5879194600258],[-105.029549770321,40.587943112448],[-105.029548815289,40.5879510002292],[-105.029545103815,40.5879667685056],[-105.029544148782,40.5879746562868],[-105.029542293635,40.5879825404273],[-105.029540383568,40.5879983159895],[-105.02953852842,40.5880062001299],[-105.029536618351,40.5880219756919],[-105.029534763202,40.5880298598322],[-105.029533808167,40.5880377476132],[-105.029529245508,40.5880466501469],[-105.029529185041,40.5880504160616],[-105.029519346543,40.5886719167851],[-105.029513149446,40.5890633182445],[-105.029409485264,40.5890622973126],[-105.029291911775,40.5890600096431],[-105.028305678858,40.5890408137735],[-105.027052655808,40.5890164139924],[-105.026827369342,40.5890120251764],[-105.026184406519,40.5888457321142],[-105.025541476334,40.5886794437156]]]},"properties":{"FID":16,"OG_CODE":1459,"CDE_Code":"7350","School":"Riffenburgh","SchoolFull":"Riffenburgh Elementary","Address":"1320 E Stuart St","Loc_Code":"175","BldgID":91750,"ArticArea":"Fort Collins HS","City":"Fort Collins","State":"CO","Zip":80525,"Phone":"970-488-7935","Shape_Leng":76789.1699505,"Shape_Area":213007685.781,"Shape__Area":34327950.703125,"Shape__Length":30835.376436450428,"RIC":"65","RICNC":"80","FCI":"21","NSC":"81","FCA":21.46,"FCA_Remain":8.54}},{"type":"Feature","id":17,"geometry":{"type":"Polygon","coordinates":[[[-105.001028695518,40.6317858940031],[-105.001137806425,40.6295947506302],[-105.001174428688,40.6278064351879],[-105.001286771945,40.625701242236],[-105.001308500283,40.6245551090603],[-105.001324795988,40.6229897205144],[-105.001272285547,40.6172992348825],[-105.001288571119,40.6143402506352],[-105.001322635839,40.610095753752],[-105.002401316135,40.6101017443037],[-105.004751362043,40.6101148588261],[-105.019798102799,40.6101803328117],[-105.029303750046,40.6102191751551],[-105.029346764502,40.6028583187388],[-105.029363853298,40.6013303651779],[-105.029394296378,40.5969581789843],[-105.029396914901,40.5965820842685],[-105.029399991328,40.5961402161077],[-105.03374594944,40.5962054099095],[-105.038471785192,40.5962757224281],[-105.038766140882,40.5962800436572],[-105.038920064618,40.5962823036759],[-105.038941716926,40.5962819221029],[-105.039880608087,40.5962653687628],[-105.042001688529,40.5962279454203],[-105.043748495179,40.5961970959227],[-105.046183368553,40.5961540517241],[-105.048534983308,40.5961124310027],[-105.049777847285,40.5960984396121],[-105.053123094117,40.5960607152086],[-105.053126531855,40.59584183987],[-105.053124135821,40.5954158391793],[-105.053127690004,40.594741887259],[-105.050518049254,40.5931366961424],[-105.050637891188,40.5930199735519],[-105.051290364045,40.5923844792875],[-105.051978332535,40.5917143923448],[-105.05240367805,40.5919681673748],[-105.053373894204,40.5907466323785],[-105.052931740727,40.590562067449],[-105.053047201581,40.5904225115423],[-105.05272958488,40.5902899274434],[-105.053248374976,40.5895676527934],[-105.052597484296,40.5892959494579],[-105.053479413472,40.5880680835677],[-105.053543348954,40.5879885508246],[-105.05354750345,40.5879903516866],[-105.054325397056,40.5883275265476],[-105.054667923738,40.5884448255504],[-105.05468105253,40.5884493218934],[-105.054980964989,40.5885313105471],[-105.055047653044,40.5885495418057],[-105.055124068685,40.5885642449038],[-105.055418322766,40.5886214200921],[-105.055614023657,40.5886594458239],[-105.056092554321,40.5887123971073],[-105.056783644025,40.588733403096],[-105.057525308427,40.5887559419173],[-105.057581291078,40.5888669807902],[-105.057583080105,40.5888687031664],[-105.057589302408,40.5888807358341],[-105.057591091436,40.5888824582102],[-105.057599091543,40.5888979287823],[-105.057600880572,40.5888996511582],[-105.057614211847,40.5889257785491],[-105.057616000877,40.5889275009248],[-105.057616563823,40.588928665692],[-105.057636427668,40.5889697816711],[-105.057648856597,40.5889962487399],[-105.057649743255,40.5889983107977],[-105.057656841014,40.5890141210479],[-105.057663047627,40.5890285554514],[-105.057667478679,40.5890392088451],[-105.057671907487,40.5890502053444],[-105.057675449637,40.589059139786],[-105.057678991787,40.5890680742275],[-105.057681645033,40.5890752897172],[-105.057685198404,40.5890825095302],[-105.057685184934,40.5890845681647],[-105.057686962746,40.589088006068],[-105.057686949276,40.5890900647026],[-105.057689615993,40.5890952215575],[-105.057689602523,40.589097280192],[-105.057692255772,40.5891044956813],[-105.057694020114,40.589109992219],[-105.057696673363,40.5891172077082],[-105.057698437707,40.5891227042458],[-105.05770020205,40.5891282007834],[-105.057701966394,40.589133697321],[-105.057703730738,40.5891391938585],[-105.057705495083,40.5891446903959],[-105.057707259427,40.5891501869334],[-105.057708148334,40.5891519058848],[-105.057708134865,40.5891539645193],[-105.057709912679,40.5891574024222],[-105.05770989921,40.5891594610567],[-105.057711677025,40.5891628989596],[-105.057711663556,40.5891649575941],[-105.057712541239,40.5891683920742],[-105.057714316809,40.5891721730828],[-105.05771430334,40.5891742317172],[-105.057715192248,40.5891759506686],[-105.057716056462,40.5891814437832],[-105.057717820809,40.5891869403204],[-105.057718709716,40.5891886592718],[-105.057718696248,40.5891907179062],[-105.057719585155,40.5891924368576],[-105.057719571687,40.589194495492],[-105.057721349503,40.5891979333948],[-105.057721336034,40.5891999920292],[-105.057722213718,40.5892034265092],[-105.057723100381,40.5892054885663],[-105.057723964597,40.5892109816808],[-105.057724853505,40.5892127006321],[-105.057724840036,40.5892147592665],[-105.057725728945,40.5892164782178],[-105.057725715476,40.5892185368523],[-105.057726593161,40.5892219713323],[-105.057727479824,40.5892240333893],[-105.05772834404,40.5892295265037],[-105.057729232949,40.5892312454549],[-105.057729219481,40.5892333040894],[-105.057730108389,40.5892350230407],[-105.057730094921,40.5892370816751],[-105.057730972606,40.589240516155],[-105.05773185927,40.589242578212],[-105.057732723487,40.5892480713263],[-105.057733612396,40.5892497902776],[-105.057733587703,40.5892535644407],[-105.057734474368,40.5892556264976],[-105.057735338585,40.5892611196119],[-105.057736227494,40.5892628385632],[-105.057736202802,40.5892666127262],[-105.057737078243,40.5892703903119],[-105.057737967153,40.589272109263],[-105.057737953684,40.5892741678974],[-105.057738842594,40.5892758868486],[-105.057738817902,40.5892796610117],[-105.057740580008,40.5892855006541],[-105.057740557561,40.5892889317115],[-105.057741444226,40.5892909937684],[-105.057741419534,40.5892947679314],[-105.057742308444,40.5892964868826],[-105.057742294976,40.589298545517],[-105.057743183886,40.5893002644681],[-105.057743159194,40.5893040386312],[-105.057744048104,40.5893057575823],[-105.057744023413,40.5893095317454],[-105.057744910078,40.5893115938022],[-105.057744885387,40.5893153679653],[-105.057745774297,40.5893170869164],[-105.057745749605,40.5893208610794],[-105.057746638516,40.5893225800305],[-105.057746613824,40.5893263541935],[-105.05774750049,40.5893284162503],[-105.057747475799,40.5893321904134],[-105.057748364709,40.5893339093645],[-105.057748328795,40.5893393990561],[-105.05774921546,40.5893414611129],[-105.057749190769,40.5893452352759],[-105.05775007968,40.589346954227],[-105.057750041521,40.5893527870244],[-105.057750930431,40.5893545059754],[-105.057750892272,40.5893603387728],[-105.057751781183,40.5893620577238],[-105.057751745269,40.5893675474155],[-105.057752631935,40.5893696094722],[-105.057752596021,40.5893750991639],[-105.057753482688,40.5893771612206],[-105.057753433305,40.5893847095466],[-105.057754322217,40.5893864284975],[-105.057754272835,40.5893939768235],[-105.057755159502,40.5893960388802],[-105.057755098896,40.5894053027347],[-105.057755987808,40.5894070216857],[-105.057755924958,40.589416628646],[-105.05775681387,40.5894183475969],[-105.057756739798,40.5894296700857],[-105.057757626465,40.5894317321424],[-105.057757527702,40.5894468287941],[-105.057758416614,40.589448547745],[-105.057758257246,40.5894729082511],[-105.057759143914,40.5894749703077],[-105.057759033928,40.5894917824878],[-105.057757199987,40.5894969222289],[-105.057752669517,40.5898591660906],[-105.057742054192,40.5907078226938],[-105.057740214176,40.5908549062928],[-105.05773416504,40.5913212239833],[-105.057730997041,40.5915654668257],[-105.057720235288,40.592395072891],[-105.057708688458,40.5932352087464],[-105.057690229381,40.5946420160216],[-105.057676967806,40.5957056198981],[-105.057675807139,40.5957454166691],[-105.057672280081,40.5960092594503],[-105.058939758051,40.5960199040181],[-105.058983868973,40.5960200712559],[-105.061009269757,40.5959956253597],[-105.061513842129,40.5959895304933],[-105.062362731736,40.5959792700954],[-105.062663466451,40.595975633524],[-105.062766247205,40.5959739143707],[-105.063419161476,40.5959629950604],[-105.064059095028,40.5959522891073],[-105.064322038357,40.5959478888357],[-105.064670082779,40.5959420629844],[-105.066163526861,40.5959170555866],[-105.067295683051,40.5958968077188],[-105.067673958056,40.5958860304813],[-105.067943131287,40.5958783608362],[-105.068526947933,40.5958750739334],[-105.068746182605,40.5958731050561],[-105.068714993621,40.5960170754535],[-105.068690768553,40.5961289018487],[-105.068633411369,40.5962622161222],[-105.068621289183,40.5962804732535],[-105.068547828222,40.5963911183013],[-105.068427765091,40.5965706507672],[-105.068306081209,40.5967014045598],[-105.068167105863,40.5968217195843],[-105.067958957814,40.5969697750687],[-105.067782910459,40.5971040601138],[-105.067659698445,40.5972199582091],[-105.06753743807,40.5973615517823],[-105.067450825558,40.597486451716],[-105.067380689834,40.5976114443773],[-105.067367811614,40.5976343949811],[-105.06729880887,40.5978076978292],[-105.067291439958,40.5978337470288],[-105.06728406986,40.5978597962234],[-105.06727850363,40.5978855090139],[-105.067272034951,40.5979115615604],[-105.067267366764,40.5979376208038],[-105.067262698574,40.5979636800468],[-105.067258928433,40.5979900857434],[-105.067256060736,40.5980161516834],[-105.06725319084,40.5980425607282],[-105.067237319376,40.5982717022328],[-105.067234345109,40.5983498381327],[-105.06721350882,40.5988971099209],[-105.067204180844,40.5991447623947],[-105.067163609026,40.6002223729134],[-105.067105739434,40.6018076862283],[-105.067103393119,40.6020334457746],[-105.067108678469,40.6020516504233],[-105.067111922863,40.6020682660964],[-105.067115652354,40.6020873601108],[-105.067120039604,40.6021052183041],[-105.067125329359,40.6021227367423],[-105.067129716613,40.6021405949351],[-105.067135906678,40.6021581167224],[-105.067141196441,40.6021756351596],[-105.067148286812,40.6021931611964],[-105.067154476886,40.6022106829825],[-105.067161569467,40.6022278650131],[-105.067169562358,40.6022450503927],[-105.067176654946,40.6022622324221],[-105.067203341167,40.6023127692891],[-105.067218477217,40.6023392452845],[-105.067374598074,40.6025638786203],[-105.067387099201,40.6025800514088],[-105.067410298654,40.602612733391],[-105.067420996974,40.6026292434855],[-105.06743259342,40.6026460991306],[-105.067442389249,40.6026629480796],[-105.067453083199,40.6026801434797],[-105.067461976529,40.6026973321843],[-105.067471770177,40.6027145242353],[-105.067480661321,40.6027320560429],[-105.067504631646,40.6027849845252],[-105.067518808328,40.602820720956],[-105.0675311822,40.6028567937961],[-105.0675470366,40.6029117507749],[-105.067551421822,40.6029299520524],[-105.067561869969,40.6029855751579],[-105.067564452371,40.6030041128463],[-105.067569496442,40.6030600589758],[-105.067570258452,40.6030816788128],[-105.067568910558,40.6032923450326],[-105.067564654305,40.6039575581158],[-105.067559821913,40.6047128004212],[-105.067558704463,40.60488744148],[-105.067550142547,40.6049591201861],[-105.067533479718,40.605030425666],[-105.067509622881,40.6051003319497],[-105.067479472362,40.6051688423801],[-105.067449710905,40.6052217854031],[-105.067442132189,40.6052352673961],[-105.067377621203,40.6053266385857],[-105.067275663377,40.6054663258831],[-105.067205035774,40.6055630883766],[-105.067162350138,40.605620572487],[-105.06712504896,40.6056808215146],[-105.067095839903,40.6057428162018],[-105.067072021918,40.6058065474044],[-105.067056298294,40.6058716802713],[-105.067052844848,40.6059015046996],[-105.067049185006,40.605933113265],[-105.067048673441,40.6059375294976],[-105.067048476856,40.6059682161713],[-105.067048389899,40.6059817899542],[-105.067041688852,40.6064641388231],[-105.067030010101,40.6073047657835],[-105.06700334455,40.6092192771561],[-105.066989096874,40.6102421422556],[-105.066986656818,40.610417324758],[-105.06722796925,40.610418222554],[-105.067363949508,40.6104159833478],[-105.067499962694,40.6104085974243],[-105.067635110559,40.6103957183335],[-105.067718921566,40.610384707042],[-105.067874907307,40.6103520045893],[-105.068031759231,40.6103244518244],[-105.06819127719,40.6103023985351],[-105.068350759981,40.6102858346898],[-105.068382504985,40.6102833444411],[-105.068396706357,40.6102822299992],[-105.068446253194,40.610278639545],[-105.06863163102,40.6102961403492],[-105.068816971733,40.6103194727242],[-105.069000480103,40.6103479446965],[-105.069136287344,40.6103728086291],[-105.069183835685,40.6103891001511],[-105.069208165224,40.610397435727],[-105.069282777204,40.6104169262209],[-105.069359222854,40.6104312767731],[-105.069436603928,40.6104401409442],[-105.069514920409,40.6104435187323],[-105.069585164932,40.6104420630401],[-105.07171280938,40.6104564332417],[-105.071951370782,40.61046520269],[-105.072581567693,40.6104826163007],[-105.073082681226,40.610550676626],[-105.073366345545,40.6105665330268],[-105.076502116472,40.6106201292291],[-105.076443662541,40.6130505254906],[-105.076440858718,40.6131445404777],[-105.076437674249,40.6132875938214],[-105.07641795157,40.6141008396318],[-105.076545415216,40.6146797706353],[-105.076551269379,40.6147030019441],[-105.076575150008,40.6147720542491],[-105.07666444178,40.6150369189603],[-105.076805569874,40.6153644183881],[-105.077070032252,40.6158416193791],[-105.0771637204,40.6159798906135],[-105.077091556677,40.6159995288244],[-105.077071707243,40.6160056326868],[-105.077053650196,40.6160131155058],[-105.07701771215,40.616029029159],[-105.076998572098,40.6160365899832],[-105.076989541419,40.6160406744909],[-105.076953427285,40.6160556401006],[-105.076943498258,40.6160593782274],[-105.076916412643,40.6160706024249],[-105.07690648576,40.6160739974451],[-105.076897457219,40.6160777388421],[-105.076869475395,40.6160882735474],[-105.076859548507,40.6160916685635],[-105.076841493562,40.6160988082459],[-105.076784635826,40.6161188450371],[-105.076774711079,40.6161218969424],[-105.076736808764,40.6161347973131],[-105.076669136465,40.6161561671559],[-105.076600575341,40.6161754759579],[-105.076550970862,40.6161876474658],[-105.076540152051,40.6161896667637],[-105.076530231583,40.6161920324411],[-105.076500476623,40.6161981001578],[-105.076459907145,40.6162055009502],[-105.076418443616,40.6162118691402],[-105.076367072508,40.6162185443578],[-105.076239146578,40.6162269994587],[-105.076158571713,40.6162296652264],[-105.076130051011,40.6187013794898],[-105.076123755709,40.6196131637903],[-105.076060061791,40.6292499229183],[-105.073264416931,40.6292406382981],[-105.072462047892,40.6292322020729],[-105.071920791946,40.6292271254702],[-105.071302990169,40.6292197066686],[-105.07116101685,40.6292337464612],[-105.071206991519,40.6298619982613],[-105.07112516436,40.6308337292805],[-105.071147097843,40.6309257635724],[-105.071144161983,40.6310305480841],[-105.071021184974,40.6309382783069],[-105.070919691634,40.6309037183685],[-105.070803143829,40.6308582124624],[-105.070625262978,40.6308139985201],[-105.070504971641,40.6307960713907],[-105.069969633679,40.6306414818774],[-105.069668794903,40.6305304234634],[-105.069365617596,40.6304488945961],[-105.069232140645,40.6304385549346],[-105.069096407837,40.6304446166145],[-105.068999347943,40.6304655903939],[-105.068805324611,40.6304927672244],[-105.068491954927,40.6304915220931],[-105.068466640267,40.6304046087825],[-105.068365639591,40.6304033454172],[-105.067672829954,40.6303950456363],[-105.067405647837,40.6303911098818],[-105.066748806146,40.6303824546834],[-105.066651745383,40.630348364086],[-105.066454967635,40.6302760257124],[-105.06546804403,40.6299174306842],[-105.065283335849,40.6298509916596],[-105.065056937381,40.6297703884682],[-105.064662066992,40.6296276345095],[-105.06504322298,40.6291203882758],[-105.065664427504,40.6282965985305],[-105.065738220025,40.6281982463289],[-105.065521505203,40.6281021185751],[-105.065571827525,40.6280180354565],[-105.065711998873,40.6277900353711],[-105.065355424368,40.6276586303101],[-105.06510521951,40.6275674377861],[-105.064997748849,40.627528266473],[-105.064639722357,40.627398471164],[-105.064536323393,40.6273627142371],[-105.064654729363,40.626878341211],[-105.064708753227,40.6267409559708],[-105.064689890789,40.626732993879],[-105.064673960707,40.6267224779789],[-105.064515466397,40.6266178477959],[-105.064447108945,40.62668074144],[-105.064388412896,40.6267368243046],[-105.064031037705,40.6270769441194],[-105.063753039052,40.6268909712563],[-105.063440068432,40.6266809253459],[-105.063295650074,40.6268042617449],[-105.062301477264,40.6276532935483],[-105.062174923525,40.6274801203993],[-105.061998838355,40.6271332602557],[-105.061841111003,40.6268186366595],[-105.061136806507,40.626807934723],[-105.056090115571,40.624897038931],[-105.054735102935,40.6249035598715],[-105.054045276567,40.6249129193489],[-105.053154620901,40.6249071309827],[-105.050291729735,40.6248886199547],[-105.050479190149,40.6249956671508],[-105.05023800885,40.6252376578804],[-105.050170007178,40.6253056777397],[-105.050151819035,40.6253320251783],[-105.050142847172,40.6253268438348],[-105.049898142094,40.6251512542244],[-105.049420856944,40.6248735452143],[-105.048753482001,40.6248743905789],[-105.04841033704,40.6248751182394],[-105.047150417999,40.6248654189789],[-105.03887101414,40.624803782381],[-105.038684137103,40.6248023843652],[-105.038685284256,40.6251145642627],[-105.038698966246,40.6254005525689],[-105.038732134244,40.6256925473309],[-105.038742389832,40.6257628573142],[-105.038769471457,40.6259488480108],[-105.038817599539,40.6263451519142],[-105.038846470864,40.626696720984],[-105.03884613814,40.6279664490308],[-105.038826264542,40.6294789324443],[-105.038797402196,40.6316752898777],[-105.038789542194,40.6321788711003],[-105.038722370533,40.6356673693756],[-105.038673565216,40.637679006562],[-105.038329102048,40.6376767601312],[-105.037833168857,40.6370171628561],[-105.036980138335,40.6364371560782],[-105.036327584872,40.635815052892],[-105.035436527108,40.6353111300176],[-105.034730740595,40.6351558169186],[-105.034444940418,40.6348735137421],[-105.034153938682,40.634438695831],[-105.033839011829,40.6338596118986],[-105.033766872988,40.6334221084164],[-105.033714623655,40.632835751138],[-105.033149021836,40.631769816797],[-105.024764169431,40.6317618385645],[-105.024783187922,40.6304399712805],[-105.019847365204,40.6303990612721],[-105.019791490026,40.6318924738423],[-105.01029618846,40.6318218021136],[-105.010234964024,40.6390720607282],[-105.010124156526,40.63907262379],[-105.007250683016,40.6390519178424],[-105.002686851462,40.6390149809311],[-105.001174104706,40.6390009894873],[-105.000729470357,40.6389985798415],[-105.001028695518,40.6317858940031]]]},"properties":{"FID":17,"OG_CODE":3580,"CDE_Code":"8460","School":"Tavelli","SchoolFull":"Tavelli Elementary","Address":"1118 Miramont Dr","Loc_Code":"184","BldgID":91840,"ArticArea":"Poudre HS","City":"Fort Collins","State":"CO","Zip":80524,"Phone":"970-488-6725","Shape_Leng":89801.8314654,"Shape_Area":210874166.346,"Shape__Area":34035750.76171875,"Shape__Length":36080.03670935116,"RIC":"67","RICNC":"67","FCI":"22","NSC":"84","FCA":21.4,"FCA_Remain":8.6000000000000014}},{"type":"Feature","id":18,"geometry":{"type":"Polygon","coordinates":[[[-105.001308587719,40.6027132834098],[-105.001329299691,40.5956479038223],[-105.001309179442,40.5884583895377],[-105.006585453653,40.5885273686234],[-105.008412638189,40.5884967285583],[-105.009496497509,40.5885115409726],[-105.009639485376,40.5885165602367],[-105.009748078071,40.5885245890395],[-105.009925337842,40.5885444253051],[-105.010037718899,40.5885615997276],[-105.010170023623,40.5885872728262],[-105.01052717103,40.5885923596486],[-105.012908419959,40.5886269764418],[-105.015289764335,40.5886615881004],[-105.017670928663,40.5886960646955],[-105.020081246878,40.5887309163174],[-105.020080883671,40.5888804166302],[-105.020244205207,40.5888856553387],[-105.021608736273,40.5889102512421],[-105.021710223275,40.5889087305836],[-105.02187293823,40.588915411717],[-105.023250376529,40.5889422901216],[-105.02344362763,40.5889460620122],[-105.023719007034,40.5889514315921],[-105.024244966742,40.5888079321919],[-105.024770957356,40.5886644215376],[-105.025541476334,40.5886794437156],[-105.026184406519,40.5888457321142],[-105.026827369342,40.5890120251764],[-105.027052655808,40.5890164139924],[-105.028305678858,40.5890408137735],[-105.029291911775,40.5890600096431],[-105.029409485264,40.5890622973126],[-105.029513149446,40.5890633182445],[-105.029519346543,40.5886719167851],[-105.029529185041,40.5880504160616],[-105.029529245508,40.5880466501469],[-105.029533808167,40.5880377476132],[-105.029534763202,40.5880298598322],[-105.029536618351,40.5880219756919],[-105.02953852842,40.5880062001299],[-105.029540383568,40.5879983159895],[-105.029542293635,40.5879825404273],[-105.029544148782,40.5879746562868],[-105.029545103815,40.5879667685056],[-105.029548815289,40.5879510002292],[-105.029549770321,40.587943112448],[-105.029555335756,40.5879194600258],[-105.029556290787,40.5879115722444],[-105.029561856217,40.5878879198217],[-105.029563708971,40.587880378786],[-105.029566464226,40.5878724982854],[-105.02957202965,40.587848845862],[-105.029574782515,40.5878413084665],[-105.029578492793,40.5878255401839],[-105.029581245657,40.5878180027882],[-105.029583100795,40.5878101186467],[-105.029585856045,40.5878022381456],[-105.029587708795,40.5877946971093],[-105.029593216904,40.587779279212],[-105.02959507204,40.5877713950702],[-105.029600580145,40.5877559771724],[-105.029606071536,40.5877429610115],[-105.029755582085,40.587342120119],[-105.029859290107,40.5871630352653],[-105.02997879414,40.5869566739103],[-105.030270223757,40.5865986088516],[-105.030626226981,40.5862737426924],[-105.03153492152,40.5855558341846],[-105.031672489855,40.5854472775722],[-105.031907024301,40.5852440672783],[-105.032154565591,40.5849822370298],[-105.032365329036,40.5847017292576],[-105.032511039151,40.5844566436165],[-105.032628008999,40.5842025221984],[-105.032729185961,40.5838889773582],[-105.032787204355,40.5835687398532],[-105.03279043203,40.5834823354908],[-105.032791497432,40.5834537981598],[-105.032778294059,40.5819927724169],[-105.032772818637,40.5816129206922],[-105.032766963209,40.5812470450807],[-105.0327646466,40.5811023310762],[-105.032762187052,40.5809372826174],[-105.03275925432,40.5807104705464],[-105.03275479426,40.5804441949318],[-105.032773542906,40.5802113794068],[-105.032782360988,40.5801018753933],[-105.032869166569,40.5797831256355],[-105.032971431884,40.5795714908652],[-105.033035346794,40.5794393039578],[-105.033240726027,40.5791536268028],[-105.033495433893,40.5788925074665],[-105.033836521089,40.5786344796579],[-105.033904280539,40.5785970076081],[-105.03422680359,40.57842022268],[-105.034607643306,40.5782700901522],[-105.035262503836,40.5780559254625],[-105.036951123205,40.5775036579918],[-105.037433920981,40.5773141206985],[-105.037874744589,40.5770763775024],[-105.038313433354,40.5767555901262],[-105.038643253091,40.5764299096305],[-105.038911189066,40.5760720721616],[-105.03913102882,40.5756402735344],[-105.039249862679,40.5752386116312],[-105.039294268966,40.5747971963976],[-105.039294969454,40.5745879623486],[-105.039297750441,40.5737579098861],[-105.039271740893,40.5713574433087],[-105.039225587003,40.5671793828104],[-105.039235501586,40.5671770202813],[-105.03925621656,40.567174357431],[-105.039308446895,40.5671687313938],[-105.039318354461,40.5671673981801],[-105.039412000692,40.5671585050071],[-105.039437232338,40.567156412064],[-105.039463321817,40.5671542477658],[-105.039504735377,40.5671513237323],[-105.0395983582,40.5671458614837],[-105.039640664579,40.5671439702871],[-105.039713570102,40.5671415139721],[-105.040083026717,40.5671382722046],[-105.042090259694,40.5671193310503],[-105.042068750484,40.5677708257167],[-105.042014009138,40.5678814376812],[-105.04185473678,40.5680459564957],[-105.04177870272,40.5682119612629],[-105.041770569236,40.5683498629666],[-105.041796930147,40.568443637661],[-105.042832518736,40.5708425978539],[-105.042944303702,40.5711025835798],[-105.043099602913,40.5714260662667],[-105.043326203442,40.5717858568461],[-105.043446160355,40.5719462209165],[-105.04365689307,40.572190660561],[-105.043818573593,40.5723467472536],[-105.043900540378,40.572567026018],[-105.044104617096,40.5729541947917],[-105.044409554255,40.5731460101945],[-105.044948222577,40.5734316673353],[-105.045537244414,40.5736650976375],[-105.046862737481,40.5740467448656],[-105.048500166829,40.5745129853605],[-105.050168994359,40.5749602618222],[-105.051372624263,40.5753485345646],[-105.05270375553,40.5758325957305],[-105.054177706482,40.5764601539335],[-105.055305558245,40.5769743805079],[-105.056074889498,40.5773609426337],[-105.05698419622,40.577848109112],[-105.057734115822,40.5783033794168],[-105.057780481944,40.5782321868472],[-105.057791411932,40.5782123277195],[-105.0578032419,40.5781924720128],[-105.057813274134,40.5781722663541],[-105.057824208592,40.5781517210096],[-105.057833343073,40.5781311688203],[-105.057843377533,40.5781106200519],[-105.057876324421,40.57802702517],[-105.057886722313,40.577950893095],[-105.057890551228,40.575988969132],[-105.05789388892,40.5742397757836],[-105.057903423629,40.5729191568296],[-105.057907578255,40.5722837202957],[-105.057906105069,40.5715923298579],[-105.057915770979,40.5711682797949],[-105.057918028463,40.570822987617],[-105.057921466434,40.5702971280987],[-105.057927516539,40.5695093547643],[-105.057932920108,40.568682806674],[-105.057944438274,40.5670585353171],[-105.067527847214,40.5670763885244],[-105.07454398209,40.5670892334451],[-105.075379813745,40.5670938421812],[-105.076190571587,40.5670927123717],[-105.076925934895,40.5670859154226],[-105.077801405301,40.5671011065501],[-105.078843626375,40.5671056813118],[-105.078997475972,40.5671059286532],[-105.079055182294,40.5708161133713],[-105.079051044937,40.571480714159],[-105.079045561794,40.572361473602],[-105.079036801095,40.5736241092664],[-105.078932698554,40.573721863361],[-105.077084245075,40.5737151557154],[-105.077089100737,40.5743029011372],[-105.077082461986,40.5753610813962],[-105.077091479629,40.5767311711902],[-105.077091897483,40.5769521388196],[-105.077094597035,40.5781033022071],[-105.077082933281,40.5801118578152],[-105.07707344166,40.5814853141712],[-105.077064826086,40.5828625483562],[-105.077055376641,40.584229141542],[-105.07704595472,40.5855912738295],[-105.07703600122,40.5870384959756],[-105.07703170874,40.5877243663246],[-105.077024420409,40.5888892145469],[-105.077012503076,40.5907937998095],[-105.077011723737,40.5909183472691],[-105.076996997592,40.591113869451],[-105.076973164547,40.5913261701732],[-105.076943032344,40.5915381057557],[-105.076905702918,40.5917493280126],[-105.076809443515,40.5921710085466],[-105.076786664343,40.592358609726],[-105.076757056271,40.5925583661274],[-105.07674035036,40.5927104757693],[-105.076727543718,40.5928867904487],[-105.076722836526,40.5930634768037],[-105.076724430611,40.5932401869796],[-105.076733226223,40.5934169224504],[-105.076731116441,40.5937538531328],[-105.076721214662,40.595047596062],[-105.076720696478,40.5951299683993],[-105.07671974175,40.5952828070623],[-105.076713309381,40.5961662229504],[-105.076582352007,40.5961652636628],[-105.076407255064,40.5961639805082],[-105.07584394421,40.5961598503548],[-105.073549984361,40.5961430037132],[-105.07223120511,40.59613631289],[-105.072081727721,40.5961355533014],[-105.072066423894,40.5961354970051],[-105.072055623365,40.59613511416],[-105.072045723061,40.5961347346256],[-105.072028623129,40.5961339854901],[-105.072016025314,40.5961329098024],[-105.071995326655,40.5961318043086],[-105.071952139753,40.5961278711582],[-105.071948543199,40.5961271716975],[-105.07193864507,40.5961264490486],[-105.071924254508,40.5961243374141],[-105.071905362822,40.5961222092136],[-105.071899967992,40.5961211600203],[-105.07188827376,40.5961197445307],[-105.071881080654,40.5961183456052],[-105.071853201936,40.596113782528],[-105.071810939187,40.5961060784795],[-105.071782171123,40.5960997965449],[-105.071773181919,40.5960977047744],[-105.071769587542,40.5960966622028],[-105.071768700359,40.5960946002568],[-105.07164875352,40.5960687412409],[-105.070873280156,40.5959015588866],[-105.070869683625,40.5959008593925],[-105.070855295323,40.5958984045203],[-105.07084360333,40.5958966458202],[-105.070832810379,40.5958948904357],[-105.070823816875,40.5958934848024],[-105.07081392097,40.5958924189525],[-105.070799532672,40.5958899640733],[-105.070794135699,40.595889257934],[-105.070778842822,40.5958874859416],[-105.070773448028,40.5958864366959],[-105.070762654089,40.5958850235141],[-105.070759953423,40.595885013549],[-105.07074556295,40.5958829017686],[-105.070740163798,40.5958825387321],[-105.07073656727,40.5958818392339],[-105.070733866605,40.5958818292681],[-105.070721274397,40.5958800672338],[-105.070689786252,40.5958768630108],[-105.070687085587,40.595876853044],[-105.070683489059,40.5958761535441],[-105.070672692938,40.5958750843599],[-105.070664593123,40.5958747113527],[-105.070648400032,40.5958729360206],[-105.070644799146,40.5958729227303],[-105.070625905391,40.5958711374272],[-105.070621404284,40.5958711208133],[-105.070616007314,40.5958704146658],[-105.070600707908,40.5958696719659],[-105.070595308758,40.5958693089228],[-105.070582712197,40.5958682330841],[-105.070578211089,40.5958682164686],[-105.070571013677,40.5958675036727],[-105.070557512535,40.5958671107189],[-105.070535013539,40.5958659983186],[-105.070526013504,40.5958656219783],[-105.070514312806,40.5958652356666],[-105.070465202123,40.5958654541882],[-105.068746182605,40.5958731050561],[-105.068526947933,40.5958750739334],[-105.067943131287,40.5958783608362],[-105.067673958056,40.5958860304813],[-105.067295683051,40.5958968077188],[-105.066163526861,40.5959170555866],[-105.064670082779,40.5959420629844],[-105.064322038357,40.5959478888357],[-105.064059095028,40.5959522891073],[-105.063419161476,40.5959629950604],[-105.062766247205,40.5959739143707],[-105.062663466451,40.595975633524],[-105.062362731736,40.5959792700954],[-105.061513842129,40.5959895304933],[-105.061009269757,40.5959956253597],[-105.058983868973,40.5960200712559],[-105.058939758051,40.5960199040181],[-105.057672280081,40.5960092594503],[-105.057675807139,40.5957454166691],[-105.057676967806,40.5957056198981],[-105.057690229381,40.5946420160216],[-105.057708688458,40.5932352087464],[-105.057720235288,40.592395072891],[-105.057730997041,40.5915654668257],[-105.05773416504,40.5913212239833],[-105.057740214176,40.5908549062928],[-105.057742054192,40.5907078226938],[-105.057752669517,40.5898591660906],[-105.057757199987,40.5894969222289],[-105.057759033928,40.5894917824878],[-105.057759143914,40.5894749703077],[-105.057758257246,40.5894729082511],[-105.057758416614,40.589448547745],[-105.057757527702,40.5894468287941],[-105.057757626465,40.5894317321424],[-105.057756739798,40.5894296700857],[-105.05775681387,40.5894183475969],[-105.057755924958,40.589416628646],[-105.057755987808,40.5894070216857],[-105.057755098896,40.5894053027347],[-105.057755159502,40.5893960388802],[-105.057754272835,40.5893939768235],[-105.057754322217,40.5893864284975],[-105.057753433305,40.5893847095466],[-105.057753482688,40.5893771612206],[-105.057752596021,40.5893750991639],[-105.057752631935,40.5893696094722],[-105.057751745269,40.5893675474155],[-105.057751781183,40.5893620577238],[-105.057750892272,40.5893603387728],[-105.057750930431,40.5893545059754],[-105.057750041521,40.5893527870244],[-105.05775007968,40.589346954227],[-105.057749190769,40.5893452352759],[-105.05774921546,40.5893414611129],[-105.057748328795,40.5893393990561],[-105.057748364709,40.5893339093645],[-105.057747475799,40.5893321904134],[-105.05774750049,40.5893284162503],[-105.057746613824,40.5893263541935],[-105.057746638516,40.5893225800305],[-105.057745749605,40.5893208610794],[-105.057745774297,40.5893170869164],[-105.057744885387,40.5893153679653],[-105.057744910078,40.5893115938022],[-105.057744023413,40.5893095317454],[-105.057744048104,40.5893057575823],[-105.057743159194,40.5893040386312],[-105.057743183886,40.5893002644681],[-105.057742294976,40.589298545517],[-105.057742308444,40.5892964868826],[-105.057741419534,40.5892947679314],[-105.057741444226,40.5892909937684],[-105.057740557561,40.5892889317115],[-105.057740580008,40.5892855006541],[-105.057738817902,40.5892796610117],[-105.057738842594,40.5892758868486],[-105.057737953684,40.5892741678974],[-105.057737967153,40.589272109263],[-105.057737078243,40.5892703903119],[-105.057736202802,40.5892666127262],[-105.057736227494,40.5892628385632],[-105.057735338585,40.5892611196119],[-105.057734474368,40.5892556264976],[-105.057733587703,40.5892535644407],[-105.057733612396,40.5892497902776],[-105.057732723487,40.5892480713263],[-105.05773185927,40.589242578212],[-105.057730972606,40.589240516155],[-105.057730094921,40.5892370816751],[-105.057730108389,40.5892350230407],[-105.057729219481,40.5892333040894],[-105.057729232949,40.5892312454549],[-105.05772834404,40.5892295265037],[-105.057727479824,40.5892240333893],[-105.057726593161,40.5892219713323],[-105.057725715476,40.5892185368523],[-105.057725728945,40.5892164782178],[-105.057724840036,40.5892147592665],[-105.057724853505,40.5892127006321],[-105.057723964597,40.5892109816808],[-105.057723100381,40.5892054885663],[-105.057722213718,40.5892034265092],[-105.057721336034,40.5891999920292],[-105.057721349503,40.5891979333948],[-105.057719571687,40.589194495492],[-105.057719585155,40.5891924368576],[-105.057718696248,40.5891907179062],[-105.057718709716,40.5891886592718],[-105.057717820809,40.5891869403204],[-105.057716056462,40.5891814437832],[-105.057715192248,40.5891759506686],[-105.05771430334,40.5891742317172],[-105.057714316809,40.5891721730828],[-105.057712541239,40.5891683920742],[-105.057711663556,40.5891649575941],[-105.057711677025,40.5891628989596],[-105.05770989921,40.5891594610567],[-105.057709912679,40.5891574024222],[-105.057708134865,40.5891539645193],[-105.057708148334,40.5891519058848],[-105.057707259427,40.5891501869334],[-105.057705495083,40.5891446903959],[-105.057703730738,40.5891391938585],[-105.057701966394,40.589133697321],[-105.05770020205,40.5891282007834],[-105.057698437707,40.5891227042458],[-105.057696673363,40.5891172077082],[-105.057694020114,40.589109992219],[-105.057692255772,40.5891044956813],[-105.057689602523,40.589097280192],[-105.057689615993,40.5890952215575],[-105.057686949276,40.5890900647026],[-105.057686962746,40.589088006068],[-105.057685184934,40.5890845681647],[-105.057685198404,40.5890825095302],[-105.057681645033,40.5890752897172],[-105.057678991787,40.5890680742275],[-105.057675449637,40.589059139786],[-105.057671907487,40.5890502053444],[-105.057667478679,40.5890392088451],[-105.057663047627,40.5890285554514],[-105.057656841014,40.5890141210479],[-105.057649743255,40.5889983107977],[-105.057648856597,40.5889962487399],[-105.057636427668,40.5889697816711],[-105.057616563823,40.588928665692],[-105.057616000877,40.5889275009248],[-105.057614211847,40.5889257785491],[-105.057600880572,40.5888996511582],[-105.057599091543,40.5888979287823],[-105.057591091436,40.5888824582102],[-105.057589302408,40.5888807358341],[-105.057583080105,40.5888687031664],[-105.057581291078,40.5888669807902],[-105.057525308427,40.5887559419173],[-105.056783644025,40.588733403096],[-105.056092554321,40.5887123971073],[-105.055614023657,40.5886594458239],[-105.055418322766,40.5886214200921],[-105.055124068685,40.5885642449038],[-105.055047653044,40.5885495418057],[-105.054980964989,40.5885313105471],[-105.05468105253,40.5884493218934],[-105.054667923738,40.5884448255504],[-105.054325397056,40.5883275265476],[-105.05354750345,40.5879903516866],[-105.053543348954,40.5879885508246],[-105.053479413472,40.5880680835677],[-105.052597484296,40.5892959494579],[-105.053248374976,40.5895676527934],[-105.05272958488,40.5902899274434],[-105.053047201581,40.5904225115423],[-105.052931740727,40.590562067449],[-105.053373894204,40.5907466323785],[-105.05240367805,40.5919681673748],[-105.051978332535,40.5917143923448],[-105.051290364045,40.5923844792875],[-105.050637891188,40.5930199735519],[-105.050518049254,40.5931366961424],[-105.053127690004,40.594741887259],[-105.053124135821,40.5954158391793],[-105.053126531855,40.59584183987],[-105.053123094117,40.5960607152086],[-105.049777847285,40.5960984396121],[-105.048534983308,40.5961124310027],[-105.046183368553,40.5961540517241],[-105.043748495179,40.5961970959227],[-105.042001688529,40.5962279454203],[-105.039880608087,40.5962653687628],[-105.038941716926,40.5962819221029],[-105.038920064618,40.5962823036759],[-105.038766140882,40.5962800436572],[-105.038471785192,40.5962757224281],[-105.03374594944,40.5962054099095],[-105.029399991328,40.5961402161077],[-105.029396914901,40.5965820842685],[-105.029394296378,40.5969581789843],[-105.029363853298,40.6013303651779],[-105.029346764502,40.6028583187388],[-105.029303750046,40.6102191751551],[-105.019798102799,40.6101803328117],[-105.004751362043,40.6101148588261],[-105.002401316135,40.6101017443037],[-105.001322635839,40.610095753752],[-105.00131379765,40.6057379646019],[-105.001308587719,40.6027132834098]]]},"properties":{"FID":18,"OG_CODE":6950,"CDE_Code":"5014","School":"Laurel","SchoolFull":"Laurel Elementary","Address":"1000 Locust Ct","Loc_Code":"142","BldgID":91420,"ArticArea":"Fort Collins HS","City":"Fort Collins","State":"CO","Zip":80524,"Phone":"970-488-5925","Shape_Leng":86090.6678328,"Shape_Area":172001948.851,"Shape__Area":27739627.2578125,"Shape__Length":34573.274549872396,"RIC":"68","RICNC":"96","FCI":"11","NSC":"85","FCA":16.5,"FCA_Remain":13.5}},{"type":"Feature","id":19,"geometry":{"type":"Polygon","coordinates":[[[-105.095952487041,40.5746324845039],[-105.095965372158,40.573379813698],[-105.095973242364,40.5726651314014],[-105.095982063648,40.5717912459169],[-105.095991571394,40.5709530466002],[-105.095869359268,40.5709523193457],[-105.091831430125,40.5709282251809],[-105.089840347017,40.570910719606],[-105.088447944087,40.5708984576879],[-105.088449934215,40.570571474816],[-105.088452740823,40.5701103366474],[-105.088454638728,40.5700942169359],[-105.088454738963,40.5700777477466],[-105.08845393723,40.5700616184805],[-105.08845223562,40.5700454860296],[-105.088448734253,40.5700293472089],[-105.088444330922,40.5700135483112],[-105.088439027715,40.5699977462283],[-105.088432822544,40.5699822840683],[-105.088425715411,40.569967161831],[-105.088417708403,40.569952036408],[-105.088407897468,40.5699375908305],[-105.088398084448,40.5699234883601],[-105.08838646959,40.5699097226263],[-105.088373952772,40.569896296814],[-105.088360531905,40.5698835540311],[-105.088347106866,40.5698714974627],[-105.088331879991,40.5698597776295],[-105.088316648943,40.5698487440104],[-105.088300513846,40.5698383934196],[-105.088283474705,40.5698287249561],[-105.0882655336,40.5698193973125],[-105.088246686356,40.5698110958041],[-105.088227834938,40.5698034805089],[-105.088203588452,40.569795159874],[-105.088188334454,40.5697879004274],[-105.088172178495,40.5697809808999],[-105.088138956263,40.5697688541917],[-105.088104824627,40.5697580967147],[-105.088069781767,40.569749394693],[-105.088051807268,40.5697455567464],[-105.08803382859,40.5697424050132],[-105.088014947949,40.5697395931972],[-105.087978975967,40.5697356914737],[-105.087960084877,40.5697345951895],[-105.087923196299,40.5697334351251],[-105.087905196721,40.5697337144534],[-105.087886295177,40.5697343336979],[-105.087849381505,40.5697372909077],[-105.087831369377,40.5697396288734],[-105.087795338843,40.5697453341207],[-105.087694294251,40.5697407180151],[-105.087323024994,40.5697237581824],[-105.087306837728,40.5697219851564],[-105.087275373544,40.5697167267511],[-105.087244819711,40.5697097559908],[-105.087229546985,40.5697055843914],[-105.087199007824,40.5696962118623],[-105.087170276797,40.569685473282],[-105.087155916524,40.5696792462189],[-105.08712810005,40.5696661090662],[-105.087115543722,40.569659202172],[-105.087089539581,40.5696440127515],[-105.087054599581,40.5696184981252],[-105.087043855587,40.5696095389657],[-105.087022373893,40.5695905913191],[-105.087012536067,40.5695806060281],[-105.086994664357,40.5695599556194],[-105.086978596594,40.5695386253841],[-105.086964334871,40.5695162722147],[-105.086958104932,40.5695049272716],[-105.086947445718,40.569481900665],[-105.086938593721,40.5694578511301],[-105.086935067595,40.5694458295589],[-105.086927197219,40.5694084020018],[-105.086916630806,40.5687811473109],[-105.086362277987,40.5687782545001],[-105.086364765877,40.5686730961474],[-105.086371676579,40.5672477369142],[-105.086482471448,40.5671029326589],[-105.08648250101,40.5668970650718],[-105.08648253049,40.5667049221068],[-105.086482557614,40.566512778223],[-105.086482585907,40.5663206361346],[-105.086482615387,40.5661284931399],[-105.086482643691,40.5659363492304],[-105.086482670309,40.56574969516],[-105.086482683272,40.5656616386872],[-105.086482697543,40.565561202125],[-105.086482725836,40.5653690599873],[-105.086484214675,40.5651207546755],[-105.086485698117,40.5648737164258],[-105.086487136064,40.5646337303382],[-105.08648849833,40.564407084967],[-105.086489979368,40.5641600484624],[-105.086491923394,40.5638044619164],[-105.086493438887,40.5635299635951],[-105.086495165175,40.5632165470835],[-105.086426688341,40.5632487223231],[-105.086354756245,40.5632761645053],[-105.086279929918,40.5632986595947],[-105.086202792967,40.5633160321403],[-105.086123947022,40.5633281466447],[-105.086041314635,40.5633350418724],[-105.085958202076,40.5633361623698],[-105.085881770257,40.5633320723708],[-105.085806059722,40.5633230972039],[-105.085447001798,40.5632680104787],[-105.084865523092,40.5633660654204],[-105.084783257632,40.5633774104761],[-105.084700087875,40.5633838679584],[-105.084616512324,40.5633853991626],[-105.084533031918,40.5633819949109],[-105.084456482084,40.5633765980268],[-105.084394946197,40.5634085751746],[-105.084419201885,40.5634555532808],[-105.084435735954,40.5635044422564],[-105.084444299775,40.5635545069875],[-105.08444476456,40.5636049946795],[-105.084437123303,40.563655146176],[-105.084421490883,40.5637042073747],[-105.084398102342,40.5637514405655],[-105.084367309345,40.5637961355237],[-105.084105270519,40.5641256581072],[-105.08406196488,40.5641758877096],[-105.084013969766,40.5642235741582],[-105.083961540937,40.5642684633296],[-105.08390495778,40.5643103160067],[-105.083666217309,40.5644744318155],[-105.083436852449,40.5644946673804],[-105.08278154306,40.5646211718789],[-105.082413772853,40.5646756688083],[-105.081750738506,40.564523905905],[-105.081750625295,40.5645238811824],[-105.081750628252,40.5645237848324],[-105.08177040864,40.5638851564963],[-105.081782300618,40.5635012423219],[-105.081720974864,40.5635007398462],[-105.079410533452,40.5634808266716],[-105.079208258275,40.5634794256862],[-105.079559299546,40.5611036375156],[-105.07967900774,40.5604282631719],[-105.079792193739,40.5596230075367],[-105.079847623715,40.5588951962657],[-105.080034774855,40.5526073398051],[-105.0803443589,40.5526094889216],[-105.083042785697,40.5526289309747],[-105.085998464929,40.5526507280524],[-105.086587303302,40.5526521634199],[-105.096114873894,40.5527202470754],[-105.096118720018,40.551021485274],[-105.096122397731,40.5492002283551],[-105.096128784197,40.5461719124131],[-105.096360871155,40.5461726960317],[-105.097711092741,40.5461811510056],[-105.10209998914,40.5462089525601],[-105.103257711878,40.5462156546604],[-105.103297290604,40.5462161328562],[-105.103328769247,40.5462172696325],[-105.10333236071,40.5456048163325],[-105.103318320455,40.5454898807976],[-105.103418593789,40.5454909650166],[-105.103659924074,40.5454932128226],[-105.10389235124,40.5454953766555],[-105.10412772134,40.5454975680575],[-105.104361836605,40.5454997484079],[-105.104629020538,40.5455022334907],[-105.104999264662,40.5455056779031],[-105.105660101644,40.5455118229067],[-105.108030216515,40.5455230542626],[-105.108189686036,40.545513893648],[-105.108334577879,40.5455351716147],[-105.108627183324,40.5455379393905],[-105.108853857127,40.5455400460128],[-105.109080530939,40.5455421530936],[-105.109307204759,40.5455442606329],[-105.109533878599,40.5455463668296],[-105.109760552448,40.5455484734848],[-105.109928937939,40.5455500373938],[-105.110435498043,40.5455547413666],[-105.111227239871,40.545558641173],[-105.112771472342,40.5455663713067],[-105.11298917846,40.5455683562371],[-105.11408608239,40.5455783476005],[-105.114950268244,40.5455862125101],[-105.115006002185,40.5455867195206],[-105.115145897988,40.5455866046106],[-105.115146603315,40.5460542136327],[-105.115146537824,40.5465400691969],[-105.115146697532,40.5469386178885],[-105.115147011306,40.5477217680029],[-105.115147713202,40.54886332341],[-105.115147719251,40.5496528364309],[-105.115149265503,40.5528596180655],[-105.115144605663,40.5552597071468],[-105.115141226302,40.5574347147108],[-105.115137633075,40.5591729327047],[-105.115135434996,40.5609821794968],[-105.115131062331,40.5620667559582],[-105.115131174013,40.5634701023006],[-105.115129389229,40.5645742450907],[-105.115128077758,40.5652790009183],[-105.115124408347,40.5675047827434],[-105.115118515045,40.5683821106967],[-105.115114128819,40.5691527346285],[-105.115108625835,40.5699614404741],[-105.115106340841,40.5703628774965],[-105.115099794266,40.5715129798697],[-105.115094697167,40.5722503186568],[-105.115076322031,40.5746877493298],[-105.115019815208,40.5746542801621],[-105.115014427283,40.5746522036377],[-105.114992873633,40.5746442406459],[-105.114959634433,40.5746338371575],[-105.114946150952,40.5746310475961],[-105.114942555097,40.5746303494606],[-105.114938959241,40.5746296513249],[-105.114932667472,40.5746282580332],[-105.114928169722,40.5746279000255],[-105.114915580322,40.5746261427649],[-105.114911982513,40.5746257877366],[-105.114831551347,40.5746246658339],[-105.113976098652,40.574612734561],[-105.112984418071,40.5745998312904],[-105.112537172136,40.574593881516],[-105.111984637227,40.5745868925351],[-105.110988010398,40.5746514996529],[-105.110795237112,40.5746640758117],[-105.110547765402,40.5746802202306],[-105.109851198637,40.574679600968],[-105.105990656427,40.5746302149304],[-105.105520086525,40.5746114638945],[-105.104974753725,40.5746041229219],[-105.10071995775,40.5745679759347],[-105.099749755862,40.5745756204322],[-105.099396873928,40.5745922473275],[-105.09926719379,40.574609580366],[-105.099049241751,40.5746339386398],[-105.098873676082,40.574646371557],[-105.098698139712,40.574653657587],[-105.09847494228,40.5746549458474],[-105.097151125759,40.5746431648032],[-105.097020130849,40.5746419976998],[-105.096652996724,40.5746387274563],[-105.095952487041,40.5746324845039]]]},"properties":{"FID":19,"OG_CODE":6125,"CDE_Code":"0766","School":"Bennett","SchoolFull":"Bennett Elementary","Address":"1125 Bennett Rd","Loc_Code":"109","BldgID":91090,"ArticArea":"Rocky Mountain HS","City":"Fort Collins","State":"CO","Zip":80521,"Phone":"970-488-4750","Shape_Leng":41712.3940943,"Shape_Area":80672507.8038,"Shape__Area":12999549.0234375,"Shape__Length":16746.087169101087,"RIC":"52","RICNC":"58","FCI":"20","NSC":"65","FCA":15.42,"FCA_Remain":14.58}},{"type":"Feature","id":20,"geometry":{"type":"Polygon","coordinates":[[[-105.08939158106,40.6261839487729],[-105.088350408534,40.6253079225974],[-105.085841096532,40.62522658216],[-105.085720176824,40.6251527036723],[-105.085091483059,40.6251297026815],[-105.085069064811,40.6247548913671],[-105.076658178949,40.6196153046062],[-105.076123755709,40.6196131637903],[-105.076130051011,40.6187013794898],[-105.076158571713,40.6162296652264],[-105.076239146578,40.6162269994587],[-105.076367072508,40.6162185443578],[-105.076418443616,40.6162118691402],[-105.076459907145,40.6162055009502],[-105.076500476623,40.6161981001578],[-105.076530231583,40.6161920324411],[-105.076540152051,40.6161896667637],[-105.076550970862,40.6161876474658],[-105.076600575341,40.6161754759579],[-105.076669136465,40.6161561671559],[-105.076736808764,40.6161347973131],[-105.076774711079,40.6161218969424],[-105.076784635826,40.6161188450371],[-105.076841493562,40.6160988082459],[-105.076859548507,40.6160916685635],[-105.076869475395,40.6160882735474],[-105.076897457219,40.6160777388421],[-105.07690648576,40.6160739974451],[-105.076916412643,40.6160706024249],[-105.076943498258,40.6160593782274],[-105.076953427285,40.6160556401006],[-105.076989541419,40.6160406744909],[-105.076998572098,40.6160365899832],[-105.07701771215,40.616029029159],[-105.077053650196,40.6160131155058],[-105.077071707243,40.6160056326868],[-105.077091556677,40.6159995288244],[-105.0771637204,40.6159798906135],[-105.077070032252,40.6158416193791],[-105.076805569874,40.6153644183881],[-105.07666444178,40.6150369189603],[-105.076575150008,40.6147720542491],[-105.076551269379,40.6147030019441],[-105.076545415216,40.6146797706353],[-105.07641795157,40.6141008396318],[-105.076437674249,40.6132875938214],[-105.076440858718,40.6131445404777],[-105.076443662541,40.6130505254906],[-105.076502116472,40.6106201292291],[-105.076521502883,40.6092667880215],[-105.076665837467,40.6092654346949],[-105.076737495017,40.6092675649456],[-105.077382444846,40.6092714663977],[-105.077601841988,40.6092749755663],[-105.077601602082,40.6092840550052],[-105.078115342521,40.6092886809299],[-105.078389046842,40.6092911472498],[-105.079680732444,40.6093027683871],[-105.081268582661,40.60931703809],[-105.081264482292,40.60955218376],[-105.081373813396,40.6095524934225],[-105.081642107401,40.6095573533146],[-105.081911313043,40.6095590693207],[-105.082185035106,40.6095613412557],[-105.08245423589,40.6095640384948],[-105.082670334623,40.6095658854517],[-105.083034088465,40.6095689357592],[-105.083415830892,40.6095736856466],[-105.084084809813,40.6095801917433],[-105.084661042166,40.6095860216467],[-105.084861892385,40.6095866006533],[-105.085453115713,40.6095740745575],[-105.085572007671,40.6097558943608],[-105.085991420731,40.6103972881785],[-105.085994824956,40.6101801276801],[-105.086000272834,40.6098326739208],[-105.086006860448,40.6093921364183],[-105.086039926032,40.6071805735517],[-105.08839051071,40.6071657885317],[-105.088424617855,40.6053532481153],[-105.088434887279,40.6047903247],[-105.088447404888,40.6041042156318],[-105.088462713563,40.6038049461837],[-105.088468703748,40.6035599185352],[-105.088670633047,40.6035596366173],[-105.088687764217,40.60337270096],[-105.08868298302,40.6032788396769],[-105.088661102707,40.6031670805964],[-105.088601262673,40.6029400690264],[-105.088528355156,40.6027895324651],[-105.088428165002,40.6026824692114],[-105.088283126428,40.6025488275048],[-105.088098602355,40.6023941168603],[-105.087947895187,40.6023040299335],[-105.087838817285,40.602252692701],[-105.086703072905,40.6022447415922],[-105.086206282464,40.6022189307952],[-105.086210414411,40.6019819213866],[-105.085770016198,40.6019754830529],[-105.08572150288,40.6017524348475],[-105.085272966499,40.6011021387275],[-105.085742007405,40.6005548944518],[-105.086146137849,40.600274308585],[-105.086265774417,40.6003182220737],[-105.08668182507,40.6005269986393],[-105.086943687207,40.6006458738768],[-105.087117028451,40.600671507602],[-105.087600366134,40.6006124622196],[-105.087806746947,40.6006024715848],[-105.088140297447,40.6005000040762],[-105.088459583275,40.6004296521863],[-105.088806067879,40.6005130811974],[-105.089189892624,40.6006252337501],[-105.089643900207,40.6007626519064],[-105.089971935511,40.6007959755496],[-105.090454751835,40.6008226946195],[-105.090902232705,40.6008532066611],[-105.090903476023,40.600745979805],[-105.090911872467,40.6001741144954],[-105.090915368506,40.5999359634005],[-105.09091640834,40.5998658640115],[-105.090942788054,40.5997964616002],[-105.09284282888,40.599789772594],[-105.09483235607,40.5998081358976],[-105.09557956117,40.5998146244319],[-105.095686864646,40.5998148983425],[-105.095719859996,40.599982016967],[-105.096945533342,40.5999906537718],[-105.098030657957,40.6000008724056],[-105.098037942022,40.5997489359143],[-105.098099227444,40.5996107553269],[-105.098198083529,40.5995038133428],[-105.09830674635,40.5993249775751],[-105.098555655168,40.5994147812677],[-105.098860440182,40.5995247442737],[-105.100237839191,40.6000216853928],[-105.101103459905,40.6000319241779],[-105.102885006296,40.600048193651],[-105.104040143826,40.6000586555319],[-105.105221132246,40.600070204994],[-105.105235035386,40.6002236513169],[-105.105206630895,40.6015689963912],[-105.105526695767,40.6017159894284],[-105.105864973272,40.6018742552104],[-105.106322442808,40.6018855841762],[-105.109926392004,40.6019052703202],[-105.109936297297,40.6014517038826],[-105.109946175969,40.6009998609636],[-105.109956612795,40.6005507773642],[-105.109966465775,40.60009719797],[-105.111314704668,40.6001051459416],[-105.111479593921,40.5996531334268],[-105.1114652172,40.5994620628094],[-105.111456607737,40.5993488195943],[-105.111445404915,40.5992014681094],[-105.111381489899,40.5990437732495],[-105.111010950348,40.5985699367116],[-105.110981094445,40.5985032694655],[-105.110957588531,40.598442424838],[-105.110922865492,40.5983802071625],[-105.110883629781,40.598310318741],[-105.110006677168,40.5982894727745],[-105.110051839315,40.5959097179012],[-105.110099221618,40.5928446660617],[-105.110124952441,40.5908827362927],[-105.110126525184,40.5897243796205],[-105.110126398888,40.5893511691933],[-105.110127074009,40.5892078923773],[-105.110274127234,40.5892095243869],[-105.111044526916,40.5892167995138],[-105.111065771992,40.5871600110473],[-105.110285051678,40.5871584253612],[-105.108776475465,40.5871523316708],[-105.107585274432,40.5871463142891],[-105.106533425808,40.58714099124],[-105.106423191238,40.5864399784756],[-105.106412501931,40.5864207279402],[-105.10602231524,40.5857232283543],[-105.105960709134,40.5856372403277],[-105.105880281389,40.5855374648409],[-105.105793535286,40.5854407559044],[-105.105701369741,40.5853471165516],[-105.105602887046,40.5852565437259],[-105.105582997156,40.5852399906079],[-105.105498980109,40.5851700688806],[-105.105423707762,40.585112513544],[-105.105158675654,40.5848731500347],[-105.105155989451,40.584870739119],[-105.105153313268,40.584866612668],[-105.105149735005,40.5848628262685],[-105.105147942868,40.5848614477292],[-105.105145264682,40.5848576643851],[-105.105143472545,40.5848562858457],[-105.105140794359,40.5848525025015],[-105.105139002223,40.5848511239621],[-105.105136324038,40.5848473406178],[-105.105134531901,40.5848459620783],[-105.105132313457,40.5848425414197],[-105.105130063584,40.5848404570873],[-105.10512649334,40.5848352982589],[-105.105124701204,40.5848339197192],[-105.105120240905,40.5848270422997],[-105.105113986467,40.5848191294473],[-105.105112194332,40.5848177509074],[-105.105105949917,40.5848081225194],[-105.105104157782,40.5848067439793],[-105.105095237193,40.5847929891385],[-105.105093445059,40.5847916105983],[-105.105068471438,40.5847524108255],[-105.105066689333,40.5847493158493],[-105.105058670838,40.5847352209546],[-105.105057780785,40.5847335023631],[-105.105052438465,40.5847235339213],[-105.105047990208,40.5847145978566],[-105.105043539947,40.5847060048988],[-105.1050408738,40.5847001629099],[-105.105037317601,40.5846926023294],[-105.105034651456,40.5846867603404],[-105.105032877366,40.5846822938359],[-105.105030211221,40.5846764518468],[-105.105028437132,40.5846719853423],[-105.105026663043,40.5846675188377],[-105.105024888955,40.5846630523331],[-105.105023114867,40.5846585858285],[-105.105021340779,40.5846541193239],[-105.105019568696,40.5846493097122],[-105.105018684659,40.5846465617993],[-105.105016912576,40.5846417521875],[-105.10501602854,40.5846390042745],[-105.105014256457,40.5846341946627],[-105.105013372421,40.5846314467498],[-105.105012490389,40.5846283557297],[-105.105010718307,40.5846235461179],[-105.105009834271,40.5846207982049],[-105.10500895224,40.5846177071848],[-105.105008070208,40.5846146161648],[-105.105007188177,40.5846115251447],[-105.105006306146,40.5846084341246],[-105.105005424115,40.5846053431045],[-105.105004542084,40.5846022520844],[-105.105002778022,40.5845960700442],[-105.105001893986,40.5845933221311],[-105.105001912029,40.5845902341677],[-105.105001021979,40.5845885155758],[-105.104999257918,40.5845823335355],[-105.10499927596,40.5845792455721],[-105.10499839393,40.5845761545519],[-105.104997519918,40.5845716911036],[-105.104995747839,40.5845668814914],[-105.104995765882,40.584563793528],[-105.104994891871,40.5845593300796],[-105.104994001822,40.5845576114876],[-105.104994019864,40.5845545235242],[-105.104993145853,40.5845500600758],[-105.104992255805,40.5845483414837],[-105.104992273847,40.5845452535203],[-105.104991399837,40.5845407900719],[-105.104990509788,40.5845390714798],[-105.10499053585,40.5845346110882],[-105.104989645801,40.5845328924961],[-105.104989673868,40.5845280889975],[-105.104988809881,40.5845219100138],[-105.104987953914,40.5845143586018],[-105.104987063866,40.5845126400097],[-105.104987099952,40.5845064640828],[-105.104986209904,40.5845047454907],[-105.104986254009,40.5844971971356],[-105.104985363961,40.5844954785435],[-105.10498541809,40.5844862146531],[-105.104984528042,40.5844844960609],[-105.104984610238,40.5844704286717],[-105.104983778329,40.584458759975],[-105.104961170673,40.5840146929236],[-105.105170456711,40.5839347718048],[-105.105321077085,40.583882443475],[-105.10544962949,40.5838326129953],[-105.105603477523,40.5837667417988],[-105.105738868999,40.583701666071],[-105.105870687157,40.5836321175954],[-105.105998029561,40.583558093327],[-105.106120895383,40.5834799363913],[-105.106238384563,40.5833976428545],[-105.106352297202,40.5833112206264],[-105.106427428478,40.5832383916172],[-105.106477275014,40.5831795446828],[-105.106521739116,40.5831175914915],[-105.106559916745,40.583053215219],[-105.106590905867,40.5829867559341],[-105.106615604561,40.5829185588934],[-105.10663310879,40.5828493090723],[-105.106643418581,40.5827790055733],[-105.106646527968,40.5827086777202],[-105.10664153892,40.5826379793621],[-105.106635323344,40.5825994368134],[-105.106701913014,40.5825999988216],[-105.10752223961,40.5826069872693],[-105.107702236249,40.5826089669916],[-105.107882198661,40.5826109436183],[-105.108382131385,40.5826109151707],[-105.108433281813,40.5826114719302],[-105.108473393566,40.5826119086559],[-105.108918170495,40.5826170325471],[-105.10892965216,40.5826455289005],[-105.10940179518,40.582650226933],[-105.110149993098,40.5826576678309],[-105.110150326144,40.5826302279366],[-105.110151164736,40.5825814851521],[-105.110160735191,40.5820248395672],[-105.110161042726,40.5819440566112],[-105.111106491722,40.5819535086244],[-105.111449101402,40.5819579596842],[-105.115032910665,40.5819962970582],[-105.117374667187,40.5820304444466],[-105.117525798105,40.5820443229885],[-105.118547345446,40.582047677917],[-105.119718224223,40.5820648936778],[-105.120082730627,40.5820724501013],[-105.120425587483,40.5820795564925],[-105.120796405225,40.5820807661098],[-105.122566713313,40.5820999060436],[-105.124005819537,40.5821155478827],[-105.124402721569,40.5821199183483],[-105.125933615044,40.5821392629513],[-105.126749011921,40.5821494311221],[-105.127510408441,40.5821590775274],[-105.128527406895,40.5821715942917],[-105.130574900634,40.5821973302368],[-105.131483898884,40.5822087918216],[-105.131529840315,40.5822017319932],[-105.131829249308,40.582156111282],[-105.133667447101,40.5818760065902],[-105.133775544595,40.5818591913412],[-105.133792277163,40.5800994101929],[-105.133827977539,40.5763328102141],[-105.133829407084,40.5762350262811],[-105.133840451139,40.5750266109928],[-105.134364151828,40.5749745131814],[-105.134369158533,40.5749740345142],[-105.134374164057,40.5749735558431],[-105.134379135477,40.5749730500476],[-105.134384141147,40.5749725443596],[-105.134389112864,40.5749719836304],[-105.134394118831,40.5749714230086],[-105.134399090548,40.5749708622789],[-105.13440406138,40.5749702466119],[-105.134409032213,40.5749696309447],[-105.134414003045,40.5749690152773],[-105.134418975356,40.57496834468],[-105.134423909873,40.5749676739638],[-105.134428882334,40.5749669754491],[-105.134433816998,40.5749662777159],[-105.134438753144,40.5749655241524],[-105.134443689285,40.5749647714892],[-105.134448625426,40.5749640188259],[-105.134453561868,40.5749632103283],[-105.134458497125,40.5749624027274],[-105.134463398136,40.574961594118],[-105.134548288857,40.5749471214161],[-105.13482072373,40.5749006544799],[-105.13482746183,40.5748995229188],[-105.134834235214,40.5748984184849],[-105.134841009482,40.5748973689877],[-105.134847782418,40.5748963474034],[-105.13485459182,40.5748953529501],[-105.134861399739,40.5748944143266],[-105.134868208698,40.5748935018222],[-105.134875017507,40.5748926172344],[-105.134881861595,40.5748917606744],[-105.134888669955,40.5748909589362],[-105.1348955136,40.5748901843252],[-105.134902356949,40.5748894646471],[-105.134909236763,40.5748887721001],[-105.134916079815,40.5748881073546],[-105.134922959328,40.5748874706406],[-105.134929837367,40.5748868879554],[-105.134936716437,40.5748863331904],[-105.134943595211,40.5748858333583],[-105.134950473984,40.5748853335259],[-105.134957351133,40.5748849156391],[-105.135470283183,40.5748534487547],[-105.135469101426,40.5749361680064],[-105.136481229246,40.574874197657],[-105.143345036429,40.5744522571269],[-105.146347733426,40.574281531084],[-105.147741505576,40.5742022585142],[-105.150433871583,40.5740225553287],[-105.153355993584,40.5738274458385],[-105.153289340274,40.5750201996628],[-105.168166492794,40.574943825016],[-105.168684950094,40.5747745856943],[-105.169193557769,40.5743713241502],[-105.169465626566,40.5735678074381],[-105.16979300889,40.5729731881574],[-105.170232007995,40.573380403358],[-105.170627735119,40.5736990474682],[-105.170684821375,40.574190072624],[-105.170739202402,40.5747997542443],[-105.170685525488,40.5754034607607],[-105.170556325747,40.5759188639904],[-105.169966350812,40.5756747944469],[-105.169247937425,40.5756277956195],[-105.168512845835,40.5759376235576],[-105.168399664394,40.5763883998618],[-105.168572910882,40.5768019952873],[-105.168765024968,40.5775263627024],[-105.168980845069,40.5782826886599],[-105.168997703388,40.5789902166555],[-105.168970240093,40.5796065510518],[-105.169187392498,40.5801674891287],[-105.169336722671,40.5809108898861],[-105.169424542605,40.5815247168024],[-105.169266499529,40.5822301834883],[-105.169534830088,40.5827564359815],[-105.169828368841,40.5820422419098],[-105.169979663504,40.5814493009005],[-105.170276417883,40.5806900010659],[-105.170559212169,40.5798889009368],[-105.170892733193,40.5793036069025],[-105.171118743047,40.5788698836918],[-105.171412971682,40.578269045811],[-105.171774459996,40.5786011971175],[-105.172189000413,40.5789913721919],[-105.172522347953,40.5786016889444],[-105.172855416328,40.5782689058123],[-105.173417216534,40.5780866174454],[-105.173988014261,40.5773616488203],[-105.174222528307,40.5763174020365],[-105.174762406073,40.5760508054853],[-105.175209442404,40.576531578963],[-105.175258006999,40.5770347261531],[-105.175511538301,40.5776611628502],[-105.175170130006,40.578074524123],[-105.174678385376,40.5782699786925],[-105.174255218038,40.5790522939093],[-105.173476679649,40.579264843766],[-105.172925278051,40.5796331479299],[-105.172388877932,40.5801060295796],[-105.172352285266,40.5808027965653],[-105.172515439521,40.5814471614291],[-105.173230281718,40.5816507208201],[-105.174047760115,40.5818880768921],[-105.174680624314,40.5817643360986],[-105.175067782854,40.5814679664107],[-105.175440341401,40.5809734982823],[-105.175938618124,40.5804679187562],[-105.176577487134,40.5806280938139],[-105.17720310934,40.5811006487852],[-105.177894995268,40.5818551066172],[-105.178259967127,40.5821755657951],[-105.178286474965,40.5825841587223],[-105.178089128992,40.5830261976663],[-105.177386700044,40.5829751880362],[-105.176945393265,40.5836166999056],[-105.177146432103,40.5842756933643],[-105.176940460779,40.5846558297849],[-105.176299927132,40.5843713969288],[-105.175785922339,40.5837415060063],[-105.175115145262,40.5830850460504],[-105.174170652831,40.5830887123322],[-105.173404038885,40.5829976256698],[-105.172488135606,40.583165195436],[-105.172287203207,40.5836975612305],[-105.172470212915,40.5842973129656],[-105.172213054838,40.5849650388643],[-105.172136669704,40.5858111997892],[-105.17203723216,40.5864483434983],[-105.172009630145,40.5870262888064],[-105.17232171029,40.5875896064048],[-105.17284458582,40.5882204942199],[-105.173725019235,40.5882278968944],[-105.174360119541,40.5879123381972],[-105.175059212888,40.5878501267754],[-105.175536185638,40.5876480583438],[-105.176117707071,40.5878515966824],[-105.176469686131,40.5883715432022],[-105.175782880613,40.5885424928328],[-105.175151344956,40.5885898706046],[-105.174673298732,40.5887303579136],[-105.174154913453,40.5889726841602],[-105.173485257541,40.5893625775397],[-105.173406478151,40.5901564235622],[-105.173654363034,40.5906421277794],[-105.173954920525,40.5910809393605],[-105.174391344998,40.5914940683902],[-105.173968886049,40.5918432079203],[-105.173833248686,40.5923747603241],[-105.173804326019,40.5929115414416],[-105.17341360139,40.5931894302676],[-105.173009251687,40.5936740534857],[-105.172567427714,40.593170872118],[-105.172239749526,40.5926599245672],[-105.171973994567,40.5922470465532],[-105.171541298845,40.5918813243472],[-105.171388450231,40.5923562181617],[-105.171554075584,40.5928087743239],[-105.171711455967,40.5933552340458],[-105.171853474625,40.5939100532211],[-105.171996065187,40.5942961248445],[-105.17215077591,40.5947565298774],[-105.172330692645,40.5949739897365],[-105.172330150691,40.5950887127275],[-105.172326286191,40.5952593346641],[-105.172311364987,40.5958678530978],[-105.172311082232,40.5958793884196],[-105.172310808649,40.5958904942022],[-105.172328904216,40.5959017399822],[-105.172336838552,40.5959127175909],[-105.172345052347,40.5959235627039],[-105.172353551459,40.5959342852438],[-105.172362315854,40.5959448752479],[-105.172371351447,40.5959553309317],[-105.17238065823,40.5959656540964],[-105.172390229171,40.5959758330148],[-105.1724000643,40.5959858613829],[-105.172410156442,40.5959957571917],[-105.172420506892,40.5960054970303],[-105.172431113256,40.5960150871958],[-105.172441961415,40.5960245159412],[-105.172453066696,40.5960337896133],[-105.172464407864,40.5960429018484],[-105.172475983739,40.5960518526432],[-105.172487809699,40.5960606375382],[-105.172499863361,40.5960692438624],[-105.17251214464,40.5960776887261],[-105.172524646553,40.5960859504962],[-105.172537383228,40.5960940391186],[-105.172550326331,40.596101950911],[-105.172563488895,40.5961096778054],[-105.172576859118,40.5961172170666],[-105.172590433419,40.5961245767895],[-105.172604214255,40.5961317371686],[-105.17261818735,40.5961387188767],[-105.17263235044,40.5961455011943],[-105.172646720048,40.5961520877703],[-105.172661252453,40.5961584802825],[-105.172675967774,40.5961646715831],[-105.172690874276,40.5961706625959],[-105.172705936518,40.596176453221],[-105.172721167546,40.5961820326885],[-105.172736560219,40.5961874117847],[-105.172752115777,40.596192578806],[-105.172767811741,40.596197539993],[-105.172783683584,40.5962022891414],[-105.172799666355,40.5962068206652],[-105.172815803704,40.5962111472949],[-105.17283206737,40.5962152500392],[-105.172855661919,40.596203696526],[-105.172876602055,40.5961930685193],[-105.172897638619,40.5961820436348],[-105.172918435385,40.5961707668175],[-105.172939006473,40.5961592498139],[-105.172959322323,40.5961474979448],[-105.172979397115,40.5961355103495],[-105.172999224938,40.5961232879119],[-105.173018789227,40.5961108359891],[-105.173038084021,40.5960981653711],[-105.173057109342,40.5960852715552],[-105.173075858085,40.596072158124],[-105.173094329029,40.596058833179],[-105.173112507953,40.596045305686],[-105.173130387796,40.596031570222],[-105.173147975611,40.5960176340113],[-105.173165248929,40.5960035014937],[-105.173182224264,40.5959891781192],[-105.173198876781,40.5959746692214],[-105.17321521002,40.5959599757108],[-105.173231213321,40.5959451029612],[-105.173246894876,40.5959300672055],[-105.173262234707,40.5959148467746],[-105.173277237408,40.5958994686979],[-105.173291897073,40.5958839329593],[-105.173306212515,40.5958682404559],[-105.173320163625,40.5958523965348],[-105.173333764559,40.5958364057385],[-105.173347005803,40.5958202806484],[-105.17335987555,40.5958040203309],[-105.173372379732,40.5957876193992],[-105.173384509996,40.5957710949408],[-105.173396261566,40.5957544577488],[-105.173407639223,40.5957376961299],[-105.173418622798,40.5957208280382],[-105.173429225263,40.5957038580135],[-105.17343943365,40.5956867806158],[-105.173470561264,40.5956344907739],[-105.173499883594,40.5955829433173],[-105.173527999735,40.5955311358093],[-105.173554923866,40.5954790682904],[-105.173580640472,40.5954267740384],[-105.173605032431,40.5953742869468],[-105.17362828413,40.5953215895224],[-105.173650305673,40.5952687049282],[-105.173671091108,40.5952156430542],[-105.17369063321,40.5951624326987],[-105.173708940933,40.5951084434983],[-105.173857672706,40.5951105635368],[-105.173905735051,40.5951386083029],[-105.173932164339,40.5951540080463],[-105.173958644308,40.5951694349422],[-105.173985147804,40.5951848853124],[-105.174011700826,40.5952003574287],[-105.174038269192,40.5952158349851],[-105.174064844602,40.5952313242623],[-105.174091427087,40.5952468189565],[-105.174118603109,40.5952502109371],[-105.174134876851,40.5952519468684],[-105.174151226067,40.595253465975],[-105.174167641254,40.5952547790368],[-105.174184124806,40.5952558797566],[-105.174200651908,40.5952567689654],[-105.17421723913,40.5952574404058],[-105.174233863996,40.5952579003185],[-105.174250533623,40.5952581424197],[-105.174267240842,40.5952581837999],[-105.174283971587,40.5952580010052],[-105.174300732882,40.5952576075635],[-105.174317516466,40.5952570016507],[-105.174334315277,40.5952561778436],[-105.174351109173,40.5952551477931],[-105.174367932473,40.5952538998879],[-105.174384741433,40.5952524403095],[-105.174401545535,40.5952507627807],[-105.174418342308,40.5952488898083],[-105.17443511889,40.5952467934391],[-105.174451347089,40.5952444956094],[-105.174459151161,40.595243327815],[-105.174468117391,40.5952419858629],[-105.174484860327,40.5952392707106],[-105.174501560577,40.5952363420047],[-105.174518224011,40.5952332078667],[-105.174534845911,40.5952298664823],[-105.174551408525,40.5952263241057],[-105.174567915449,40.5952225699403],[-105.174584363062,40.5952186201861],[-105.174600746693,40.5952144631228],[-105.174617058039,40.5952101059316],[-105.174633297082,40.5952055522147],[-105.174649441392,40.5952007983073],[-105.174665521669,40.5951958478973],[-105.174681491829,40.5951907026572],[-105.174699699004,40.5951834644749],[-105.174711750018,40.5951788990356],[-105.174723888933,40.5951744797308],[-105.174736106302,40.5951702056336],[-105.17474840446,40.5951660821538],[-105.17476077514,40.5951621092683],[-105.174773218336,40.5951582878776],[-105.174785725784,40.595154617058],[-105.17479829155,40.5951511021962],[-105.174810929832,40.5951477388292],[-105.174823612253,40.5951445322808],[-105.174836343541,40.5951414816639],[-105.174849126059,40.5951385869849],[-105.174862224128,40.5951248613015],[-105.174875021384,40.5951250420588],[-105.174887855263,40.5951252229171],[-105.17490072574,40.5951254092796],[-105.174913631658,40.5951255957397],[-105.17492632616,40.5951257708009],[-105.174938903679,40.5951259509371],[-105.174951533174,40.5951261321178],[-105.174964205204,40.5951263125154],[-105.174976922127,40.595126493037],[-105.175195979215,40.5951296102292],[-105.175208806003,40.5951297919328],[-105.17522160208,40.5951299726487],[-105.175234369804,40.5951301532841],[-105.175247093816,40.595130333796],[-105.175259474045,40.5951305133468],[-105.175271655828,40.595130686939],[-105.175290781432,40.5951548112814],[-105.175297999919,40.5951624105075],[-105.175304662713,40.5951715760498],[-105.17531807388,40.5951870949363],[-105.175337105987,40.5952031437264],[-105.175343931663,40.5952088993162],[-105.175349560333,40.5952198711861],[-105.175358147792,40.5952366319803],[-105.175377231609,40.5952618440623],[-105.175395660735,40.5952873451935],[-105.17541343875,40.59531312818],[-105.175430555062,40.5953391839867],[-105.175447012073,40.5953655045158],[-105.175462786172,40.5953920860993],[-105.175484552452,40.5954181602734],[-105.175487718315,40.5954344655606],[-105.175494831697,40.59544575856],[-105.175495945796,40.5954531345172],[-105.175506091903,40.5954732767308],[-105.175515183032,40.5954904630786],[-105.175520537048,40.5955005795458],[-105.175523042393,40.5955095272506],[-105.175531524595,40.5955285427282],[-105.175552292074,40.5955734438204],[-105.175573074722,40.5956183899784],[-105.175582538842,40.5956388535818],[-105.175588966276,40.5956527679803],[-105.17559539379,40.5956666661686],[-105.175601813119,40.595680547223],[-105.175608226596,40.5956944174541],[-105.175614624881,40.5957082534213],[-105.175633377895,40.5957290833319],[-105.175642124535,40.5957387967981],[-105.175652373772,40.5957497752309],[-105.175661442566,40.5957593211899],[-105.175671977274,40.5957701446208],[-105.175681297195,40.5957795525927],[-105.175692118563,40.5957902192236],[-105.175701671895,40.5957994882584],[-105.175712757494,40.5958099944245],[-105.175722561958,40.5958191245715],[-105.175733918908,40.5958294639886],[-105.175743965078,40.5958384498181],[-105.175755593348,40.5958486287898],[-105.175765874166,40.595857463978],[-105.175777767909,40.5958674698801],[-105.175788276283,40.5958761553077],[-105.175800434311,40.5958859899379],[-105.175811171426,40.5958945247075],[-105.175823585502,40.5959041808382],[-105.175834550195,40.5959125613443],[-105.175847214412,40.5959220389589],[-105.175858399602,40.5959302633804],[-105.175871321071,40.5959395579959],[-105.175882725604,40.5959476209261],[-105.175895897209,40.5959567379257],[-105.175907508115,40.5959646339251],[-105.175920922851,40.5959735561786],[-105.17593274601,40.5959812906668],[-105.175946395582,40.5959900235542],[-105.175958432172,40.5959975974348],[-105.175984464653,40.5960136259896],[-105.17600528116,40.5960286746157],[-105.1760261118,40.5960437340839],[-105.176047530618,40.5960583377042],[-105.176069338392,40.5960726407174],[-105.17609152926,40.596086633201],[-105.176114109166,40.5961003079667],[-105.176137049725,40.5961136712393],[-105.176160349806,40.5961267122087],[-105.176184010597,40.5961394299775],[-105.176208025034,40.5961518191224],[-105.17623236951,40.5961638750749],[-105.176257053507,40.596175591557],[-105.176282067578,40.5961869676419],[-105.176307398718,40.5961980050942],[-105.176333038718,40.596208691283],[-105.176358937949,40.5962187811191],[-105.176385056528,40.5962289553113],[-105.176402311871,40.5962293049984],[-105.176419612108,40.5962296548078],[-105.176434203701,40.5962296836873],[-105.176451571372,40.596229520363],[-105.176468954319,40.5962291274368],[-105.176486374928,40.596228517579],[-105.176503796606,40.5962276843837],[-105.176521227596,40.5962266332773],[-105.176538673831,40.596225358873],[-105.176556121104,40.5962238674351],[-105.176573554091,40.5962221517165],[-105.176590981027,40.5962202189446],[-105.176608394854,40.5962180627959],[-105.176625788427,40.5962156949579],[-105.176643152324,40.5962131091003],[-105.176660481847,40.5962102998068],[-105.176677781642,40.5962072833003],[-105.176695032881,40.5962040442191],[-105.176712240185,40.5962006041894],[-105.17672939778,40.596196935278],[-105.176746490181,40.5961930644585],[-105.176763531609,40.5961889818643],[-105.176780494893,40.5961846874199],[-105.176797384737,40.5961801856412],[-105.176814195229,40.5961754774125],[-105.176830876025,40.596170467135],[-105.176847563933,40.5961654514714],[-105.176880376393,40.5961519208151],[-105.177031484301,40.5960763425635],[-105.177650297489,40.5957668332778],[-105.178500716883,40.5953414705498],[-105.179137999797,40.5950227070318],[-105.179606291088,40.5947884682344],[-105.180149284546,40.5946171188526],[-105.180211755061,40.5950242273913],[-105.17983228585,40.5953033374361],[-105.179397685976,40.5955658834795],[-105.17900848912,40.5958336665347],[-105.178624693895,40.5962071109533],[-105.178441043892,40.5966852783206],[-105.177508602048,40.5967591200623],[-105.176701368449,40.5969033916888],[-105.17630655658,40.5973725078866],[-105.176395483347,40.5979102813166],[-105.176420367202,40.5984874891848],[-105.176350716572,40.5991225837109],[-105.17577148381,40.5995281800303],[-105.174997678871,40.5994837398083],[-105.174600858989,40.5991481059829],[-105.17434532659,40.5987729375516],[-105.168142984948,40.6002919935067],[-105.167276812421,40.6002939754212],[-105.167310373055,40.5989226108818],[-105.162384900864,40.5989271299177],[-105.16229336721,40.6026340585549],[-105.162206481223,40.6061715126253],[-105.162160000017,40.60805389145],[-105.161851624895,40.6079957240599],[-105.160886065014,40.6082406415787],[-105.159629644098,40.6090254393748],[-105.157409049872,40.6097670771553],[-105.157226308709,40.6098281178446],[-105.152690113971,40.6113433136518],[-105.1526896081,40.6112748170162],[-105.152683814053,40.60981463181],[-105.152675412982,40.6076866535724],[-105.150891775729,40.6076798754385],[-105.150400160549,40.6076798663056],[-105.14990854063,40.6076800856229],[-105.149512359451,40.6076802508897],[-105.149094578394,40.6076803793835],[-105.146361028579,40.607669403145],[-105.145539880177,40.6076662262899],[-105.14309803632,40.6076556096283],[-105.133622416101,40.6076252315657],[-105.133511586858,40.6076256939177],[-105.13351152231,40.6083154650791],[-105.133511738504,40.609769916145],[-105.13351109978,40.6103857991638],[-105.133437959364,40.6104236540761],[-105.133392590387,40.6104876728757],[-105.133386255172,40.6105068905393],[-105.133386710363,40.6105443099727],[-105.133400822984,40.6105763502043],[-105.133401820214,40.611152743571],[-105.133348727565,40.611152448403],[-105.133323812112,40.6123769718688],[-105.132992873703,40.6123792542611],[-105.132782731166,40.6123535612833],[-105.132291591806,40.6122471885629],[-105.131913792958,40.6121079095267],[-105.130908511215,40.6115939276334],[-105.130597924196,40.6124325701501],[-105.130368940267,40.6130508606489],[-105.127446210394,40.6115100557724],[-105.126699241142,40.611116245981],[-105.126065942802,40.6111127679747],[-105.123986755998,40.6111031658949],[-105.123981517779,40.6113970545874],[-105.123974205712,40.6117733291048],[-105.123919947694,40.6147034450196],[-105.122737894606,40.6146916271304],[-105.122737502985,40.6148479231199],[-105.122182656309,40.614684114336],[-105.121734642443,40.6146789701448],[-105.121396137284,40.6146441300334],[-105.12098622537,40.6144626723765],[-105.120553357676,40.613762716052],[-105.120555697524,40.6133474866591],[-105.120250608683,40.613112983282],[-105.120052430561,40.6129606543196],[-105.119914528395,40.6128546563733],[-105.118923005858,40.6130024055502],[-105.118355156088,40.6133885109981],[-105.118118126204,40.6135496753493],[-105.117928481549,40.6136786208207],[-105.116928747761,40.6141866959913],[-105.116310084407,40.6142395229597],[-105.114793059144,40.6137224219091],[-105.114464599331,40.6130248603308],[-105.114415093188,40.6128244608692],[-105.114273913123,40.6124682795943],[-105.114183849173,40.6123550722547],[-105.113994567131,40.612143001627],[-105.113987095423,40.612132209817],[-105.113521022765,40.6117503308167],[-105.113221590255,40.6117028897886],[-105.113009700176,40.6116693177333],[-105.111518800355,40.6118645508923],[-105.111052350585,40.6117821084471],[-105.110171104472,40.6118080410282],[-105.109416401184,40.6120690437873],[-105.109055447639,40.6122302834597],[-105.108542700342,40.6124271128509],[-105.108302622302,40.612479695172],[-105.10778271,40.6125109500327],[-105.107605925084,40.6124993519254],[-105.107303282712,40.6124075640762],[-105.106911292559,40.6121641940228],[-105.105791233643,40.6123694441146],[-105.104971880288,40.6125261517023],[-105.104969401217,40.6126979528242],[-105.104923450027,40.6158817012002],[-105.104914476895,40.6165537509716],[-105.104891295688,40.6181232371308],[-105.104837166214,40.6217682506353],[-105.104815905791,40.623285559417],[-105.104787373015,40.6253217826765],[-105.104068362438,40.6254188226601],[-105.095332566524,40.6253592020601],[-105.094431464563,40.6253599143022],[-105.093705604407,40.6253512065443],[-105.093570085648,40.6253493212931],[-105.093565958443,40.6255092358137],[-105.093564493668,40.6255643084238],[-105.093533364775,40.6267350559518],[-105.091741173798,40.6267167722875],[-105.089463552068,40.6266940102177],[-105.0892164197,40.6264014748302],[-105.08939158106,40.6261839487729]]]},"properties":{"FID":20,"OG_CODE":3541,"CDE_Code":"4282","School":"Irish","SchoolFull":"Irish Elementary","Address":"515 Irish Dr","Loc_Code":"130","BldgID":91300,"ArticArea":"Poudre HS","City":"Fort Collins","State":"CO","Zip":80521,"Phone":"970-488-6900","Shape_Leng":123787.433787,"Shape_Area":265600312.419,"Shape__Area":42846379.62109375,"Shape__Length":49710.971071187705,"RIC":"41","RICNC":"43","FCI":"15","NSC":"51","FCA":21.55,"FCA_Remain":8.45}},{"type":"Feature","id":21,"geometry":{"type":"Polygon","coordinates":[[[-105.07171280938,40.6104564332417],[-105.069585164932,40.6104420630401],[-105.069514920409,40.6104435187323],[-105.069436603928,40.6104401409442],[-105.069359222854,40.6104312767731],[-105.069282777204,40.6104169262209],[-105.069208165224,40.610397435727],[-105.069183835685,40.6103891001511],[-105.069136287344,40.6103728086291],[-105.069000480103,40.6103479446965],[-105.068816971733,40.6103194727242],[-105.06863163102,40.6102961403492],[-105.068446253194,40.610278639545],[-105.068396706357,40.6102822299992],[-105.068382504985,40.6102833444411],[-105.068350759981,40.6102858346898],[-105.06819127719,40.6103023985351],[-105.068031759231,40.6103244518244],[-105.067874907307,40.6103520045893],[-105.067718921566,40.610384707042],[-105.067635110559,40.6103957183335],[-105.067499962694,40.6104085974243],[-105.067363949508,40.6104159833478],[-105.06722796925,40.610418222554],[-105.066986656818,40.610417324758],[-105.066989096874,40.6102421422556],[-105.06700334455,40.6092192771561],[-105.067030010101,40.6073047657835],[-105.067041688852,40.6064641388231],[-105.067048389899,40.6059817899542],[-105.067048476856,40.6059682161713],[-105.067048673441,40.6059375294976],[-105.067049185006,40.605933113265],[-105.067052844848,40.6059015046996],[-105.067056298294,40.6058716802713],[-105.067072021918,40.6058065474044],[-105.067095839903,40.6057428162018],[-105.06712504896,40.6056808215146],[-105.067162350138,40.605620572487],[-105.067205035774,40.6055630883766],[-105.067275663377,40.6054663258831],[-105.067377621203,40.6053266385857],[-105.067442132189,40.6052352673961],[-105.067449710905,40.6052217854031],[-105.067479472362,40.6051688423801],[-105.067509622881,40.6051003319497],[-105.067533479718,40.605030425666],[-105.067550142547,40.6049591201861],[-105.067558704463,40.60488744148],[-105.067559821913,40.6047128004212],[-105.067564654305,40.6039575581158],[-105.067568910558,40.6032923450326],[-105.067570258452,40.6030816788128],[-105.067569496442,40.6030600589758],[-105.067564452371,40.6030041128463],[-105.067561869969,40.6029855751579],[-105.067551421822,40.6029299520524],[-105.0675470366,40.6029117507749],[-105.0675311822,40.6028567937961],[-105.067518808328,40.602820720956],[-105.067504631646,40.6027849845252],[-105.067480661321,40.6027320560429],[-105.067471770177,40.6027145242353],[-105.067461976529,40.6026973321843],[-105.067453083199,40.6026801434797],[-105.067442389249,40.6026629480796],[-105.06743259342,40.6026460991306],[-105.067420996974,40.6026292434855],[-105.067410298654,40.602612733391],[-105.067387099201,40.6025800514088],[-105.067374598074,40.6025638786203],[-105.067218477217,40.6023392452845],[-105.067203341167,40.6023127692891],[-105.067176654946,40.6022622324221],[-105.067169562358,40.6022450503927],[-105.067161569467,40.6022278650131],[-105.067154476886,40.6022106829825],[-105.067148286812,40.6021931611964],[-105.067141196441,40.6021756351596],[-105.067135906678,40.6021581167224],[-105.067129716613,40.6021405949351],[-105.067125329359,40.6021227367423],[-105.067120039604,40.6021052183041],[-105.067115652354,40.6020873601108],[-105.067111922863,40.6020682660964],[-105.067108678469,40.6020516504233],[-105.067103393119,40.6020334457746],[-105.067105739434,40.6018076862283],[-105.067163609026,40.6002223729134],[-105.067204180844,40.5991447623947],[-105.06721350882,40.5988971099209],[-105.067234345109,40.5983498381327],[-105.067237319376,40.5982717022328],[-105.06725319084,40.5980425607282],[-105.067256060736,40.5980161516834],[-105.067258928433,40.5979900857434],[-105.067262698574,40.5979636800468],[-105.067267366764,40.5979376208038],[-105.067272034951,40.5979115615604],[-105.06727850363,40.5978855090139],[-105.06728406986,40.5978597962234],[-105.067291439958,40.5978337470288],[-105.06729880887,40.5978076978292],[-105.067367811614,40.5976343949811],[-105.067380689834,40.5976114443773],[-105.067450825558,40.597486451716],[-105.06753743807,40.5973615517823],[-105.067659698445,40.5972199582091],[-105.067782910459,40.5971040601138],[-105.067958957814,40.5969697750687],[-105.068167105863,40.5968217195843],[-105.068306081209,40.5967014045598],[-105.068427765091,40.5965706507672],[-105.068547828222,40.5963911183013],[-105.068621289183,40.5962804732535],[-105.068633411369,40.5962622161222],[-105.068690768553,40.5961289018487],[-105.068714993621,40.5960170754535],[-105.068746182605,40.5958731050561],[-105.070465202123,40.5958654541882],[-105.070514312806,40.5958652356666],[-105.070526013504,40.5958656219783],[-105.070535013539,40.5958659983186],[-105.070557512535,40.5958671107189],[-105.070571013677,40.5958675036727],[-105.070578211089,40.5958682164686],[-105.070582712197,40.5958682330841],[-105.070595308758,40.5958693089228],[-105.070600707908,40.5958696719659],[-105.070616007314,40.5958704146658],[-105.070621404284,40.5958711208133],[-105.070625905391,40.5958711374272],[-105.070644799146,40.5958729227303],[-105.070648400032,40.5958729360206],[-105.070664593123,40.5958747113527],[-105.070672692938,40.5958750843599],[-105.070683489059,40.5958761535441],[-105.070687085587,40.595876853044],[-105.070689786252,40.5958768630108],[-105.070721274397,40.5958800672338],[-105.070733866605,40.5958818292681],[-105.07073656727,40.5958818392339],[-105.070740163798,40.5958825387321],[-105.07074556295,40.5958829017686],[-105.070759953423,40.595885013549],[-105.070762654089,40.5958850235141],[-105.070773448028,40.5958864366959],[-105.070778842822,40.5958874859416],[-105.070794135699,40.595889257934],[-105.070799532672,40.5958899640733],[-105.07081392097,40.5958924189525],[-105.070823816875,40.5958934848024],[-105.070832810379,40.5958948904357],[-105.07084360333,40.5958966458202],[-105.070855295323,40.5958984045203],[-105.070869683625,40.5959008593925],[-105.070873280156,40.5959015588866],[-105.07164875352,40.5960687412409],[-105.071768700359,40.5960946002568],[-105.071769587542,40.5960966622028],[-105.071773181919,40.5960977047744],[-105.071782171123,40.5960997965449],[-105.071810939187,40.5961060784795],[-105.071853201936,40.596113782528],[-105.071881080654,40.5961183456052],[-105.07188827376,40.5961197445307],[-105.071899967992,40.5961211600203],[-105.071905362822,40.5961222092136],[-105.071924254508,40.5961243374141],[-105.07193864507,40.5961264490486],[-105.071948543199,40.5961271716975],[-105.071952139753,40.5961278711582],[-105.071995326655,40.5961318043086],[-105.072016025314,40.5961329098024],[-105.072028623129,40.5961339854901],[-105.072045723061,40.5961347346256],[-105.072055623365,40.59613511416],[-105.072066423894,40.5961354970051],[-105.072081727721,40.5961355533014],[-105.07223120511,40.59613631289],[-105.073549984361,40.5961430037132],[-105.07584394421,40.5961598503548],[-105.076407255064,40.5961639805082],[-105.076582352007,40.5961652636628],[-105.076713309381,40.5961662229504],[-105.07671974175,40.5952828070623],[-105.076720696478,40.5951299683993],[-105.076721214662,40.595047596062],[-105.076731116441,40.5937538531328],[-105.076733226223,40.5934169224504],[-105.076724430611,40.5932401869796],[-105.076722836526,40.5930634768037],[-105.076727543718,40.5928867904487],[-105.07674035036,40.5927104757693],[-105.076757056271,40.5925583661274],[-105.076786664343,40.592358609726],[-105.076809443515,40.5921710085466],[-105.076905702918,40.5917493280126],[-105.076943032344,40.5915381057557],[-105.076973164547,40.5913261701732],[-105.076996997592,40.591113869451],[-105.077011723737,40.5909183472691],[-105.077012503076,40.5907937998095],[-105.077024420409,40.5888892145469],[-105.07703170874,40.5877243663246],[-105.07703600122,40.5870384959756],[-105.077783985704,40.5870415566708],[-105.078972123662,40.5870462066447],[-105.079246138971,40.5870472522292],[-105.080703026007,40.587052802355],[-105.082503234636,40.5870599642098],[-105.083395240855,40.5870631625694],[-105.084279142922,40.5870666682369],[-105.085200850674,40.5870703020166],[-105.086089253453,40.5870738099784],[-105.087907484138,40.5870778642937],[-105.089705002203,40.5870835326932],[-105.091442211423,40.587089304604],[-105.091603805637,40.587089796454],[-105.093650181551,40.587096009932],[-105.094123638375,40.5870976630259],[-105.095821245721,40.58710288822],[-105.097488239507,40.5871096982687],[-105.098588176543,40.5871124701442],[-105.099139936743,40.5871154023677],[-105.099975243854,40.5871172488102],[-105.100973463014,40.5871206775972],[-105.101501820615,40.5871235183285],[-105.10224081649,40.5871250184916],[-105.103710692948,40.5871300357645],[-105.105332688858,40.5871355507229],[-105.106533425808,40.58714099124],[-105.107585274432,40.5871463142891],[-105.108776475465,40.5871523316708],[-105.110285051678,40.5871584253612],[-105.111065771992,40.5871600110473],[-105.111044526916,40.5892167995138],[-105.110274127234,40.5892095243869],[-105.110127074009,40.5892078923773],[-105.110126398888,40.5893511691933],[-105.110126525184,40.5897243796205],[-105.110124952441,40.5908827362927],[-105.110099221618,40.5928446660617],[-105.110051839315,40.5959097179012],[-105.110006677168,40.5982894727745],[-105.110883629781,40.598310318741],[-105.110922865492,40.5983802071625],[-105.110957588531,40.598442424838],[-105.110981094445,40.5985032694655],[-105.111010950348,40.5985699367116],[-105.111381489899,40.5990437732495],[-105.111445404915,40.5992014681094],[-105.111456607737,40.5993488195943],[-105.1114652172,40.5994620628094],[-105.111479593921,40.5996531334268],[-105.111314704668,40.6001051459416],[-105.109966465775,40.60009719797],[-105.109956612795,40.6005507773642],[-105.109946175969,40.6009998609636],[-105.109936297297,40.6014517038826],[-105.109926392004,40.6019052703202],[-105.106322442808,40.6018855841762],[-105.105864973272,40.6018742552104],[-105.105526695767,40.6017159894284],[-105.105206630895,40.6015689963912],[-105.105235035386,40.6002236513169],[-105.105221132246,40.600070204994],[-105.104040143826,40.6000586555319],[-105.102885006296,40.600048193651],[-105.101103459905,40.6000319241779],[-105.100237839191,40.6000216853928],[-105.098860440182,40.5995247442737],[-105.098555655168,40.5994147812677],[-105.09830674635,40.5993249775751],[-105.098198083529,40.5995038133428],[-105.098099227444,40.5996107553269],[-105.098037942022,40.5997489359143],[-105.098030657957,40.6000008724056],[-105.096945533342,40.5999906537718],[-105.095719859996,40.599982016967],[-105.095686864646,40.5998148983425],[-105.09557956117,40.5998146244319],[-105.09483235607,40.5998081358976],[-105.09284282888,40.599789772594],[-105.090942788054,40.5997964616002],[-105.09091640834,40.5998658640115],[-105.090915368506,40.5999359634005],[-105.090911872467,40.6001741144954],[-105.090903476023,40.600745979805],[-105.090902232705,40.6008532066611],[-105.090454751835,40.6008226946195],[-105.089971935511,40.6007959755496],[-105.089643900207,40.6007626519064],[-105.089189892624,40.6006252337501],[-105.088806067879,40.6005130811974],[-105.088459583275,40.6004296521863],[-105.088140297447,40.6005000040762],[-105.087806746947,40.6006024715848],[-105.087600366134,40.6006124622196],[-105.087117028451,40.600671507602],[-105.086943687207,40.6006458738768],[-105.08668182507,40.6005269986393],[-105.086265774417,40.6003182220737],[-105.086146137849,40.600274308585],[-105.085742007405,40.6005548944518],[-105.085272966499,40.6011021387275],[-105.08572150288,40.6017524348475],[-105.085770016198,40.6019754830529],[-105.086210414411,40.6019819213866],[-105.086206282464,40.6022189307952],[-105.086703072905,40.6022447415922],[-105.087838817285,40.602252692701],[-105.087947895187,40.6023040299335],[-105.088098602355,40.6023941168603],[-105.088283126428,40.6025488275048],[-105.088428165002,40.6026824692114],[-105.088528355156,40.6027895324651],[-105.088601262673,40.6029400690264],[-105.088661102707,40.6031670805964],[-105.08868298302,40.6032788396769],[-105.088687764217,40.60337270096],[-105.088670633047,40.6035596366173],[-105.088468703748,40.6035599185352],[-105.088462713563,40.6038049461837],[-105.088447404888,40.6041042156318],[-105.088434887279,40.6047903247],[-105.088424617855,40.6053532481153],[-105.08839051071,40.6071657885317],[-105.086039926032,40.6071805735517],[-105.086006860448,40.6093921364183],[-105.086000272834,40.6098326739208],[-105.085994824956,40.6101801276801],[-105.085991420731,40.6103972881785],[-105.085572007671,40.6097558943608],[-105.085453115713,40.6095740745575],[-105.084861892385,40.6095866006533],[-105.084661042166,40.6095860216467],[-105.084084809813,40.6095801917433],[-105.083415830892,40.6095736856466],[-105.083034088465,40.6095689357592],[-105.082670334623,40.6095658854517],[-105.08245423589,40.6095640384948],[-105.082185035106,40.6095613412557],[-105.081911313043,40.6095590693207],[-105.081642107401,40.6095573533146],[-105.081373813396,40.6095524934225],[-105.081264482292,40.60955218376],[-105.081268582661,40.60931703809],[-105.079680732444,40.6093027683871],[-105.078389046842,40.6092911472498],[-105.078115342521,40.6092886809299],[-105.077601602082,40.6092840550052],[-105.077601841988,40.6092749755663],[-105.077382444846,40.6092714663977],[-105.076737495017,40.6092675649456],[-105.076665837467,40.6092654346949],[-105.076521502883,40.6092667880215],[-105.076502116472,40.6106201292291],[-105.073366345545,40.6105665330268],[-105.073082681226,40.610550676626],[-105.072581567693,40.6104826163007],[-105.071951370782,40.61046520269],[-105.07171280938,40.6104564332417]]]},"properties":{"FID":21,"OG_CODE":6552,"CDE_Code":"7218","School":"Putnam","SchoolFull":"Putnam Elementary","Address":"1400 Maple St","Loc_Code":"169","BldgID":91690,"ArticArea":"Poudre HS","City":"Fort Collins","State":"CO","Zip":80521,"Phone":"970-488-7700","Shape_Leng":45922.4009575,"Shape_Area":68636903.6369,"Shape__Area":11072175.46484375,"Shape__Length":18439.578628112569,"RIC":"30","RICNC":"51","FCI":"31","NSC":"38","FCA":20.5,"FCA_Remain":9.5}},{"type":"Feature","id":22,"geometry":{"type":"Polygon","coordinates":[[[-105.084279142922,40.5870666682369],[-105.083395240855,40.5870631625694],[-105.082503234636,40.5870599642098],[-105.080703026007,40.587052802355],[-105.079246138971,40.5870472522292],[-105.078972123662,40.5870462066447],[-105.077783985704,40.5870415566708],[-105.07703600122,40.5870384959756],[-105.07704595472,40.5855912738295],[-105.077055376641,40.584229141542],[-105.077064826086,40.5828625483562],[-105.07707344166,40.5814853141712],[-105.077082933281,40.5801118578152],[-105.077094597035,40.5781033022071],[-105.077091897483,40.5769521388196],[-105.077091479629,40.5767311711902],[-105.077082461986,40.5753610813962],[-105.077089100737,40.5743029011372],[-105.077084245075,40.5737151557154],[-105.078932698554,40.573721863361],[-105.079036801095,40.5736241092664],[-105.079045561794,40.572361473602],[-105.079051044937,40.571480714159],[-105.079055182294,40.5708161133713],[-105.078997475972,40.5671059286532],[-105.079002425513,40.5658664800766],[-105.079018597252,40.5653132508767],[-105.079034497998,40.564803701731],[-105.079128154161,40.5640711770026],[-105.079208258275,40.5634794256862],[-105.079410533452,40.5634808266716],[-105.081720974864,40.5635007398462],[-105.081782300618,40.5635012423219],[-105.08177040864,40.5638851564963],[-105.081750628252,40.5645237848324],[-105.081750625295,40.5645238811824],[-105.081750738506,40.564523905905],[-105.082413772853,40.5646756688083],[-105.08278154306,40.5646211718789],[-105.083436852449,40.5644946673804],[-105.083666217309,40.5644744318155],[-105.08390495778,40.5643103160067],[-105.083961540937,40.5642684633296],[-105.084013969766,40.5642235741582],[-105.08406196488,40.5641758877096],[-105.084105270519,40.5641256581072],[-105.084367309345,40.5637961355237],[-105.084398102342,40.5637514405655],[-105.084421490883,40.5637042073747],[-105.084437123303,40.563655146176],[-105.08444476456,40.5636049946795],[-105.084444299775,40.5635545069875],[-105.084435735954,40.5635044422564],[-105.084419201885,40.5634555532808],[-105.084394946197,40.5634085751746],[-105.084456482084,40.5633765980268],[-105.084533031918,40.5633819949109],[-105.084616512324,40.5633853991626],[-105.084700087875,40.5633838679584],[-105.084783257632,40.5633774104761],[-105.084865523092,40.5633660654204],[-105.085447001798,40.5632680104787],[-105.085806059722,40.5633230972039],[-105.085881770257,40.5633320723708],[-105.085958202076,40.5633361623698],[-105.086041314635,40.5633350418724],[-105.086123947022,40.5633281466447],[-105.086202792967,40.5633160321403],[-105.086279929918,40.5632986595947],[-105.086354756245,40.5632761645053],[-105.086426688341,40.5632487223231],[-105.086495165175,40.5632165470835],[-105.086493438887,40.5635299635951],[-105.086491923394,40.5638044619164],[-105.086489979368,40.5641600484624],[-105.08648849833,40.564407084967],[-105.086487136064,40.5646337303382],[-105.086485698117,40.5648737164258],[-105.086484214675,40.5651207546755],[-105.086482725836,40.5653690599873],[-105.086482697543,40.565561202125],[-105.086482683272,40.5656616386872],[-105.086482670309,40.56574969516],[-105.086482643691,40.5659363492304],[-105.086482615387,40.5661284931399],[-105.086482585907,40.5663206361346],[-105.086482557614,40.566512778223],[-105.08648253049,40.5667049221068],[-105.08648250101,40.5668970650718],[-105.086482471448,40.5671029326589],[-105.086371676579,40.5672477369142],[-105.086364765877,40.5686730961474],[-105.086362277987,40.5687782545001],[-105.086916630806,40.5687811473109],[-105.086927197219,40.5694084020018],[-105.086935067595,40.5694458295589],[-105.086938593721,40.5694578511301],[-105.086947445718,40.569481900665],[-105.086958104932,40.5695049272716],[-105.086964334871,40.5695162722147],[-105.086978596594,40.5695386253841],[-105.086994664357,40.5695599556194],[-105.087012536067,40.5695806060281],[-105.087022373893,40.5695905913191],[-105.087043855587,40.5696095389657],[-105.087054599581,40.5696184981252],[-105.087089539581,40.5696440127515],[-105.087115543722,40.569659202172],[-105.08712810005,40.5696661090662],[-105.087155916524,40.5696792462189],[-105.087170276797,40.569685473282],[-105.087199007824,40.5696962118623],[-105.087229546985,40.5697055843914],[-105.087244819711,40.5697097559908],[-105.087275373544,40.5697167267511],[-105.087306837728,40.5697219851564],[-105.087323024994,40.5697237581824],[-105.087694294251,40.5697407180151],[-105.087795338843,40.5697453341207],[-105.087831369377,40.5697396288734],[-105.087849381505,40.5697372909077],[-105.087886295177,40.5697343336979],[-105.087905196721,40.5697337144534],[-105.087923196299,40.5697334351251],[-105.087960084877,40.5697345951895],[-105.087978975967,40.5697356914737],[-105.088014947949,40.5697395931972],[-105.08803382859,40.5697424050132],[-105.088051807268,40.5697455567464],[-105.088069781767,40.569749394693],[-105.088104824627,40.5697580967147],[-105.088138956263,40.5697688541917],[-105.088172178495,40.5697809808999],[-105.088188334454,40.5697879004274],[-105.088203588452,40.569795159874],[-105.088227834938,40.5698034805089],[-105.088246686356,40.5698110958041],[-105.0882655336,40.5698193973125],[-105.088283474705,40.5698287249561],[-105.088300513846,40.5698383934196],[-105.088316648943,40.5698487440104],[-105.088331879991,40.5698597776295],[-105.088347106866,40.5698714974627],[-105.088360531905,40.5698835540311],[-105.088373952772,40.569896296814],[-105.08838646959,40.5699097226263],[-105.088398084448,40.5699234883601],[-105.088407897468,40.5699375908305],[-105.088417708403,40.569952036408],[-105.088425715411,40.569967161831],[-105.088432822544,40.5699822840683],[-105.088439027715,40.5699977462283],[-105.088444330922,40.5700135483112],[-105.088448734253,40.5700293472089],[-105.08845223562,40.5700454860296],[-105.08845393723,40.5700616184805],[-105.088454738963,40.5700777477466],[-105.088454638728,40.5700942169359],[-105.088452740823,40.5701103366474],[-105.088449934215,40.570571474816],[-105.088447944087,40.5708984576879],[-105.089840347017,40.570910719606],[-105.091831430125,40.5709282251809],[-105.095869359268,40.5709523193457],[-105.095991571394,40.5709530466002],[-105.095982063648,40.5717912459169],[-105.095973242364,40.5726651314014],[-105.095965372158,40.573379813698],[-105.095952487041,40.5746324845039],[-105.096652996724,40.5746387274563],[-105.097020130849,40.5746419976998],[-105.097151125759,40.5746431648032],[-105.09847494228,40.5746549458474],[-105.098698139712,40.574653657587],[-105.098873676082,40.574646371557],[-105.099049241751,40.5746339386398],[-105.09926719379,40.574609580366],[-105.099396873928,40.5745922473275],[-105.099749755862,40.5745756204322],[-105.10071995775,40.5745679759347],[-105.104974753725,40.5746041229219],[-105.105520086525,40.5746114638945],[-105.105990656427,40.5746302149304],[-105.105991637947,40.5748010596883],[-105.10599269568,40.5749849718745],[-105.105996205234,40.5755957369498],[-105.105998700044,40.5760298097604],[-105.105996640205,40.5760744076844],[-105.105993818363,40.5760953281166],[-105.105986378751,40.5761364766665],[-105.105980861019,40.5761567017349],[-105.105974443324,40.5761769237537],[-105.105959811992,40.5762166763762],[-105.105950696398,40.5762365461374],[-105.105940684837,40.5762557266327],[-105.105929773308,40.5762749040774],[-105.105906156305,40.5763122235406],[-105.105892550867,40.5763303625088],[-105.105878047459,40.5763481553175],[-105.105863548043,40.5763652619086],[-105.105848148657,40.5763823654476],[-105.105796567487,40.5764305697742],[-105.105758594932,40.5764602920232],[-105.105717934453,40.5764879464591],[-105.105700773088,40.5764985248271],[-105.105674586051,40.5765135330791],[-105.105652016875,40.5765254655617],[-105.105621329987,40.5765404585429],[-105.105605990541,40.5765472688147],[-105.105558178257,40.57656666419],[-105.105507682061,40.5765833055245],[-105.105502274255,40.5765846596385],[-105.105501799447,40.5766636077047],[-105.105495180727,40.5773708578199],[-105.105494522068,40.5774479131625],[-105.105488238758,40.5774478918479],[-105.105476689999,40.5774484983742],[-105.105476538816,40.5774484987619],[-105.105476538384,40.5774487752333],[-105.10546769754,40.5791170765985],[-105.105457786133,40.5795464717321],[-105.105442402211,40.5802128987814],[-105.105442845758,40.5805178018673],[-105.105443231349,40.5807826450225],[-105.105443728628,40.581124488401],[-105.105444018826,40.5813239107576],[-105.105458389263,40.5813291062203],[-105.105470069625,40.5813325769851],[-105.105502408626,40.5813433232212],[-105.105535641662,40.5813551018229],[-105.105599403674,40.5813793360561],[-105.105621851388,40.5813885051522],[-105.105644299113,40.5813976733435],[-105.105989808233,40.5815710876559],[-105.106338938057,40.5817410829425],[-105.106353286676,40.5817500524747],[-105.10631870973,40.5818144408888],[-105.106312331557,40.5818278007484],[-105.106307745463,40.5818425391303],[-105.1063040634,40.5818565943439],[-105.106300279436,40.5818881480307],[-105.10629930747,40.5819004968475],[-105.10629919558,40.5819197108573],[-105.106300885764,40.5819385878531],[-105.106303497965,40.5819536937149],[-105.106303823661,40.5819549637091],[-105.10631053843,40.5819811666731],[-105.106318554861,40.5819956045995],[-105.106356801025,40.5820739649615],[-105.106409375205,40.5821650681173],[-105.106468264617,40.5822534477026],[-105.106554921736,40.5823649098337],[-105.106586939954,40.5824308960366],[-105.106611745895,40.5824989165189],[-105.106630245568,40.5825679459081],[-105.106635323344,40.5825994368134],[-105.10664153892,40.5826379793621],[-105.106646527968,40.5827086777202],[-105.106643418581,40.5827790055733],[-105.10663310879,40.5828493090723],[-105.106615604561,40.5829185588934],[-105.106590905867,40.5829867559341],[-105.106559916745,40.583053215219],[-105.106521739116,40.5831175914915],[-105.106477275014,40.5831795446828],[-105.106427428478,40.5832383916172],[-105.106352297202,40.5833112206264],[-105.106238384563,40.5833976428545],[-105.106120895383,40.5834799363913],[-105.105998029561,40.583558093327],[-105.105870687157,40.5836321175954],[-105.105738868999,40.583701666071],[-105.105603477523,40.5837667417988],[-105.10544962949,40.5838326129953],[-105.105321077085,40.583882443475],[-105.105170456711,40.5839347718048],[-105.104961170673,40.5840146929236],[-105.104983778329,40.584458759975],[-105.104984610238,40.5844704286717],[-105.104984528042,40.5844844960609],[-105.10498541809,40.5844862146531],[-105.104985363961,40.5844954785435],[-105.104986254009,40.5844971971356],[-105.104986209904,40.5845047454907],[-105.104987099952,40.5845064640828],[-105.104987063866,40.5845126400097],[-105.104987953914,40.5845143586018],[-105.104988809881,40.5845219100138],[-105.104989673868,40.5845280889975],[-105.104989645801,40.5845328924961],[-105.10499053585,40.5845346110882],[-105.104990509788,40.5845390714798],[-105.104991399837,40.5845407900719],[-105.104992273847,40.5845452535203],[-105.104992255805,40.5845483414837],[-105.104993145853,40.5845500600758],[-105.104994019864,40.5845545235242],[-105.104994001822,40.5845576114876],[-105.104994891871,40.5845593300796],[-105.104995765882,40.584563793528],[-105.104995747839,40.5845668814914],[-105.104997519918,40.5845716911036],[-105.10499839393,40.5845761545519],[-105.10499927596,40.5845792455721],[-105.104999257918,40.5845823335355],[-105.105001021979,40.5845885155758],[-105.105001912029,40.5845902341677],[-105.105001893986,40.5845933221311],[-105.105002778022,40.5845960700442],[-105.105004542084,40.5846022520844],[-105.105005424115,40.5846053431045],[-105.105006306146,40.5846084341246],[-105.105007188177,40.5846115251447],[-105.105008070208,40.5846146161648],[-105.10500895224,40.5846177071848],[-105.105009834271,40.5846207982049],[-105.105010718307,40.5846235461179],[-105.105012490389,40.5846283557297],[-105.105013372421,40.5846314467498],[-105.105014256457,40.5846341946627],[-105.10501602854,40.5846390042745],[-105.105016912576,40.5846417521875],[-105.105018684659,40.5846465617993],[-105.105019568696,40.5846493097122],[-105.105021340779,40.5846541193239],[-105.105023114867,40.5846585858285],[-105.105024888955,40.5846630523331],[-105.105026663043,40.5846675188377],[-105.105028437132,40.5846719853423],[-105.105030211221,40.5846764518468],[-105.105032877366,40.5846822938359],[-105.105034651456,40.5846867603404],[-105.105037317601,40.5846926023294],[-105.1050408738,40.5847001629099],[-105.105043539947,40.5847060048988],[-105.105047990208,40.5847145978566],[-105.105052438465,40.5847235339213],[-105.105057780785,40.5847335023631],[-105.105058670838,40.5847352209546],[-105.105066689333,40.5847493158493],[-105.105068471438,40.5847524108255],[-105.105093445059,40.5847916105983],[-105.105095237193,40.5847929891385],[-105.105104157782,40.5848067439793],[-105.105105949917,40.5848081225194],[-105.105112194332,40.5848177509074],[-105.105113986467,40.5848191294473],[-105.105120240905,40.5848270422997],[-105.105124701204,40.5848339197192],[-105.10512649334,40.5848352982589],[-105.105130063584,40.5848404570873],[-105.105132313457,40.5848425414197],[-105.105134531901,40.5848459620783],[-105.105136324038,40.5848473406178],[-105.105139002223,40.5848511239621],[-105.105140794359,40.5848525025015],[-105.105143472545,40.5848562858457],[-105.105145264682,40.5848576643851],[-105.105147942868,40.5848614477292],[-105.105149735005,40.5848628262685],[-105.105153313268,40.584866612668],[-105.105155989451,40.584870739119],[-105.105158675654,40.5848731500347],[-105.105423707762,40.585112513544],[-105.105498980109,40.5851700688806],[-105.105582997156,40.5852399906079],[-105.105602887046,40.5852565437259],[-105.105701369741,40.5853471165516],[-105.105793535286,40.5854407559044],[-105.105880281389,40.5855374648409],[-105.105960709134,40.5856372403277],[-105.10602231524,40.5857232283543],[-105.106412501931,40.5864207279402],[-105.106423191238,40.5864399784756],[-105.106533425808,40.58714099124],[-105.105332688858,40.5871355507229],[-105.103710692948,40.5871300357645],[-105.10224081649,40.5871250184916],[-105.101501820615,40.5871235183285],[-105.100973463014,40.5871206775972],[-105.099975243854,40.5871172488102],[-105.099139936743,40.5871154023677],[-105.098588176543,40.5871124701442],[-105.097488239507,40.5871096982687],[-105.095821245721,40.58710288822],[-105.094123638375,40.5870976630259],[-105.093650181551,40.587096009932],[-105.091603805637,40.587089796454],[-105.091442211423,40.587089304604],[-105.089705002203,40.5870835326932],[-105.087907484138,40.5870778642937],[-105.086089253453,40.5870738099784],[-105.085200850674,40.5870703020166],[-105.084279142922,40.5870666682369]]]},"properties":{"FID":22,"OG_CODE":6120,"CDE_Code":"2298","School":"Dunn","SchoolFull":"Dunn Elementary","Address":"501 S Washington Ave","Loc_Code":"121","BldgID":91210,"ArticArea":"Poudre HS","City":"Fort Collins","State":"CO","Zip":80521,"Phone":"970-488-4825","Shape_Leng":34636.8621083,"Shape_Area":48385507.4357,"Shape__Area":7800953.4765625,"Shape__Length":13907.812111989162,"RIC":"78","RICNC":"25","FCI":"13","NSC":"97","FCA":18.93,"FCA_Remain":11.07}},{"type":"Feature","id":23,"geometry":{"type":"Polygon","coordinates":[[[-105.019977395774,40.4874232006377],[-105.020187426008,40.4802665195032],[-105.020285934133,40.4729586897617],[-105.020361052526,40.4656516835366],[-105.020394575687,40.4582871500753],[-105.02049017328,40.4582879916819],[-105.02099836005,40.4582617965886],[-105.021532979341,40.4582634177132],[-105.022067306159,40.4582643822405],[-105.022587725408,40.4582653186352],[-105.025451399159,40.4582704326945],[-105.029159359452,40.4582783190282],[-105.029919796573,40.4582929409986],[-105.029917741769,40.4585835769045],[-105.029863194784,40.4657321521076],[-105.029588694743,40.4729442543157],[-105.032873937705,40.4729383014317],[-105.0370175811,40.4729336830794],[-105.039286373684,40.4729316903889],[-105.039359152098,40.4729333579388],[-105.039438747646,40.4729324650867],[-105.039438080849,40.473000336342],[-105.039421072173,40.4747317743282],[-105.039416709253,40.475175911811],[-105.039411110611,40.4757458864681],[-105.039399900334,40.4768516410084],[-105.039379622411,40.4801932437998],[-105.039365496885,40.4850200774578],[-105.039364385794,40.4860177990517],[-105.039361643071,40.4876530288794],[-105.03935891766,40.488115143578],[-105.03935725942,40.4883963093012],[-105.039356289414,40.4885607184281],[-105.039354569266,40.4888523667074],[-105.039351342707,40.4893993893134],[-105.039350780918,40.4894946106349],[-105.039347546832,40.4900429038526],[-105.039345835165,40.4903331210271],[-105.039344608652,40.490540420396],[-105.03934297182,40.4908163419211],[-105.039341353206,40.4910892375292],[-105.039335966989,40.4919974710366],[-105.039334631792,40.4922226402219],[-105.039333464696,40.4924194641115],[-105.039332940619,40.4924971745145],[-105.03932834419,40.4930975851414],[-105.039324442748,40.4936144024495],[-105.039320177616,40.4946461092364],[-105.039319481807,40.4947483571732],[-105.039313017542,40.4972833298871],[-105.039311006495,40.4983713663524],[-105.039479208652,40.4983679176563],[-105.043590580791,40.4983737467045],[-105.043788335486,40.498374032737],[-105.048393440613,40.4983803798674],[-105.048436198167,40.4983827156026],[-105.048448749089,40.5001374689102],[-105.048405677849,40.5001361856486],[-105.043822355833,40.5001281931961],[-105.043549045767,40.5001277526668],[-105.039777648813,40.5001223559337],[-105.039514290712,40.5001219750589],[-105.039306249019,40.5001271102222],[-105.03930492612,40.5006998928625],[-105.039303295437,40.5014064721921],[-105.039301681905,40.5029115370909],[-105.03930215498,40.5040308069146],[-105.039301531474,40.506074409084],[-105.039301791137,40.5091035328939],[-105.037391486198,40.5091236005803],[-105.035855484446,40.5091322031976],[-105.033870247629,40.5091432905239],[-105.032133731694,40.509152961999],[-105.029576768666,40.5091671548567],[-105.029573362636,40.5092601280534],[-105.029582267997,40.5095401499283],[-105.029584232004,40.5096458205638],[-105.029586196024,40.5097514902958],[-105.029589599475,40.5099347528603],[-105.029592082919,40.5100678897594],[-105.029594051595,40.5101728930676],[-105.029599452373,40.5104309012529],[-105.029600214734,40.5105013362063],[-105.029600263766,40.5105701670343],[-105.02960137132,40.5107004362893],[-105.029602255335,40.5108042986536],[-105.029606214318,40.5110101860506],[-105.029613247418,40.5114216177098],[-105.029617213512,40.5116275105063],[-105.029621171409,40.5118333978553],[-105.029625137588,40.5120392852267],[-105.029630329645,40.5123275330931],[-105.029637708375,40.5127084596928],[-105.029642899855,40.5129767713218],[-105.029659845815,40.5139022374213],[-105.029689343017,40.5154800381305],[-105.029692730673,40.5156661642089],[-105.02969547353,40.5158085572361],[-105.029706014143,40.5160000067695],[-105.029710238337,40.5162257230618],[-105.029711487473,40.5163039084821],[-105.029712508747,40.5163904314606],[-105.02971496325,40.5165551405976],[-105.02971830867,40.5167198533335],[-105.029721450423,40.5168118207935],[-105.029525269681,40.5168340157249],[-105.029227637893,40.5168338422468],[-105.029158837615,40.5167711144624],[-105.028370257306,40.516769288683],[-105.027513339164,40.516767179676],[-105.026425335174,40.5167641227056],[-105.025407465069,40.5167616851597],[-105.023766465316,40.5167573725623],[-105.023628373461,40.5168309234358],[-105.02033634619,40.5168296024193],[-105.020101507094,40.5168300529222],[-105.020078585528,40.5161633512139],[-105.020024709319,40.5145044744652],[-105.020010575228,40.5140748968599],[-105.019992104219,40.5135134794314],[-105.019960176671,40.5125430454368],[-105.019915237139,40.5111771051409],[-105.019913759513,40.5111317411716],[-105.019898255204,40.510655831522],[-105.019851743887,40.5092275609681],[-105.019863045926,40.5073809194505],[-105.01986676749,40.5068562996622],[-105.019874504027,40.5056389310179],[-105.01988171682,40.504498186973],[-105.0198892559,40.5033057521853],[-105.019897814202,40.5019724094095],[-105.019905438166,40.5011510036639],[-105.019923953209,40.4993009560927],[-105.019938530638,40.4978155359919],[-105.019969332636,40.4946765181887],[-105.019993375669,40.4922601130045],[-105.020020453916,40.4901662148974],[-105.020027174345,40.4896312484979],[-105.019977395774,40.4874232006377]]]},"properties":{"FID":23,"OG_CODE":1304,"CDE_Code":"0490","School":"Bacon","SchoolFull":"Bacon Elementary","Address":"5844 South Timberline Rd","Loc_Code":"101","BldgID":91010,"ArticArea":"Fossil Ridge HS","City":"Fort Collins","State":"CO","Zip":80528,"Phone":"970-488-5300","Shape_Leng":58500.9309283,"Shape_Area":94052645.2997,"Shape__Area":15123895.38671875,"Shape__Length":23479.851769681813,"RIC":"58","RICNC":"60","FCI":"32","NSC":"73","FCA":14.97,"FCA_Remain":15.03}},{"type":"Feature","id":24,"geometry":{"type":"Polygon","coordinates":[[[-104.992298995503,40.5233007317276],[-104.99203539388,40.5166101370016],[-104.991845952376,40.5115211832074],[-104.991719774345,40.5085824740575],[-104.991842837774,40.4867679996762],[-105.000988825858,40.4868677800031],[-105.001032760747,40.4868682605614],[-105.019977395774,40.4874232006377],[-105.020027174345,40.4896312484979],[-105.020020453916,40.4901662148974],[-105.019993375669,40.4922601130045],[-105.019969332636,40.4946765181887],[-105.019938530638,40.4978155359919],[-105.019923953209,40.4993009560927],[-105.019905438166,40.5011510036639],[-105.019897814202,40.5019724094095],[-105.0198892559,40.5033057521853],[-105.01988171682,40.504498186973],[-105.019874504027,40.5056389310179],[-105.01986676749,40.5068562996622],[-105.019863045926,40.5073809194505],[-105.019851743887,40.5092275609681],[-105.019898255204,40.510655831522],[-105.019913759513,40.5111317411716],[-105.019915237139,40.5111771051409],[-105.019960176671,40.5125430454368],[-105.019992104219,40.5135134794314],[-105.020010575228,40.5140748968599],[-105.020024709319,40.5145044744652],[-105.020078585528,40.5161633512139],[-105.020101507094,40.5168300529222],[-105.020172033771,40.5189530146923],[-105.020242560088,40.5210644991497],[-105.020316804521,40.5232765691498],[-105.020319292285,40.5233829514494],[-105.015554001704,40.5233487526108],[-105.010664970296,40.5233073657445],[-105.007451008323,40.5232912653874],[-105.003171862403,40.5232600881018],[-105.001320822153,40.5232399823325],[-104.99566337085,40.523343779605],[-104.993472803392,40.523321974749],[-104.992298995503,40.5233007317276]]]},"properties":{"FID":24,"OG_CODE":1305,"CDE_Code":"0477","School":"Zach","SchoolFull":"Zach Elementary","Address":"3715 Kechter Rd","Loc_Code":"193","BldgID":91930,"ArticArea":"Fossil Ridge HS","City":"Fort Collins","State":"CO","Zip":80528,"Phone":"970-488-5100","Shape_Leng":42034.3238321,"Shape_Area":103322407.738,"Shape__Area":16622400.58203125,"Shape__Length":16868.26592136937,"RIC":"80","RICNC":"56","FCI":"24","NSC":"100","FCA":16.52,"FCA_Remain":13.48}},{"type":"Feature","id":25,"geometry":{"type":"Polygon","coordinates":[[[-105.362770126136,40.6825324154404],[-105.362628372059,40.6680341109128],[-105.357490893996,40.6680532333187],[-105.353003501527,40.6680700481629],[-105.348191967574,40.6680875485648],[-105.345262446737,40.6680985219395],[-105.343379528353,40.6681055360652],[-105.33856390683,40.6683219812845],[-105.333749153969,40.6685389094445],[-105.328933468983,40.6687556372074],[-105.326334423417,40.668872734576],[-105.324118659302,40.6689725174963],[-105.319987131991,40.6689851985316],[-105.31933498517,40.6689871451023],[-105.314551324535,40.6690019409535],[-105.309768555977,40.6690127460268],[-105.304992124521,40.6690223332831],[-105.300191288415,40.6690492017359],[-105.295388650102,40.6690768867233],[-105.290586891202,40.6691074676732],[-105.28578423396,40.6691381884958],[-105.28061527504,40.6692905105175],[-105.275619667508,40.6693424098567],[-105.270625847662,40.669394438842],[-105.265631124838,40.6694462518876],[-105.265774493001,40.6657880202314],[-105.265917844432,40.6621301301859],[-105.266061180352,40.6584722305603],[-105.266204482377,40.6548138260374],[-105.26594509292,40.6511480697417],[-105.26568572037,40.64748180277],[-105.265693745523,40.647208925766],[-105.265750369467,40.6452843459551],[-105.265792138969,40.6438708269392],[-105.265846028945,40.6420505466465],[-105.26589904391,40.6402598418828],[-105.261188061248,40.6402905888349],[-105.256477057779,40.6403211396974],[-105.256466308071,40.6330571940286],[-105.259819233527,40.6330357417735],[-105.261222280915,40.6330267368476],[-105.261213082996,40.6315092319599],[-105.260990996724,40.6314436722132],[-105.260853309469,40.6314090786762],[-105.260706666346,40.6313603991696],[-105.2604223342,40.631278154746],[-105.260004806522,40.6311650985149],[-105.259838114292,40.6311102960938],[-105.259650974414,40.630919949076],[-105.259080641111,40.6308969524501],[-105.258786022732,40.6309006315302],[-105.258339462498,40.6308896974529],[-105.258031730042,40.6308876289403],[-105.257832712572,40.6309186665224],[-105.257581134975,40.6309553127577],[-105.257250724415,40.6309975125126],[-105.257068668078,40.6310085695737],[-105.256911065515,40.6310025220638],[-105.256667204037,40.6309805678357],[-105.256462897349,40.630948956485],[-105.256462776237,40.6308750035606],[-105.256461497719,40.6300895778543],[-105.255759638442,40.6299560747401],[-105.255760125319,40.629442136026],[-105.255760951724,40.628571733596],[-105.255762359262,40.6272136168662],[-105.256402316526,40.6271894951812],[-105.256251670284,40.6270773564038],[-105.256155360858,40.6269981111229],[-105.256075966536,40.6270354308364],[-105.255982316922,40.6270304301146],[-105.255863029478,40.6270179154251],[-105.255746754827,40.627042033002],[-105.2554221641,40.6271401663353],[-105.255279618453,40.6272077975011],[-105.255168874424,40.627227789026],[-105.255094642575,40.6273027977301],[-105.255053764228,40.6273925122434],[-105.254840920708,40.6274786199664],[-105.254585154815,40.6277189415609],[-105.254280076221,40.627900487084],[-105.254097331668,40.6278160361587],[-105.254110526664,40.6277148536015],[-105.254070684137,40.6275264024425],[-105.253760697564,40.6270748990627],[-105.253517684845,40.6270311548889],[-105.253213384639,40.626478058905],[-105.252981487254,40.6263763987889],[-105.25289382061,40.6263339077713],[-105.252725804215,40.6264690793713],[-105.252508883426,40.626558270264],[-105.252267403375,40.626586575748],[-105.251845058354,40.6265712663538],[-105.251844763461,40.6266515529336],[-105.251841386444,40.6273257532477],[-105.249507802631,40.6273207540994],[-105.248510785855,40.627318603962],[-105.248504537923,40.6258466023013],[-105.248500714371,40.624943585415],[-105.248425309588,40.6248758319775],[-105.248343623195,40.624803600901],[-105.248034423732,40.6248794458581],[-105.247736272785,40.6248914967664],[-105.247517771681,40.6247990664078],[-105.247300567523,40.6245992501589],[-105.247119530425,40.624453615982],[-105.246831357549,40.6243553099377],[-105.24660028607,40.6242522186439],[-105.246503399345,40.6241501054623],[-105.246416403904,40.6240528136599],[-105.246179348358,40.6238646158791],[-105.246092248005,40.6237954629604],[-105.246007070177,40.623694401517],[-105.245816512699,40.6233563680024],[-105.24533706407,40.6229662352027],[-105.245172459175,40.6229126886186],[-105.244983689079,40.62281861109],[-105.244641037424,40.6226926234401],[-105.244523298453,40.6226285478065],[-105.243952477692,40.6222115857112],[-105.246904286088,40.6222448493814],[-105.2472238026,40.6222484453958],[-105.247303925929,40.6199581399161],[-105.249305630023,40.6199502894324],[-105.249590778796,40.6204446516446],[-105.249544198129,40.6222395993322],[-105.251860773184,40.6222307213718],[-105.251945381044,40.6186264532068],[-105.25193568809,40.6173454947588],[-105.251904465126,40.6132194516211],[-105.251890814239,40.6114128016486],[-105.247153563646,40.6114166740423],[-105.247709563929,40.6028600186033],[-105.247973179063,40.598805364109],[-105.248236757952,40.5947503585983],[-105.257740713971,40.5946796142469],[-105.264557471622,40.5946645401633],[-105.267184951209,40.5946587561424],[-105.27639086536,40.5943086570007],[-105.279936718886,40.5941772742221],[-105.280822463784,40.5941445390679],[-105.286223455268,40.5938876140315],[-105.295852098046,40.5938884412275],[-105.300471874028,40.5938809972913],[-105.305455377145,40.5938727612139],[-105.305512508775,40.5896119040718],[-105.305528903039,40.58653704957],[-105.305568900158,40.5792020631052],[-105.30555875773,40.5720872598925],[-105.305607552935,40.5688871240198],[-105.305668723568,40.5616924720216],[-105.305680202227,40.5576976124884],[-105.305679711246,40.5571172765536],[-105.305677790305,40.5548516839661],[-105.30567689409,40.5536817453869],[-105.305675330588,40.5510756476964],[-105.305674954184,40.5504451874061],[-105.31108752428,40.5504855361188],[-105.315145950638,40.5505151454968],[-105.324614506465,40.5505905916784],[-105.343435705745,40.550600648321],[-105.36309055486,40.5498702629666],[-105.382660884118,40.5499074530015],[-105.385107982023,40.5497768906806],[-105.387553461165,40.5496463698454],[-105.392446904933,40.5493864603557],[-105.397341211353,40.5491266860696],[-105.402244783362,40.5488633184129],[-105.402650231505,40.5488416660482],[-105.402841695221,40.5451941700481],[-105.403052443767,40.5410926357983],[-105.403234487622,40.5378679595223],[-105.403337857237,40.5360206637814],[-105.403440312813,40.534189584581],[-105.408126349772,40.5341254448201],[-105.413306880511,40.5340477101002],[-105.418033618996,40.5339290466757],[-105.423253944276,40.5337953624086],[-105.426249082155,40.5337877656017],[-105.430324162949,40.5338248636523],[-105.432680600245,40.5338344899743],[-105.433727821358,40.5339394105859],[-105.43738227399,40.5343054732243],[-105.44208851646,40.534771803457],[-105.445055637199,40.5348963602585],[-105.445261644254,40.5349056855531],[-105.451455033308,40.5351858690507],[-105.460935399368,40.5356127526059],[-105.464131049564,40.5355322538434],[-105.466171763781,40.5354824233572],[-105.469141626257,40.535409840374],[-105.4702570477,40.5353825604174],[-105.471603900713,40.535349601647],[-105.475785278114,40.5352471795335],[-105.479687797652,40.5351371784571],[-105.482381168582,40.535128601559],[-105.485850697692,40.5350979955151],[-105.489034405028,40.5350698195824],[-105.498484897918,40.5349612102868],[-105.507361714188,40.5347626855943],[-105.508064184491,40.5347469988864],[-105.50916901911,40.5347223189788],[-105.510967242745,40.5346821268421],[-105.517464422968,40.5345365034775],[-105.521018287711,40.5346340118557],[-105.526880548982,40.5347942841544],[-105.532594077551,40.5349505436105],[-105.536608813558,40.5350604510588],[-105.555701584412,40.535882522215],[-105.565244833187,40.5361246015198],[-105.5691409356,40.5362247361073],[-105.57691923411,40.5363959514197],[-105.590138729142,40.5366857428634],[-105.591181811522,40.5367085438435],[-105.599386118938,40.5368910914173],[-105.60335818105,40.5369792622176],[-105.605015870751,40.5370160196465],[-105.618874132615,40.5373895403247],[-105.632728712366,40.5377723908397],[-105.646441117729,40.538013203668],[-105.658859640818,40.5381403916935],[-105.661095767107,40.5381627080566],[-105.670679838421,40.5382598574094],[-105.675456141181,40.5383048944937],[-105.680231542573,40.5383497421118],[-105.685008752273,40.5383950777903],[-105.687186079589,40.5384156799855],[-105.689785068895,40.5384402185861],[-105.6897783269,40.5401585073965],[-105.689770911478,40.5420492510763],[-105.689758027413,40.5453341921398],[-105.689756753184,40.5456585061897],[-105.689741694744,40.5492681069551],[-105.689727531032,40.5528773596962],[-105.689721490746,40.5564951672603],[-105.689715441566,40.5601129776515],[-105.689708498808,40.5637311309091],[-105.689702456537,40.567348928859],[-105.689697330638,40.5709732454198],[-105.689692197329,40.5745972180202],[-105.689686169155,40.5782215289146],[-105.68968104274,40.5818458347473],[-105.689679586287,40.5854972376706],[-105.689679036891,40.5891486300379],[-105.689678481333,40.5928003699423],[-105.689677930636,40.5964517549198],[-105.689689224742,40.6001542501258],[-105.689701421358,40.6038570732262],[-105.689735386777,40.6076157900524],[-105.68976490056,40.6113920068877],[-105.684921740254,40.6111826204747],[-105.68007861706,40.6109730306502],[-105.675235527172,40.6107635814321],[-105.670392458736,40.6105542755413],[-105.665548525798,40.6103447693296],[-105.660705526504,40.6101354015112],[-105.655862548961,40.6099258321147],[-105.651019609332,40.6097164069302],[-105.646176694559,40.609507119673],[-105.641333815706,40.6092976317253],[-105.636490067183,40.6090882890614],[-105.631647242,40.6088787446327],[-105.626857169504,40.6089286697725],[-105.622136406401,40.6089779863658],[-105.617358013896,40.6090237366724],[-105.612577815869,40.6090696328865],[-105.607784086674,40.6091081462703],[-105.602991255319,40.6091468008597],[-105.598238973225,40.6092061524947],[-105.593487576117,40.609265309311],[-105.588735278732,40.6093253003026],[-105.583982966264,40.6093854430071],[-105.57923334777,40.6094453897684],[-105.574482826738,40.6095054881284],[-105.569737771978,40.6096388134963],[-105.564993597742,40.6097719439471],[-105.560267423037,40.6099172226158],[-105.555541228026,40.6100623093069],[-105.550739352938,40.6101701849685],[-105.54593746253,40.6102778561534],[-105.541104056978,40.6104158796104],[-105.537150594901,40.6105291927762],[-105.53627063325,40.6105543948012],[-105.536756846607,40.6253916042578],[-105.527124661622,40.6255082733631],[-105.517492469634,40.6256247180102],[-105.513236065105,40.6254986771582],[-105.508787842641,40.6253673441739],[-105.504070357042,40.6253147644937],[-105.499352879977,40.6252623403005],[-105.480401046967,40.6251257606143],[-105.480410808525,40.6287613271616],[-105.48042056276,40.6323972311949],[-105.480428517164,40.6360471993167],[-105.480436474592,40.6396978506726],[-105.480393113406,40.6432335521189],[-105.480349740491,40.6467695830812],[-105.480305474778,40.6503066503161],[-105.480262092529,40.6538433663833],[-105.479953807707,40.6573779693952],[-105.479644581234,40.660912573118],[-105.479336231602,40.6644478586554],[-105.479320765559,40.6646251868071],[-105.479027841294,40.6679834854331],[-105.459603228302,40.6683839246839],[-105.440127324747,40.6684369616378],[-105.420676144054,40.6681251330457],[-105.401209578979,40.6679829687538],[-105.401227745602,40.6715848813078],[-105.401245904203,40.6751871294338],[-105.401264074702,40.6787890341347],[-105.401281344076,40.6823912736213],[-105.396339008946,40.6824044791083],[-105.393897487567,40.6824110554371],[-105.39156343705,40.6824172889606],[-105.386786951924,40.6824302488397],[-105.382009562999,40.682443351439],[-105.362770126136,40.6825324154404]]]},"properties":{"FID":25,"OG_CODE":3399,"CDE_Code":"8318","School":"Stove Prairie","SchoolFull":"Stove Prairie Elementary","Address":"3891 Stove Prairie Rd","Loc_Code":"181","BldgID":91810,"ArticArea":"Poudre HS","City":"Bellvue","State":"CO","Zip":80512,"Phone":"970-488-6575","Shape_Leng":360879.356436,"Shape_Area":4274668559.7,"Shape__Area":689562174.90625,"Shape__Length":144838.65391960647,"RIC":"21","RICNC":"16","FCI":"15","NSC":"26","FCA":15.58,"FCA_Remain":14.42}},{"type":"Feature","id":26,"geometry":{"type":"Polygon","coordinates":[[[-105.999988821227,40.9973081196238],[-105.992769584965,40.9973056206702],[-105.954930434061,40.9975031247718],[-105.936156517732,40.9973790547631],[-105.926632917154,40.9973290812981],[-105.922724455804,40.9973067854218],[-105.913759458736,40.9971875680679],[-105.885830368591,40.9971349014669],[-105.863018391181,40.9970869399793],[-105.862198214574,40.9970875153518],[-105.859605746984,40.9970892954822],[-105.83959369382,40.9969544804362],[-105.83824724651,40.9969493246558],[-105.828617007168,40.9969098657763],[-105.822756836078,40.9968857523526],[-105.813674447059,40.9970625542151],[-105.807994466899,40.9970562906204],[-105.749971193803,40.9969765123661],[-105.741603617283,40.9969626341259],[-105.740784815363,40.9969612438139],[-105.739946444467,40.9969619102594],[-105.729835908348,40.996969472722],[-105.719951046934,40.9969760215346],[-105.719131073044,40.9969765268138],[-105.714738474478,40.9969887149742],[-105.696081105148,40.9970386472681],[-105.692458052892,40.9970479979208],[-105.63537731382,40.9971805237943],[-105.634445551851,40.9971824568175],[-105.629982803316,40.9971864184406],[-105.629894569233,40.9937053205514],[-105.629904630771,40.985094268666],[-105.629925325628,40.9813603543625],[-105.629944708069,40.9778656589226],[-105.629963940244,40.9744288424197],[-105.629985042951,40.9706573474453],[-105.630016977028,40.9669490122861],[-105.630044786499,40.9637187800149],[-105.630062836471,40.9599402626204],[-105.630079508438,40.9565002813019],[-105.630088509107,40.9528156372512],[-105.630058231402,40.9491306894443],[-105.630027954641,40.9454457363764],[-105.629997683042,40.9417611175266],[-105.634827563012,40.9420331422746],[-105.639657475632,40.9423053087892],[-105.644486522021,40.9425776226815],[-105.649277255697,40.9428475250722],[-105.649305092359,40.9393383501821],[-105.649390457175,40.9288043637292],[-105.649399239151,40.9252624042994],[-105.649408931904,40.9217204326367],[-105.649050536066,40.9182159645585],[-105.648693082055,40.9147114832909],[-105.648668005778,40.8991982074196],[-105.643941230671,40.8987806447361],[-105.639173818551,40.8983613976894],[-105.634405561585,40.8979419580369],[-105.629638267158,40.8975223218656],[-105.626122763325,40.8982375184743],[-105.622182307567,40.8990384484895],[-105.618239951222,40.8998402791565],[-105.61429839751,40.9006423223918],[-105.609681505068,40.9004450774447],[-105.605065536253,40.9002480004673],[-105.600448690183,40.9000507374331],[-105.595832777659,40.8998539765049],[-105.590970240618,40.8998428240217],[-105.586108618244,40.8998318089226],[-105.58413785631,40.8998272859978],[-105.581246990356,40.8998205906869],[-105.576385371998,40.8998098527536],[-105.576502864064,40.8962451524899],[-105.576621254212,40.8926807934777],[-105.576738721724,40.8891164239429],[-105.576849132995,40.8857913889811],[-105.571863098006,40.8855401254823],[-105.567131384124,40.8855283045565],[-105.56249956238,40.8855504986343],[-105.557866840897,40.8855728490175],[-105.553127616692,40.8858684985992],[-105.548388351105,40.8861642962961],[-105.543647234893,40.8864605930621],[-105.538906982453,40.8867570392907],[-105.534254309845,40.8868542809977],[-105.529600719678,40.8869513385632],[-105.524947116227,40.8870485511605],[-105.520294403475,40.8871455836591],[-105.520229471691,40.8834011690274],[-105.52016544987,40.8796564023804],[-105.5201005313,40.8759119774057],[-105.520036517846,40.8721672067521],[-105.520010506388,40.8685222623752],[-105.519983587206,40.8648786811521],[-105.519979244664,40.8611290839542],[-105.519973998977,40.857379821328],[-105.515228432513,40.8574063323323],[-105.510456640626,40.8573835869076],[-105.506162090736,40.8573632553105],[-105.503298958902,40.857349611984],[-105.500913074907,40.8573381901286],[-105.500879072466,40.8536084801921],[-105.500850610977,40.8505681702532],[-105.500844161867,40.849879106557],[-105.500817388688,40.8461634502814],[-105.500789724417,40.8424474496181],[-105.495895212773,40.8424271886154],[-105.491000704067,40.8424068935377],[-105.486105310213,40.8423863949895],[-105.481209896776,40.8423658640895],[-105.476330761881,40.8423310621591],[-105.471451639157,40.842296058152],[-105.468122087059,40.842498912915],[-105.466544309448,40.8425950055668],[-105.461637839714,40.8428937542073],[-105.461662288546,40.8410671368636],[-105.461687310586,40.8391976637607],[-105.461737672347,40.8355015741636],[-105.461788035501,40.8318058201189],[-105.461839298038,40.8281093753853],[-105.461711701876,40.824406679186],[-105.461584119935,40.8207036367819],[-105.461457455008,40.8170009364576],[-105.46132990087,40.8132982255438],[-105.461334212324,40.8096003657329],[-105.461337620267,40.8059025018167],[-105.461339740345,40.804103659871],[-105.461341026059,40.8022056651725],[-105.461345334614,40.7985084774647],[-105.460438331085,40.7939006914951],[-105.459531458683,40.7892928966759],[-105.458623800416,40.7846850819075],[-105.457717174641,40.780077599954],[-105.457896049437,40.7774004879307],[-105.458110509146,40.7741933019516],[-105.458101650232,40.7705891820275],[-105.448521042628,40.7705393564606],[-105.443828629542,40.7704681945258],[-105.443789175537,40.7739833088567],[-105.439107310902,40.7739141180615],[-105.439118067202,40.7704035475737],[-105.434491115281,40.7704611211482],[-105.434493359896,40.766933413685],[-105.420438933221,40.7670497536737],[-105.420279017444,40.7601602050048],[-105.418382764605,40.7601829556734],[-105.417856524024,40.7601892688305],[-105.417281762418,40.7601961557488],[-105.415462593952,40.7602179365398],[-105.415349864368,40.755476655437],[-105.415335069381,40.7542181507488],[-105.415310761219,40.7530748260971],[-105.415137915624,40.7530791003096],[-105.41053716425,40.7531927820777],[-105.409284603416,40.7532041341833],[-105.407866858698,40.7532169696509],[-105.407869334048,40.753375251038],[-105.407460125887,40.7533789522677],[-105.407457650314,40.7532206699707],[-105.40709789083,40.7532239237893],[-105.405856608162,40.7532351273903],[-105.40586953867,40.7567839650623],[-105.401149703327,40.7568331570597],[-105.396260567654,40.7569065823548],[-105.396274301313,40.7539195538277],[-105.396277118001,40.7533070592951],[-105.401176939052,40.7532772963895],[-105.401073474488,40.7496316292435],[-105.400970029521,40.7459858739354],[-105.400964917231,40.7457961349751],[-105.400695574651,40.7455217511905],[-105.400394327643,40.7454562874287],[-105.400196711431,40.7454712028689],[-105.400092933836,40.7454831168789],[-105.400100608317,40.7452691650975],[-105.400887989716,40.7430945015731],[-105.400873842319,40.7425958274989],[-105.400850657312,40.7417786260869],[-105.400826833472,40.7409389228474],[-105.400803613499,40.7401205106708],[-105.400763441245,40.7387044405714],[-105.400742183351,40.7380260013919],[-105.400699937297,40.7366797713601],[-105.400651531906,40.7351126902029],[-105.399809869228,40.7345420273483],[-105.398984763118,40.734114745995],[-105.399025016467,40.7337314640681],[-105.400568105363,40.7325458602595],[-105.403268053836,40.732865651162],[-105.404312485308,40.734480357398],[-105.405580458609,40.7345095728557],[-105.405669120365,40.7344827976529],[-105.405681529831,40.734479049855],[-105.406019141357,40.7351073120431],[-105.406101494197,40.7352605546663],[-105.406108348212,40.7352745001186],[-105.40611271405,40.7352839977369],[-105.406116844228,40.7352935491959],[-105.406120763609,40.7353031527148],[-105.406124446147,40.7353128100735],[-105.40612790961,40.7353225131817],[-105.406131137435,40.7353322539216],[-105.406134145003,40.7353420395096],[-105.406136919298,40.7353518645323],[-105.406139457963,40.7353617217836],[-105.406141769281,40.7353716139717],[-105.40614385208,40.7353815320906],[-105.406145700444,40.7353914734341],[-105.406147314369,40.7354014425045],[-105.406148693868,40.7354114275955],[-105.406149838935,40.7354214350104],[-105.406150747225,40.7354314467373],[-105.406151429374,40.7354414771928],[-105.406151851616,40.7354511193182],[-105.406151868827,40.7354515119555],[-105.406152073872,40.7354615510319],[-105.406152044513,40.7354715908202],[-105.40615178075,40.7354816313202],[-105.406151288512,40.7354916653327],[-105.406150554777,40.7355016928471],[-105.406149585478,40.7355117039626],[-105.406148381784,40.7355217094863],[-105.406146943718,40.7355316923085],[-105.406145271272,40.7355416578321],[-105.406143370381,40.7355515952559],[-105.406141235117,40.7355615108787],[-105.406138866672,40.7355713983977],[-105.406136268605,40.7355812524128],[-105.406133436182,40.7355910720197],[-105.406130376512,40.7356008527214],[-105.406127089596,40.7356105936175],[-105.406123575441,40.7356202902054],[-105.406119834057,40.735629935281],[-105.406115865431,40.7356395369488],[-105.406111676687,40.7356490817068],[-105.406107259534,40.7356585713495],[-105.40610263174,40.735667998687],[-105.406097775538,40.7356773700086],[-105.406092699231,40.7356866745146],[-105.406087409921,40.7356959122109],[-105.406081900507,40.7357050821912],[-105.406076179282,40.7357141790591],[-105.406070252173,40.7357231983167],[-105.406064104975,40.7357321390521],[-105.406057753084,40.7357409958746],[-105.406051196494,40.7357497741871],[-105.405881445604,40.7359202555076],[-105.404862484282,40.7361390173686],[-105.403692211202,40.7363600407683],[-105.403656713541,40.7363712048019],[-105.403637459329,40.7363776770773],[-105.403618350376,40.73638439621],[-105.403599403251,40.7363913667161],[-105.403580616784,40.7363985777888],[-105.403561999263,40.7364060285344],[-105.403543557792,40.7364137189589],[-105.403525298296,40.7364216445647],[-105.403507221961,40.7364298044523],[-105.403489344184,40.7364381932317],[-105.40347165667,40.7364468162989],[-105.403454173639,40.7364556637603],[-105.403436896279,40.7364647338159],[-105.403419831691,40.7364740273721],[-105.403402992914,40.7364835327333],[-105.403386368092,40.7364932624969],[-105.403342315272,40.7365327854734],[-105.403189847033,40.7367652639101],[-105.403371406779,40.7368656469291],[-105.404028550508,40.7372004102624],[-105.404248514211,40.7373042211401],[-105.405775810219,40.7379224538913],[-105.406353609912,40.7381462661491],[-105.407331105614,40.7385369174063],[-105.407964031763,40.7388013010544],[-105.4081515285,40.7389050770679],[-105.408475953316,40.7391462090763],[-105.408614692894,40.7392791063973],[-105.408838913661,40.7395668151539],[-105.40888358161,40.7396441841655],[-105.409067034329,40.7395907190773],[-105.410610777044,40.7392070408209],[-105.411573335123,40.7385482089245],[-105.411607324738,40.7384427758125],[-105.411642428514,40.738320007786],[-105.411735697935,40.7382355699429],[-105.411882765616,40.7381975544439],[-105.412104174071,40.7377968075529],[-105.412498217768,40.737581294575],[-105.413790000822,40.736874777181],[-105.41338594436,40.7367515370929],[-105.412412281477,40.7364545609952],[-105.411743754214,40.7362506464319],[-105.411893160904,40.7356630537209],[-105.41202901386,40.7351287464059],[-105.412368011961,40.7348689724791],[-105.4128754237,40.735375411942],[-105.413044656756,40.7353998980584],[-105.413471183517,40.734767337153],[-105.414430260107,40.7344031340337],[-105.414415397821,40.7343530960487],[-105.41441236292,40.734345280073],[-105.414409717402,40.7343384756587],[-105.414406946567,40.734330604045],[-105.414404360454,40.7343226992478],[-105.414401957876,40.7343147621668],[-105.414399753049,40.7343067856085],[-105.414397710444,40.7342987803528],[-105.414395865566,40.7342907536299],[-105.414394210136,40.7342827000307],[-105.414392746516,40.7342746231591],[-105.41439145931,40.7342665293072],[-105.414390363904,40.7342584193869],[-105.414389456749,40.7342502933956],[-105.414388741388,40.734242156739],[-105.414388217816,40.7342340130191],[-105.41438788367,40.7342258595326],[-105.414387733026,40.7342176998773],[-105.414387774161,40.7342095412634],[-105.414388004709,40.734201381888],[-105.41438852292,40.7341932290275],[-105.414389039947,40.734185076166],[-105.414378836904,40.7341353432662],[-105.414373704582,40.7341114299857],[-105.414367855983,40.7340857034466],[-105.414363313002,40.7340656871163],[-105.414358405079,40.7340440640032],[-105.414353720393,40.7340256378735],[-105.414352269153,40.7340199401642],[-105.414348633989,40.7340056652681],[-105.414341329551,40.733976946154],[-105.414214457481,40.73377048056],[-105.414201263862,40.73374900893],[-105.41406576038,40.7335284987111],[-105.414058864717,40.7335172867456],[-105.414052584553,40.7335070739022],[-105.414046580277,40.733497744665],[-105.414038916037,40.733485828831],[-105.414033871824,40.7334783706661],[-105.414027355357,40.7334687312736],[-105.414021622287,40.733460248717],[-105.414015174356,40.7334516386605],[-105.414008521515,40.7334431167027],[-105.414001664944,40.7334346837449],[-105.413994618844,40.7334263461013],[-105.413987256474,40.7334181586095],[-105.413982847091,40.7334132556655],[-105.413974597703,40.7334044092435],[-105.413966041496,40.7333957291892],[-105.413957485298,40.7333870437312],[-105.413114449273,40.7332284063262],[-105.413120186322,40.732649148423],[-105.413125836993,40.7320780562015],[-105.413801348033,40.7320319588247],[-105.413935222385,40.7326439303128],[-105.414185701916,40.7322569438683],[-105.414851226436,40.7325680612097],[-105.415343070324,40.7330695441212],[-105.415734948839,40.7334888583047],[-105.416541596483,40.7342981296141],[-105.417291641933,40.733074608952],[-105.419434418936,40.7329836566508],[-105.419936515513,40.7329601588091],[-105.421766040789,40.7320248872975],[-105.423554435848,40.7315513701207],[-105.428650919139,40.7300995117973],[-105.428499106825,40.7276683542301],[-105.428414988714,40.7241499216806],[-105.429574284619,40.7241288750888],[-105.430846990071,40.7241057491881],[-105.431886714424,40.7240868526755],[-105.43293481387,40.7240677941177],[-105.437454622096,40.7239854858758],[-105.437400489109,40.7205043255061],[-105.437346359346,40.7170231567675],[-105.437319439933,40.7152626421201],[-105.437293132232,40.7135419891621],[-105.437239015094,40.7100604714367],[-105.457656517359,40.7102038352345],[-105.471507224202,40.7100357839949],[-105.476177637221,40.7098701193228],[-105.481291597968,40.7103215301108],[-105.486278265365,40.7106615504283],[-105.490954840206,40.7104870283999],[-105.495631399128,40.7103123132828],[-105.496432496707,40.7102294387927],[-105.49825664385,40.7100407063793],[-105.513517445728,40.7084444711655],[-105.531982319841,40.7085153197067],[-105.550306516129,40.7085181136396],[-105.568521619503,40.7085352460738],[-105.587149831479,40.708645624561],[-105.607780989611,40.7093770215489],[-105.628466438724,40.7085593559213],[-105.644255576837,40.7092535148496],[-105.6502989615,40.7229608896226],[-105.655038898754,40.7230853982571],[-105.659778845219,40.7232097204403],[-105.66451881741,40.7233338435416],[-105.666583896002,40.7233881085089],[-105.669258807899,40.7234581205724],[-105.673990455972,40.7234895820316],[-105.678721206496,40.7235208473846],[-105.683452856239,40.7235519247188],[-105.688184520529,40.723583497045],[-105.692919748887,40.7235980560314],[-105.697655882394,40.7236124211098],[-105.702392920879,40.7236269388697],[-105.707129052211,40.7236416052169],[-105.708110272421,40.7271195531064],[-105.709090690599,40.7305974904977],[-105.710072106052,40.7340754195602],[-105.711052726496,40.7375533326956],[-105.71097930393,40.7411906277371],[-105.710905874629,40.7448279184544],[-105.71091519784,40.7483864901134],[-105.71092542445,40.751944710223],[-105.715460672045,40.7520040060708],[-105.71999683223,40.7520634696118],[-105.724532104011,40.7521227593126],[-105.72906828013,40.7521818645516],[-105.733523910391,40.752429665553],[-105.737497960981,40.7526504407268],[-105.742419016407,40.7529237531288],[-105.746807063387,40.7531677499428],[-105.75156724984,40.7532629075438],[-105.756328346254,40.7533582146444],[-105.76109227081,40.7534737977504],[-105.809834036087,40.7534902262249],[-105.811777686604,40.7538547796764],[-105.823373447093,40.7541642333187],[-105.842496268429,40.7543710746082],[-105.864321594283,40.7545478680196],[-105.876438467873,40.7545385188952],[-105.8859691468,40.754529322408],[-105.89549982583,40.7545200286439],[-105.914520551493,40.7544958257982],[-105.919280507093,40.7544952766549],[-105.924039551973,40.7544945365232],[-105.928799509528,40.754493939205],[-105.933558563503,40.7544931572497],[-105.938322101996,40.7544887314392],[-105.943084741161,40.7544837686525],[-105.947847385352,40.7544792975193],[-105.952610020609,40.7544746318991],[-105.957372814736,40.7544920715681],[-105.962135603066,40.7545093230418],[-105.966898409174,40.7545274002104],[-105.972165649844,40.7545473666989],[-105.976947348558,40.754556384906],[-105.981705252812,40.7546448986534],[-105.986463164972,40.7547335694876],[-105.991221096696,40.7548220407536],[-105.99599898328,40.7549225890975],[-106.000776885442,40.7550232820634],[-106.005555710531,40.7551244615166],[-106.010333644986,40.7552251032849],[-106.015101519061,40.7553067305666],[-106.019869412913,40.7553881574613],[-106.022820560198,40.7554386572471],[-106.021336865884,40.7560993990926],[-106.021292193839,40.7572339781241],[-106.020070332509,40.7572418462591],[-106.020093193748,40.7584684940085],[-106.020274891722,40.7585099881684],[-106.020659922206,40.7586047163924],[-106.021191248416,40.7591285035776],[-106.02169197775,40.759694619048],[-106.022677060797,40.7608889697638],[-106.023203763701,40.7614119586904],[-106.023325812543,40.7618520570354],[-106.023073324049,40.7624849943661],[-106.022878661198,40.7630468359974],[-106.02277132727,40.7635752934422],[-106.022916296295,40.7643916962187],[-106.023396984041,40.7650364250303],[-106.024383600279,40.7648346750367],[-106.024981547603,40.7656894374174],[-106.025048145742,40.7663055813468],[-106.025711697172,40.7666242538673],[-106.025984111519,40.7668343881279],[-106.026117987001,40.7670218449591],[-106.026902796579,40.7675792592603],[-106.026878886767,40.7686277891894],[-106.026366749997,40.7692059728424],[-106.026299372089,40.7692820374544],[-106.026102437691,40.76950436413],[-106.02586192884,40.769927146711],[-106.025193598443,40.7711721523588],[-106.025141618693,40.7713042464139],[-106.025211471315,40.7714645174956],[-106.0254112267,40.7716145868197],[-106.027703645285,40.7724946339311],[-106.029374685487,40.7728648340873],[-106.029438271815,40.7729560307897],[-106.029911508824,40.7736347598007],[-106.030243007552,40.7744646372018],[-106.030234143439,40.7747144717346],[-106.030024341398,40.7755848898498],[-106.029552502046,40.7761950450354],[-106.029468964968,40.7765413294744],[-106.029342680064,40.7770647807342],[-106.029475341114,40.7772706002307],[-106.029671676214,40.7775752186757],[-106.030211753285,40.7778349087331],[-106.030367019425,40.7778243134332],[-106.030944385165,40.7777849116656],[-106.031163862613,40.777685093514],[-106.03155196925,40.7779049794071],[-106.031140977914,40.7788166718197],[-106.030934458166,40.7792747818632],[-106.030791696485,40.7804049851214],[-106.030579339122,40.7808794210341],[-106.03031262275,40.7814752975172],[-106.029389234728,40.7817074107832],[-106.029974017588,40.7819367046046],[-106.031575611435,40.7821332669529],[-106.030752273409,40.7831155277822],[-106.031393187894,40.7838098491148],[-106.032377451188,40.7843248697222],[-106.03348379174,40.784954335601],[-106.033994997669,40.7853282033854],[-106.034628282729,40.7855952489563],[-106.035200490426,40.7855221412398],[-106.036215307317,40.7854312039922],[-106.036906681124,40.7857037254072],[-106.038298279503,40.7858279574204],[-106.039076531477,40.7858012522133],[-106.039488549718,40.7862781227502],[-106.040190505627,40.7876133578895],[-106.040678822465,40.7884755387746],[-106.041655456545,40.789211826292],[-106.042326888736,40.7902494934271],[-106.043005956108,40.7905279863867],[-106.043730798657,40.7906233590165],[-106.044791396393,40.7919017386485],[-106.044844770842,40.7924507260631],[-106.0448143885,40.7928837142438],[-106.045066771533,40.7936450022847],[-106.045432281419,40.7943315028725],[-106.045401848278,40.7947994328163],[-106.045477963564,40.7955812717264],[-106.04540174604,40.7964120908011],[-106.045167478968,40.7968856465807],[-106.044687341977,40.7973437903048],[-106.04436263326,40.7977312300977],[-106.044537430474,40.7984448143943],[-106.04512647286,40.7993548145778],[-106.045638301242,40.8001455066453],[-106.046118850474,40.8008358188427],[-106.046271587714,40.8016257114385],[-106.046027431293,40.8020300976173],[-106.04589051955,40.8024902777867],[-106.046157123548,40.8030615701948],[-106.046790408145,40.8039733465904],[-106.047393173509,40.8046829282084],[-106.04807224013,40.8051216491391],[-106.04901072148,40.8055489233936],[-106.050147580081,40.8054764366004],[-106.051078432442,40.805476435483],[-106.051772561273,40.8059053698146],[-106.051726976553,40.806296652597],[-106.051438682687,40.8066943647973],[-106.051093695419,40.8071702792935],[-106.050819126434,40.8083125645411],[-106.050873038807,40.8087530435617],[-106.050925860856,40.8091831492966],[-106.051498106287,40.8098545813919],[-106.052201509832,40.8102896148841],[-106.052277022446,40.8103204889487],[-106.052711267426,40.8104611590553],[-106.05275682091,40.8109170058579],[-106.05276467867,40.8114454201358],[-106.053080826959,40.8118637564766],[-106.053072257999,40.8120263456908],[-106.053054618252,40.8123610105993],[-106.053382704928,40.812818805457],[-106.053985471465,40.8133681596545],[-106.054519565933,40.8136771713656],[-106.05578613443,40.8135550914354],[-106.056293525745,40.8140109785704],[-106.056734526047,40.8143226444757],[-106.057286830561,40.8146499341762],[-106.057281744347,40.8151078521234],[-106.05728057673,40.8152130106441],[-106.057250330895,40.8156745714036],[-106.057197676853,40.816244637385],[-106.05709085884,40.8167443981774],[-106.057136639938,40.8171640446563],[-106.058021713053,40.8175989487422],[-106.058575005185,40.8178184820023],[-106.059204353025,40.818068187107],[-106.060075227804,40.8186378609427],[-106.060726525037,40.8192183987777],[-106.060955467065,40.8192808059224],[-106.061951131317,40.8195522059116],[-106.063187180708,40.820463980624],[-106.063675499962,40.8212651218679],[-106.064255373221,40.821612283126],[-106.065117554654,40.8215626889495],[-106.065956848245,40.8217801394307],[-106.066826661343,40.8218373629707],[-106.067856703232,40.8222417482731],[-106.069092751221,40.8221501861291],[-106.070740816926,40.8223752684116],[-106.0712367621,40.8228673984639],[-106.071847157967,40.8236265739095],[-106.072327844596,40.8241263336739],[-106.072549113496,40.8246795032506],[-106.073464705932,40.8251220377876],[-106.074122388715,40.8253973946906],[-106.074731274896,40.8256523170866],[-106.075166018727,40.8261896674647],[-106.07555069992,40.8271611749395],[-106.075813194108,40.8279626941701],[-106.076316794811,40.8284557179359],[-106.077137975285,40.8285136129385],[-106.077805714222,40.829253001238],[-106.077898699896,40.8293559618875],[-106.077985445224,40.8294520140845],[-106.078089571791,40.8295374217545],[-106.079004045888,40.8302874919264],[-106.079744149741,40.8307071378362],[-106.080285875863,40.8309512938509],[-106.081315916542,40.8312145244475],[-106.081892968086,40.831286596644],[-106.083393724898,40.8315286583952],[-106.083514982955,40.8316156406322],[-106.084337350169,40.8322116589308],[-106.084563507103,40.8322887938856],[-106.085704702889,40.8326782595104],[-106.085808876589,40.8327138109466],[-106.085916568601,40.8327646909877],[-106.086712411064,40.8331476678036],[-106.087241404813,40.8334025264914],[-106.087866554471,40.8345906180514],[-106.087755768743,40.8358289356524],[-106.088022634263,40.8361815995884],[-106.089167126364,40.8368263265035],[-106.089928429098,40.8372353862966],[-106.090502364753,40.8379326648304],[-106.090685075438,40.8383254935149],[-106.090883863573,40.8387528818578],[-106.091349290268,40.8392717162174],[-106.091913906359,40.8398287007318],[-106.091799460042,40.8403704246753],[-106.092051070199,40.8408415162587],[-106.092875281071,40.8409655580659],[-106.093391790707,40.8410762639675],[-106.09366945527,40.8411825027782],[-106.094985472088,40.8416873285722],[-106.096443117085,40.8416533774454],[-106.09724599644,40.8416808404595],[-106.098124882509,40.8417408399149],[-106.098961543574,40.8420740287353],[-106.099116545543,40.84213817487],[-106.099559081587,40.8428401293557],[-106.100687344183,40.8436080533667],[-106.100268668678,40.8440914369494],[-106.099986362107,40.8447857599109],[-106.099895982454,40.8452594572353],[-106.09973046776,40.8461269529182],[-106.099559091328,40.8470251446467],[-106.09841460404,40.8480933357007],[-106.097972069845,40.8488906638779],[-106.097941626692,40.8497795865199],[-106.098681655064,40.8501267097765],[-106.099242438178,40.8506939157851],[-106.099694171787,40.8511442281536],[-106.100219662828,40.8514065780331],[-106.100874015308,40.8518242511656],[-106.101863340024,40.8523813494037],[-106.10268737348,40.8522745294264],[-106.103656373483,40.8520303714672],[-106.105128951106,40.8521028530435],[-106.10591222267,40.8521128970901],[-106.106919215157,40.8521286820191],[-106.107524771188,40.8524180598621],[-106.107166163639,40.853070420549],[-106.106457028067,40.8535827878338],[-106.105708850293,40.8541233505017],[-106.105466026174,40.854604721952],[-106.105060308318,40.8554089938861],[-106.104846674221,40.8562902506182],[-106.104600953868,40.8570861860234],[-106.104320212941,40.8579955409417],[-106.103702375607,40.859311307534],[-106.10377849059,40.859838169893],[-106.104320216116,40.8604695440915],[-106.105823314619,40.8608300566645],[-106.107189071894,40.8614175600249],[-106.107250114924,40.8622148877807],[-106.107387454027,40.8629588037807],[-106.10782999083,40.8633059652708],[-106.109317826595,40.8635386773684],[-106.11094300369,40.8638934651909],[-106.112613959178,40.8643283693225],[-106.113550860408,40.864981030842],[-106.11406364682,40.8650608411565],[-106.114507323606,40.865339678817],[-106.114811381999,40.8658619831597],[-106.115185249477,40.8661824381297],[-106.115833792671,40.8664017981646],[-106.116562167594,40.8664533855708],[-106.117283480691,40.8664075192502],[-106.117989461013,40.8660202354481],[-106.11818488481,40.8659130286507],[-106.118822576796,40.8661161018298],[-106.119351866978,40.8670189245865],[-106.120228635543,40.8676817125773],[-106.121151760653,40.8675406266343],[-106.12197589086,40.8674146638365],[-106.122594931362,40.8675459852061],[-106.123025678412,40.867842393855],[-106.123684972884,40.8682973499446],[-106.124094687701,40.8688614763551],[-106.125189880273,40.8692285473293],[-106.125288501492,40.8692615069871],[-106.125410360948,40.869302233166],[-106.126304183236,40.8696017252937],[-106.126752232779,40.8704132182171],[-106.126763384762,40.8708109627235],[-106.126775124277,40.8712296215594],[-106.127118470819,40.8718323847128],[-106.128255703956,40.8726299264195],[-106.129195678451,40.8732891081273],[-106.130094149347,40.8739191653547],[-106.130544316954,40.8749110548264],[-106.131117127818,40.8757465992478],[-106.131581991216,40.8761432873546],[-106.131849038247,40.8766010829932],[-106.131467518007,40.8769269768068],[-106.131320118059,40.8770170940414],[-106.130680063451,40.8774072984162],[-106.130139936505,40.8776273096154],[-106.129407465198,40.8782644109908],[-106.129201457233,40.8786878713233],[-106.129033599713,40.8792143354726],[-106.128644475806,40.8796187220246],[-106.128392687985,40.8800612589387],[-106.128003563464,40.8812629725134],[-106.127673251278,40.8820606484515],[-106.127431323215,40.8828347393309],[-106.12720481975,40.8837940545635],[-106.127073485751,40.8847186297979],[-106.127042343709,40.8849389554464],[-106.127301598942,40.8861017801767],[-106.127591538596,40.8870707802798],[-106.128118427848,40.8874922019169],[-106.128469004368,40.8879925680015],[-106.128613973938,40.8885495525076],[-106.128490282071,40.8889727794305],[-106.128438655335,40.8891494210322],[-106.129170941442,40.890191418821],[-106.129537179322,40.8906759177711],[-106.129772369817,40.8912670586637],[-106.129828668097,40.8914085610695],[-106.129994957042,40.8919386172814],[-106.130530731804,40.8925792560446],[-106.130822848962,40.8930779109053],[-106.130777714252,40.8932363680565],[-106.13064354841,40.8937073806146],[-106.130345982421,40.8942643658016],[-106.130155438286,40.8955448447392],[-106.130452804284,40.8961451427329],[-106.130674073006,40.8966601631865],[-106.131072498151,40.897030140114],[-106.131597106483,40.8973320604196],[-106.132070309256,40.897605711064],[-106.132155234989,40.8977008912123],[-106.132351288021,40.8979354475749],[-106.132474737337,40.8980831396604],[-106.133564590707,40.8987694516798],[-106.134771350435,40.89900635975],[-106.135628096174,40.8992754645237],[-106.136071614537,40.8996650778994],[-106.13633453738,40.900060931869],[-106.136442309299,40.9005704923384],[-106.136243015125,40.90112163595],[-106.135992145858,40.9016119782033],[-106.136190523682,40.9019953822132],[-106.136351704114,40.9020566812472],[-106.136907739065,40.9022681509687],[-106.13780710496,40.9024017756171],[-106.138881343955,40.9025292246341],[-106.138994307868,40.9025744398354],[-106.139255933301,40.9026794677921],[-106.139761333853,40.9028823563697],[-106.140137762904,40.9031947284782],[-106.141203392891,40.9040153976922],[-106.141996906734,40.9043778189074],[-106.142782790907,40.904709719721],[-106.14349237432,40.9049538763394],[-106.144606344202,40.9048508709819],[-106.145683499175,40.9046925985464],[-106.146475796462,40.9046339196171],[-106.147307340068,40.9046906399512],[-106.147723361675,40.9049308522182],[-106.148184782624,40.9053277374522],[-106.148493753023,40.9057754589096],[-106.148940147411,40.9061670269759],[-106.149520022202,40.9064836689558],[-106.150115157028,40.906765975125],[-106.150839999548,40.906857533562],[-106.151769252831,40.9069527059458],[-106.151879032764,40.9070748141544],[-106.152293211889,40.9075349226747],[-106.152778005176,40.9080363555577],[-106.153541001682,40.9091579535727],[-106.154245531059,40.909504266214],[-106.154359023548,40.9095600532759],[-106.154599555737,40.9096001447974],[-106.155356927467,40.9097263805123],[-106.156056051708,40.9100122326045],[-106.156661646199,40.9103176980232],[-106.157421518518,40.9104719338373],[-106.157973994081,40.9106724888501],[-106.15832422577,40.9111550100972],[-106.158556491387,40.9115205011172],[-106.15884375153,40.9119725231857],[-106.159004039106,40.9128203113727],[-106.158757771133,40.913410497878],[-106.158378386262,40.9138923169229],[-106.158332772002,40.9143177519171],[-106.158630177303,40.9147773881481],[-106.159469469871,40.9149986550783],[-106.160026455799,40.9150978428995],[-106.160591070646,40.9151588820354],[-106.161270136328,40.9156853470345],[-106.161544812966,40.9161698459243],[-106.162313065339,40.9166551487306],[-106.162399367068,40.9167096637415],[-106.163481220645,40.9170732329603],[-106.165779427969,40.917737791731],[-106.167595353605,40.9184511868443],[-106.168480426465,40.9192599581488],[-106.168915310622,40.9202334668059],[-106.168877189064,40.9203636871163],[-106.168655794467,40.9211199369009],[-106.168427110773,40.921784595891],[-106.168458595928,40.9222110743306],[-106.168510930989,40.922919939638],[-106.168861909927,40.9235646681491],[-106.170294054052,40.9240518339938],[-106.171838294643,40.9244147007648],[-106.171921959737,40.9244495114741],[-106.172878052136,40.9248570816179],[-106.173335815634,40.9254076915719],[-106.173657983045,40.9257967924698],[-106.174012060985,40.9263046795779],[-106.174631946327,40.9271983723829],[-106.174669467619,40.9272546175939],[-106.175316842,40.9283066588813],[-106.176331623568,40.9291917302589],[-106.177012259966,40.9297706812833],[-106.177965290072,40.9305238977545],[-106.178135034504,40.9306580514571],[-106.178209423674,40.9307240859399],[-106.178267428451,40.9307755763792],[-106.178702239386,40.9311615429845],[-106.179397313435,40.9315528656565],[-106.179499197895,40.9316102246365],[-106.179623795978,40.9316406416274],[-106.180354773957,40.9318190745449],[-106.180549319289,40.9318960757657],[-106.181032862203,40.9320874596813],[-106.181834048726,40.9325001177659],[-106.182588199422,40.9329518437586],[-106.183005497845,40.9332751639499],[-106.183450382855,40.9335279023816],[-106.183958213055,40.9337258975056],[-106.184732211757,40.934027661565],[-106.185258679185,40.9348669515759],[-106.185424863571,40.9358149623761],[-106.185594399918,40.9367820637481],[-106.186242722761,40.9370404456433],[-106.186368732499,40.9379041311311],[-106.186586282826,40.939395269433],[-106.186670229359,40.9401926387105],[-106.186594086815,40.9408779131156],[-106.186815198551,40.941340942004],[-106.18702096259,40.9418393348159],[-106.187081397445,40.9419857190582],[-106.187501894829,40.9425731746209],[-106.187738426693,40.9433819482605],[-106.187807096058,40.9441144201527],[-106.188014944658,40.9444996541647],[-106.188061911928,40.944573242683],[-106.188547202765,40.945277982912],[-106.188641841018,40.9456400808993],[-106.188682266513,40.9457947483443],[-106.188621430394,40.9464325488128],[-106.188606223083,40.9465919813301],[-106.18847090605,40.9471244245458],[-106.18829415349,40.947511783385],[-106.188112301864,40.9479103080163],[-106.187809858364,40.9485043647759],[-106.187594598627,40.9491130746726],[-106.187501734584,40.9493765463391],[-106.187443802116,40.9495409111986],[-106.18735969248,40.9496961307091],[-106.187074636987,40.9502221766117],[-106.186075117493,40.9510691003746],[-106.185052709123,40.9523051502575],[-106.184400952621,40.9532309509417],[-106.183992152522,40.9539951795419],[-106.18378703172,40.9546555165334],[-106.183729777638,40.9549173490767],[-106.183648996774,40.955287173568],[-106.183885337182,40.9557481562434],[-106.184338936691,40.9561929250813],[-106.184816191474,40.956493980318],[-106.185179867467,40.9568742819144],[-106.186174296869,40.9575864908411],[-106.186419251719,40.958140063097],[-106.186639677746,40.9593068510256],[-106.186565286619,40.9594373637592],[-106.186335617563,40.95984030003],[-106.185785201298,40.9602974977245],[-106.185190065984,40.960534026102],[-106.184679256133,40.9610905824627],[-106.184717013798,40.9615106567723],[-106.184899901016,40.9621823540076],[-106.184817265053,40.9623651866629],[-106.184598269327,40.9628502707762],[-106.184308273628,40.9635609446246],[-106.184881062247,40.9641735017934],[-106.18579284071,40.9642536142186],[-106.186317906624,40.9643367598108],[-106.1868762909,40.9646084044216],[-106.187126661868,40.9649608087703],[-106.187032518031,40.9654904983863],[-106.186784734093,40.966142019609],[-106.186502428662,40.9671110213279],[-106.186238807825,40.9679332789897],[-106.186210390953,40.9680219108641],[-106.186206597558,40.9681111429812],[-106.18619863646,40.9682984447528],[-106.186166274802,40.9690597497543],[-106.186137763897,40.9698726014657],[-106.186166719659,40.9702736258402],[-106.186379646043,40.9708376524243],[-106.186525329751,40.9712235518605],[-106.18728069373,40.9717652754898],[-106.18795975784,40.9720895462348],[-106.188708629124,40.9724491396853],[-106.189154218414,40.9731407949234],[-106.189462858676,40.9741534399712],[-106.189631382677,40.9746031639964],[-106.189783319384,40.9753742279254],[-106.189836557445,40.97615342828],[-106.18965358893,40.9769703148823],[-106.189470472386,40.9779622063265],[-106.189470492222,40.978695125297],[-106.189890147773,40.9799559992249],[-106.190143509104,40.9804849804813],[-106.190454765501,40.9811348213609],[-106.190965972819,40.982023707084],[-106.191293389871,40.9822112748723],[-106.191420941808,40.9822843454004],[-106.191633593945,40.9827580872158],[-106.191214924555,40.983116207328],[-106.190691299015,40.9833780200364],[-106.190122106687,40.98385224717],[-106.190086090311,40.9839703719362],[-106.189981716693,40.9843126871291],[-106.190091368394,40.9847247458259],[-106.190240793823,40.9851816151787],[-106.190294039233,40.9853443101345],[-106.190348909523,40.9855018223395],[-106.190553964685,40.986090458348],[-106.190927834503,40.986395655177],[-106.191400888934,40.9865673275336],[-106.19211810251,40.9867199258896],[-106.192835316481,40.9868191137052],[-106.193796689257,40.98684200285],[-106.194368933991,40.986994601321],[-106.194758187427,40.9876171933485],[-106.194837990124,40.9887347644647],[-106.194622934233,40.9904117492692],[-106.194108931143,40.9914392168245],[-106.193422809522,40.9922034600833],[-106.192476178907,40.9932031412459],[-106.191704914897,40.9939356069149],[-106.19165123373,40.9940448900534],[-106.191339116813,40.9946802835241],[-106.19129676317,40.9948458491083],[-106.191186358858,40.9952774227966],[-106.191161454204,40.9953747757522],[-106.191166157381,40.9954764768335],[-106.191187273429,40.9959330635424],[-106.19097169397,40.9963512270323],[-106.190277287961,40.9969148469941],[-106.191303917366,40.9975289040835],[-106.182336918124,40.9975006903109],[-106.163550180568,40.9974344422602],[-106.160020174133,40.9974236103868],[-106.144514590343,40.9973830115773],[-106.131765803969,40.997361032132],[-106.125637732195,40.9973513158203],[-106.106569112616,40.9973415836474],[-106.087893277618,40.9973984840463],[-106.016057480671,40.9973060971812],[-106.011584328552,40.997302752883],[-106.007878189306,40.9973074023413],[-106.001280588023,40.9973080391179],[-105.999988821227,40.9973081196238]]]},"properties":{"FID":26,"OG_CODE":3335,"CDE_Code":"7290","School":"Red Feather","SchoolFull":"Red Feather Elementary","Address":"505 North Cr 73C","Loc_Code":"172","BldgID":91720,"ArticArea":"Poudre HS","City":"Fort Collins","State":"CO","Zip":80545,"Phone":"970-488-6550","Shape_Leng":659965.644101,"Shape_Area":15251601050.4,"Shape__Area":2479625744.1015625,"Shape__Length":265891.25271896686,"RIC":"20","RICNC":"37","FCI":"20","NSC":"25","FCA":19.33,"FCA_Remain":10.670000000000002}},{"type":"Feature","id":27,"geometry":{"type":"Polygon","coordinates":[[[-105.19341750021,40.9970759279147],[-105.193166348942,40.9933725581558],[-105.192915232461,40.9896691886843],[-105.192651884708,40.9860714480656],[-105.192387658194,40.9824740387778],[-105.192123461549,40.9788762788877],[-105.191860199667,40.9752785201621],[-105.191790741702,40.9714726773656],[-105.191722198001,40.9676668303099],[-105.191676871061,40.9651495664519],[-105.191653663624,40.9638606371613],[-105.191585133884,40.960055119028],[-105.1915669063,40.9569619278871],[-105.19156274397,40.9562555544537],[-105.19154043207,40.9526367799896],[-105.191575317704,40.9494926681328],[-105.191610208388,40.94634855246],[-105.211063398836,40.9463278085565],[-105.211060449091,40.9425924345358],[-105.211056593691,40.9388570475011],[-105.21105273723,40.9351220017804],[-105.211049788569,40.93138661169],[-105.211103004208,40.9276331694622],[-105.21115622076,40.9238800613394],[-105.211209424498,40.9201266137626],[-105.211261717531,40.9163734935704],[-105.211165906837,40.912565107383],[-105.211069201068,40.9087570646072],[-105.210972507729,40.9049486714445],[-105.210875832161,40.90114061768],[-105.210670735341,40.8973116990681],[-105.210535956183,40.8947957516539],[-105.210465660096,40.8934834608072],[-105.210260618234,40.8896545360351],[-105.210054685827,40.8858259436066],[-105.209794577872,40.8819572262882],[-105.209458808544,40.8780917752085],[-105.209158809799,40.8741970539264],[-105.208863075282,40.8703575882461],[-105.208914394508,40.867059669144],[-105.208990385333,40.8636990226908],[-105.209067272625,40.8603380330839],[-105.209107056994,40.8585781079372],[-105.209143248522,40.8569770371118],[-105.209176159696,40.8531779657717],[-105.209208139308,40.8494866467169],[-105.209239671698,40.8457412746989],[-105.209272105311,40.8419958936379],[-105.209246724892,40.8384572510765],[-105.209221346852,40.8349189453724],[-105.209195066946,40.8313806266998],[-105.209170597614,40.8278423144356],[-105.204459880758,40.8277978930986],[-105.199750066011,40.8277536243611],[-105.195039359714,40.8277095036464],[-105.192232259492,40.827682914912],[-105.190329564491,40.8276648548581],[-105.190350539865,40.8259759006644],[-105.190374027215,40.8240845137587],[-105.19041848088,40.8205038214724],[-105.190463838518,40.8169234738128],[-105.1905082965,40.8133431193218],[-105.185614588936,40.813247357385],[-105.18072180675,40.8131513873465],[-105.176974659477,40.8130780130454],[-105.176118315453,40.8130612273727],[-105.175829043974,40.8130555561971],[-105.170935381994,40.8129598685526],[-105.170850992806,40.8093444939621],[-105.17076660433,40.8057291246945],[-105.170683135063,40.8021137408442],[-105.170598774651,40.7984980131377],[-105.165523466916,40.7984664208078],[-105.161017915941,40.7984355826155],[-105.160004776955,40.7984312590035],[-105.158405117203,40.798424414103],[-105.15191822355,40.7983964375946],[-105.152018003731,40.7948107475475],[-105.152041998783,40.7939638031602],[-105.152119578416,40.7912253943176],[-105.152220240078,40.7876396935676],[-105.152315589047,40.7840327044788],[-105.15234651771,40.7768110266268],[-105.152381122468,40.7695752736696],[-105.152435663839,40.7623220667393],[-105.152489289942,40.7550688397465],[-105.152504792734,40.7496980388586],[-105.152505032438,40.7496131453602],[-105.152509952564,40.7479077919958],[-105.152520282844,40.7443276022541],[-105.152529705702,40.7407470652597],[-105.152530392245,40.7404883270911],[-105.152532295525,40.7397711814347],[-105.152539297807,40.7371332459784],[-105.152544852133,40.734824558015],[-105.152547992199,40.7335197548122],[-105.152561894737,40.7281313894195],[-105.152565058373,40.7269050828281],[-105.152566639818,40.7262918784721],[-105.158888210497,40.7262730056443],[-105.161958746398,40.7262637823097],[-105.162521659097,40.7262619032729],[-105.162930036137,40.72626053378],[-105.168149295036,40.7262430086739],[-105.169942942152,40.7262369954055],[-105.171550561027,40.7262315074994],[-105.176360575821,40.7262816730001],[-105.181108744775,40.7262504996181],[-105.18585691482,40.7262194786292],[-105.190605073361,40.7261882687023],[-105.194725276169,40.7261949866482],[-105.200171385255,40.7262036543212],[-105.204953634587,40.7262113984586],[-105.209736795255,40.7262189486546],[-105.214396243616,40.726258591987],[-105.22138654921,40.7263175451841],[-105.223716065755,40.7263373265247],[-105.226046479715,40.7263570634144],[-105.22837643101,40.726376758033],[-105.23308473008,40.7261574129044],[-105.237792094028,40.725938221339],[-105.242500330521,40.7257188407421],[-105.247208533896,40.725499616642],[-105.251861506323,40.7255754908455],[-105.256515392352,40.7256511802877],[-105.261169279317,40.7257270251866],[-105.265822283041,40.7258026869724],[-105.270920072549,40.7258467823699],[-105.27601786505,40.725889973112],[-105.281122051791,40.725912706562],[-105.286276745194,40.7259363357008],[-105.304810049878,40.7254552284296],[-105.30453463397,40.7112495321194],[-105.309177614105,40.7110183653008],[-105.313826889728,40.7107867444251],[-105.318526968246,40.7107639668606],[-105.323226911607,40.7107407816022],[-105.323256031664,40.7044952593874],[-105.323498816055,40.7006144841271],[-105.323870795344,40.6966393944512],[-105.342736019953,40.6963731842032],[-105.348037301054,40.6962979502997],[-105.348580265814,40.6962899635856],[-105.349800129788,40.696273253889],[-105.353136918527,40.6962258430623],[-105.355919853685,40.6961873129694],[-105.357429535659,40.6961656205862],[-105.361603837822,40.6961072030969],[-105.362759688673,40.6960897017198],[-105.367356323586,40.6960246867614],[-105.373864302049,40.6959323264705],[-105.380472407676,40.6958381736411],[-105.382076337909,40.6958144151848],[-105.399340840078,40.6955568183716],[-105.401341445747,40.6955454928432],[-105.420417843903,40.6953521672944],[-105.434766357165,40.6951744372311],[-105.437306983577,40.6951435636667],[-105.437312643948,40.6960375513788],[-105.437330568487,40.6988665715578],[-105.437300053456,40.702598106399],[-105.437239015094,40.7100604714367],[-105.437293132232,40.7135419891621],[-105.437319439933,40.7152626421201],[-105.437346359346,40.7170231567675],[-105.437400489109,40.7205043255061],[-105.437454622096,40.7239854858758],[-105.43293481387,40.7240677941177],[-105.431886714424,40.7240868526755],[-105.430846990071,40.7241057491881],[-105.429574284619,40.7241288750888],[-105.428414988714,40.7241499216806],[-105.428499106825,40.7276683542301],[-105.428650919139,40.7300995117973],[-105.423554435848,40.7315513701207],[-105.421766040789,40.7320248872975],[-105.419936515513,40.7329601588091],[-105.419434418936,40.7329836566508],[-105.417291641933,40.733074608952],[-105.416541596483,40.7342981296141],[-105.415734948839,40.7334888583047],[-105.415343070324,40.7330695441212],[-105.414851226436,40.7325680612097],[-105.414185701916,40.7322569438683],[-105.413935222385,40.7326439303128],[-105.413801348033,40.7320319588247],[-105.413125836993,40.7320780562015],[-105.413120186322,40.732649148423],[-105.413114449273,40.7332284063262],[-105.413957485298,40.7333870437312],[-105.413966041496,40.7333957291892],[-105.413974597703,40.7334044092435],[-105.413982847091,40.7334132556655],[-105.413987256474,40.7334181586095],[-105.413994618844,40.7334263461013],[-105.414001664944,40.7334346837449],[-105.414008521515,40.7334431167027],[-105.414015174356,40.7334516386605],[-105.414021622287,40.733460248717],[-105.414027355357,40.7334687312736],[-105.414033871824,40.7334783706661],[-105.414038916037,40.733485828831],[-105.414046580277,40.733497744665],[-105.414052584553,40.7335070739022],[-105.414058864717,40.7335172867456],[-105.41406576038,40.7335284987111],[-105.414201263862,40.73374900893],[-105.414214457481,40.73377048056],[-105.414341329551,40.733976946154],[-105.414348633989,40.7340056652681],[-105.414352269153,40.7340199401642],[-105.414353720393,40.7340256378735],[-105.414358405079,40.7340440640032],[-105.414363313002,40.7340656871163],[-105.414367855983,40.7340857034466],[-105.414373704582,40.7341114299857],[-105.414378836904,40.7341353432662],[-105.414389039947,40.734185076166],[-105.41438852292,40.7341932290275],[-105.414388004709,40.734201381888],[-105.414387774161,40.7342095412634],[-105.414387733026,40.7342176998773],[-105.41438788367,40.7342258595326],[-105.414388217816,40.7342340130191],[-105.414388741388,40.734242156739],[-105.414389456749,40.7342502933956],[-105.414390363904,40.7342584193869],[-105.41439145931,40.7342665293072],[-105.414392746516,40.7342746231591],[-105.414394210136,40.7342827000307],[-105.414395865566,40.7342907536299],[-105.414397710444,40.7342987803528],[-105.414399753049,40.7343067856085],[-105.414401957876,40.7343147621668],[-105.414404360454,40.7343226992478],[-105.414406946567,40.734330604045],[-105.414409717402,40.7343384756587],[-105.41441236292,40.734345280073],[-105.414415397821,40.7343530960487],[-105.414430260107,40.7344031340337],[-105.413471183517,40.734767337153],[-105.413044656756,40.7353998980584],[-105.4128754237,40.735375411942],[-105.412368011961,40.7348689724791],[-105.41202901386,40.7351287464059],[-105.411893160904,40.7356630537209],[-105.411743754214,40.7362506464319],[-105.412412281477,40.7364545609952],[-105.41338594436,40.7367515370929],[-105.413790000822,40.736874777181],[-105.412498217768,40.737581294575],[-105.412104174071,40.7377968075529],[-105.411882765616,40.7381975544439],[-105.411735697935,40.7382355699429],[-105.411642428514,40.738320007786],[-105.411607324738,40.7384427758125],[-105.411573335123,40.7385482089245],[-105.410610777044,40.7392070408209],[-105.409067034329,40.7395907190773],[-105.40888358161,40.7396441841655],[-105.408838913661,40.7395668151539],[-105.408614692894,40.7392791063973],[-105.408475953316,40.7391462090763],[-105.4081515285,40.7389050770679],[-105.407964031763,40.7388013010544],[-105.407331105614,40.7385369174063],[-105.406353609912,40.7381462661491],[-105.405775810219,40.7379224538913],[-105.404248514211,40.7373042211401],[-105.404028550508,40.7372004102624],[-105.403371406779,40.7368656469291],[-105.403189847033,40.7367652639101],[-105.403342315272,40.7365327854734],[-105.403386368092,40.7364932624969],[-105.403402992914,40.7364835327333],[-105.403419831691,40.7364740273721],[-105.403436896279,40.7364647338159],[-105.403454173639,40.7364556637603],[-105.40347165667,40.7364468162989],[-105.403489344184,40.7364381932317],[-105.403507221961,40.7364298044523],[-105.403525298296,40.7364216445647],[-105.403543557792,40.7364137189589],[-105.403561999263,40.7364060285344],[-105.403580616784,40.7363985777888],[-105.403599403251,40.7363913667161],[-105.403618350376,40.73638439621],[-105.403637459329,40.7363776770773],[-105.403656713541,40.7363712048019],[-105.403692211202,40.7363600407683],[-105.404862484282,40.7361390173686],[-105.405881445604,40.7359202555076],[-105.406051196494,40.7357497741871],[-105.406057753084,40.7357409958746],[-105.406064104975,40.7357321390521],[-105.406070252173,40.7357231983167],[-105.406076179282,40.7357141790591],[-105.406081900507,40.7357050821912],[-105.406087409921,40.7356959122109],[-105.406092699231,40.7356866745146],[-105.406097775538,40.7356773700086],[-105.40610263174,40.735667998687],[-105.406107259534,40.7356585713495],[-105.406111676687,40.7356490817068],[-105.406115865431,40.7356395369488],[-105.406119834057,40.735629935281],[-105.406123575441,40.7356202902054],[-105.406127089596,40.7356105936175],[-105.406130376512,40.7356008527214],[-105.406133436182,40.7355910720197],[-105.406136268605,40.7355812524128],[-105.406138866672,40.7355713983977],[-105.406141235117,40.7355615108787],[-105.406143370381,40.7355515952559],[-105.406145271272,40.7355416578321],[-105.406146943718,40.7355316923085],[-105.406148381784,40.7355217094863],[-105.406149585478,40.7355117039626],[-105.406150554777,40.7355016928471],[-105.406151288512,40.7354916653327],[-105.40615178075,40.7354816313202],[-105.406152044513,40.7354715908202],[-105.406152073872,40.7354615510319],[-105.406151868827,40.7354515119555],[-105.406151851616,40.7354511193182],[-105.406151429374,40.7354414771928],[-105.406150747225,40.7354314467373],[-105.406149838935,40.7354214350104],[-105.406148693868,40.7354114275955],[-105.406147314369,40.7354014425045],[-105.406145700444,40.7353914734341],[-105.40614385208,40.7353815320906],[-105.406141769281,40.7353716139717],[-105.406139457963,40.7353617217836],[-105.406136919298,40.7353518645323],[-105.406134145003,40.7353420395096],[-105.406131137435,40.7353322539216],[-105.40612790961,40.7353225131817],[-105.406124446147,40.7353128100735],[-105.406120763609,40.7353031527148],[-105.406116844228,40.7352935491959],[-105.40611271405,40.7352839977369],[-105.406108348212,40.7352745001186],[-105.406101494197,40.7352605546663],[-105.406019141357,40.7351073120431],[-105.405681529831,40.734479049855],[-105.405669120365,40.7344827976529],[-105.405580458609,40.7345095728557],[-105.404312485308,40.734480357398],[-105.403268053836,40.732865651162],[-105.400568105363,40.7325458602595],[-105.399025016467,40.7337314640681],[-105.398984763118,40.734114745995],[-105.399809869228,40.7345420273483],[-105.400651531906,40.7351126902029],[-105.400699937297,40.7366797713601],[-105.400742183351,40.7380260013919],[-105.400763441245,40.7387044405714],[-105.400803613499,40.7401205106708],[-105.400826833472,40.7409389228474],[-105.400850657312,40.7417786260869],[-105.400873842319,40.7425958274989],[-105.400887989716,40.7430945015731],[-105.400100608317,40.7452691650975],[-105.400092933836,40.7454831168789],[-105.400196711431,40.7454712028689],[-105.400394327643,40.7454562874287],[-105.400695574651,40.7455217511905],[-105.400964917231,40.7457961349751],[-105.400970029521,40.7459858739354],[-105.401073474488,40.7496316292435],[-105.401176939052,40.7532772963895],[-105.396277118001,40.7533070592951],[-105.396274301313,40.7539195538277],[-105.396260567654,40.7569065823548],[-105.401149703327,40.7568331570597],[-105.40586953867,40.7567839650623],[-105.405856608162,40.7532351273903],[-105.40709789083,40.7532239237893],[-105.407457650314,40.7532206699707],[-105.407460125887,40.7533789522677],[-105.407869334048,40.753375251038],[-105.407866858698,40.7532169696509],[-105.409284603416,40.7532041341833],[-105.41053716425,40.7531927820777],[-105.415137915624,40.7530791003096],[-105.415310761219,40.7530748260971],[-105.415335069381,40.7542181507488],[-105.415349864368,40.755476655437],[-105.415462593952,40.7602179365398],[-105.417281762418,40.7601961557488],[-105.417856524024,40.7601892688305],[-105.418382764605,40.7601829556734],[-105.420279017444,40.7601602050048],[-105.420438933221,40.7670497536737],[-105.434493359896,40.766933413685],[-105.434491115281,40.7704611211482],[-105.439118067202,40.7704035475737],[-105.439107310902,40.7739141180615],[-105.443789175537,40.7739833088567],[-105.443828629542,40.7704681945258],[-105.448521042628,40.7705393564606],[-105.458101650232,40.7705891820275],[-105.458110509146,40.7741933019516],[-105.457896049437,40.7774004879307],[-105.457717174641,40.780077599954],[-105.458623800416,40.7846850819075],[-105.459531458683,40.7892928966759],[-105.460438331085,40.7939006914951],[-105.461345334614,40.7985084774647],[-105.461341026059,40.8022056651725],[-105.461339740345,40.804103659871],[-105.461337620267,40.8059025018167],[-105.461334212324,40.8096003657329],[-105.46132990087,40.8132982255438],[-105.461457455008,40.8170009364576],[-105.461584119935,40.8207036367819],[-105.461711701876,40.824406679186],[-105.461839298038,40.8281093753853],[-105.461788035501,40.8318058201189],[-105.461737672347,40.8355015741636],[-105.461687310586,40.8391976637607],[-105.461662288546,40.8410671368636],[-105.461637839714,40.8428937542073],[-105.466544309448,40.8425950055668],[-105.468122087059,40.842498912915],[-105.471451639157,40.842296058152],[-105.476330761881,40.8423310621591],[-105.481209896776,40.8423658640895],[-105.486105310213,40.8423863949895],[-105.491000704067,40.8424068935377],[-105.495895212773,40.8424271886154],[-105.500789724417,40.8424474496181],[-105.500817388688,40.8461634502814],[-105.500844161867,40.849879106557],[-105.500850610977,40.8505681702532],[-105.500879072466,40.8536084801921],[-105.500913074907,40.8573381901286],[-105.503298958902,40.857349611984],[-105.506162090736,40.8573632553105],[-105.510456640626,40.8573835869076],[-105.515228432513,40.8574063323323],[-105.519973998977,40.857379821328],[-105.519979244664,40.8611290839542],[-105.519983587206,40.8648786811521],[-105.520010506388,40.8685222623752],[-105.520036517846,40.8721672067521],[-105.5201005313,40.8759119774057],[-105.52016544987,40.8796564023804],[-105.520229471691,40.8834011690274],[-105.520294403475,40.8871455836591],[-105.524947116227,40.8870485511605],[-105.529600719678,40.8869513385632],[-105.534254309845,40.8868542809977],[-105.538906982453,40.8867570392907],[-105.543647234893,40.8864605930621],[-105.548388351105,40.8861642962961],[-105.553127616692,40.8858684985992],[-105.557866840897,40.8855728490175],[-105.56249956238,40.8855504986343],[-105.567131384124,40.8855283045565],[-105.571863098006,40.8855401254823],[-105.576849132995,40.8857913889811],[-105.576738721724,40.8891164239429],[-105.576621254212,40.8926807934777],[-105.576502864064,40.8962451524899],[-105.576385371998,40.8998098527536],[-105.581246990356,40.8998205906869],[-105.58413785631,40.8998272859978],[-105.586108618244,40.8998318089226],[-105.590970240618,40.8998428240217],[-105.595832777659,40.8998539765049],[-105.600448690183,40.9000507374331],[-105.605065536253,40.9002480004673],[-105.609681505068,40.9004450774447],[-105.61429839751,40.9006423223918],[-105.618239951222,40.8998402791565],[-105.622182307567,40.8990384484895],[-105.626122763325,40.8982375184743],[-105.629638267158,40.8975223218656],[-105.634405561585,40.8979419580369],[-105.639173818551,40.8983613976894],[-105.643941230671,40.8987806447361],[-105.648668005778,40.8991982074196],[-105.648693082055,40.9147114832909],[-105.649050536066,40.9182159645585],[-105.649408931904,40.9217204326367],[-105.649399239151,40.9252624042994],[-105.649390457175,40.9288043637292],[-105.649305092359,40.9393383501821],[-105.649277255697,40.9428475250722],[-105.644486522021,40.9425776226815],[-105.639657475632,40.9423053087892],[-105.634827563012,40.9420331422746],[-105.629997683042,40.9417611175266],[-105.630027954641,40.9454457363764],[-105.630058231402,40.9491306894443],[-105.630088509107,40.9528156372512],[-105.630079508438,40.9565002813019],[-105.630062836471,40.9599402626204],[-105.630044786499,40.9637187800149],[-105.630016977028,40.9669490122861],[-105.629985042951,40.9706573474453],[-105.629963940244,40.9744288424197],[-105.629944708069,40.9778656589226],[-105.629925325628,40.9813603543625],[-105.629904630771,40.985094268666],[-105.629894569233,40.9937053205514],[-105.629982803316,40.9971864184406],[-105.625230519175,40.9972220179022],[-105.624963246002,40.9972230743337],[-105.610821462124,40.9972781018245],[-105.59184015773,40.997358647208],[-105.586979409319,40.9973632085443],[-105.583951358675,40.9973609490094],[-105.249984646682,40.9983521486911],[-105.201162286422,40.998417212511],[-105.199632474477,40.9984136035666],[-105.193421602352,40.9984058268691],[-105.193423730842,40.9978927809098],[-105.19341750021,40.9970759279147]]]},"properties":{"FID":27,"OG_CODE":3394,"CDE_Code":"5234","School":"Livermore","SchoolFull":"Livermore Elementary","Address":"360 Red Feather Lakes Rd","Loc_Code":"148","BldgID":91480,"ArticArea":"Poudre HS","City":"Fort Collins","State":"CO","Zip":80536,"Phone":"970-488-6520","Shape_Leng":539823.927803,"Shape_Area":9775227388.21,"Shape__Area":1589259893.1328125,"Shape__Length":217592.09060716126,"RIC":"37","RICNC":"38","FCI":"46","NSC":"46","FCA":18.67,"FCA_Remain":11.329999999999998}},{"type":"Feature","id":28,"geometry":{"type":"Polygon","coordinates":[[[-104.975962368329,40.5084160313175],[-104.975962108792,40.5084157212458],[-104.975962086577,40.5084156950285],[-104.975902746208,40.5083435722749],[-104.975886134761,40.5083228036657],[-104.975861503584,40.5082915178501],[-104.975760081373,40.5081559629689],[-104.975665120975,40.5080177081194],[-104.975650534899,40.5079953491741],[-104.975553195401,40.507837089077],[-104.975464297946,40.5076759611628],[-104.975452296871,40.5076527240822],[-104.97538943688,40.5075240037961],[-104.975331952985,40.5073938276221],[-104.975312394315,40.5073461559037],[-104.975253822033,40.5071900871921],[-104.975245492933,40.5071659327643],[-104.975207811009,40.5070486872268],[-104.975174422035,40.5069306860802],[-104.975145351895,40.5068120208826],[-104.975139878283,40.5067873957303],[-104.975111664591,40.5066432996601],[-104.975089812258,40.5064985611592],[-104.975074345939,40.5063533437963],[-104.975072336485,40.5063284127812],[-104.97506465519,40.5061911663506],[-104.975062676199,40.5060538030429],[-104.975066401463,40.5059164608574],[-104.975075827206,40.5057792777713],[-104.975078152423,40.5057543636372],[-104.975090943582,40.5056423916395],[-104.975107534378,40.5055307104733],[-104.975111736783,40.5055059399067],[-104.975130411376,40.505407053386],[-104.975161332313,40.5052158573416],[-104.975199521859,40.505025428235],[-104.975244947672,40.5048359270326],[-104.975297571292,40.5046475139154],[-104.97535734818,40.5044603481432],[-104.97542422775,40.5042745879202],[-104.975498153412,40.5040903902613],[-104.975579062624,40.5039079108592],[-104.975597700034,40.5037698675559],[-104.975607539985,40.5036312965311],[-104.975608559347,40.5034925242667],[-104.975600755772,40.5033538777165],[-104.975584147701,40.5032156835364],[-104.975558774315,40.5030782673145],[-104.975524695447,40.502941952804],[-104.97548199144,40.5028070611606],[-104.975430762955,40.5026739101858],[-104.975371130733,40.5025428135783],[-104.975326159309,40.5024453309761],[-104.975277217213,40.5023489693156],[-104.97526641301,40.5023288338066],[-104.975186705339,40.5021907012214],[-104.97509881983,40.5020554903329],[-104.975002939787,40.5019234830792],[-104.974899265181,40.5017949547167],[-104.974788012233,40.501670173246],[-104.974669412961,40.5015493988538],[-104.974543714698,40.5014328833697],[-104.974411179574,40.5013208697421],[-104.974294368584,40.5012301279595],[-104.974173069966,40.5011428846477],[-104.974047463412,40.5010592690373],[-104.973917734995,40.5009794049851],[-104.973784076888,40.5009034107904],[-104.973706854777,40.5008621863013],[-104.973624840671,40.5008267630542],[-104.973538780091,40.5007974630496],[-104.973449455338,40.5007745526266],[-104.973357678383,40.5007582400424],[-104.973264283485,40.5007486735794],[-104.973170119607,40.5007459401973],[-104.973076042704,40.5007500647424],[-104.972982907939,40.5007610097227],[-104.972891561912,40.5007786756475],[-104.972802834965,40.5008029019327],[-104.972717533635,40.5008334683598],[-104.972636433321,40.5008700970774],[-104.972560271241,40.5009124551274],[-104.972489739724,40.5009601574706],[-104.972425479924,40.5010127704867],[-104.972368075986,40.501069815916],[-104.972175887504,40.5013427413718],[-104.97194681153,40.5016801286052],[-104.971725098513,40.5020203704242],[-104.971510809582,40.5023633731894],[-104.971304003828,40.5027090425],[-104.971256506135,40.5027664636572],[-104.971201856244,40.5028200499845],[-104.971140581617,40.5028692842679],[-104.971073273665,40.502913691298],[-104.971000582033,40.5029528424572],[-104.970923208336,40.5029863598571],[-104.970841899384,40.503013919986],[-104.97075743997,40.5030352568316],[-104.970670645302,40.5030501644492],[-104.970582353129,40.503058498949],[-104.970493415654,40.5030601798859],[-104.97040469131,40.5030551910353],[-104.970317036473,40.5030435805499],[-104.970231297194,40.5030254604952],[-104.970148301036,40.5030010057675],[-104.970068849078,40.5029704524054],[-104.969993708192,40.502934095312],[-104.969923603634,40.5028922854074],[-104.969859212045,40.5028454262422],[-104.969746859815,40.5027689036638],[-104.969629048311,40.5026973248246],[-104.969506150369,40.5026309162386],[-104.969378554917,40.5025698880577],[-104.969246665745,40.5025144334069],[-104.969110900228,40.5024647277732],[-104.968971688003,40.5024209284503],[-104.968829469613,40.5023831740413],[-104.968684695113,40.5023515840197],[-104.968516279572,40.5023426892614],[-104.968348616541,40.5023276401808],[-104.968182091767,40.5023064714015],[-104.968017088378,40.5022792316275],[-104.967853986001,40.5022459835299],[-104.967693159889,40.5022068036037],[-104.967534980053,40.5021617819909],[-104.967379810417,40.5021110222737],[-104.967228007974,40.5020546412355],[-104.96707992197,40.5019927685929],[-104.967231632705,40.5014169790656],[-104.967231644878,40.5014169313903],[-104.967055364746,40.5014194549453],[-104.96689776755,40.5014219838227],[-104.966897496168,40.5014219879808],[-104.966789975143,40.5014237135389],[-104.966355012137,40.5014302240226],[-104.966354879629,40.5014301216474],[-104.964801100109,40.5002243097515],[-104.964218545377,40.4998153551318],[-104.964102669826,40.4997409894167],[-104.963981460086,40.4996717559026],[-104.963855305723,40.4996078770961],[-104.96372461219,40.4995495582937],[-104.963589799525,40.4994969869225],[-104.963451301002,40.4994503319381],[-104.963309561737,40.4994097432811],[-104.963165037258,40.4993753513961],[-104.963018192044,40.499347266812],[-104.962869498028,40.4993255797874],[-104.962864004561,40.4993249095632],[-104.962825631077,40.4993204453094],[-104.962744161882,40.4993063836058],[-104.962664414803,40.4992874226245],[-104.962586894568,40.4992636823722],[-104.96251209181,40.4992353131041],[-104.962433560447,40.4991990027235],[-104.962359484962,40.4991575937134],[-104.962290431829,40.4991114027435],[-104.962226929111,40.4990607830521],[-104.962169462422,40.4990061217449],[-104.962118471212,40.4989478368339],[-104.962086431021,40.4989034810201],[-104.96204850346,40.4988619191784],[-104.962005102528,40.4988236049694],[-104.961956701969,40.4987889566039],[-104.961903830095,40.4987583522785],[-104.961847064022,40.4987321260472],[-104.961653358454,40.4985584747336],[-104.961305534738,40.498139869518],[-104.961252171677,40.4980882813427],[-104.961192542829,40.4980408603704],[-104.9611272036,40.497998048289],[-104.961056762581,40.4979602438574],[-104.960981875877,40.4979277991918],[-104.960903241001,40.4979010164863],[-104.960821590369,40.4978801451985],[-104.960737684489,40.4978653797258],[-104.960652304868,40.4978568575956],[-104.960545614172,40.4978454707519],[-104.960440290616,40.4978281914172],[-104.960336891885,40.4978051110846],[-104.960235965464,40.4977763519632],[-104.960138045752,40.4977420663306],[-104.960043651221,40.497702435727],[-104.959953281677,40.4976576699933],[-104.959867415611,40.49760800616],[-104.959786507664,40.4975537071923],[-104.959710986223,40.4974950605971],[-104.959238379343,40.4970699120122],[-104.958542449028,40.4962743841918],[-104.958198904049,40.4958120277644],[-104.958018066677,40.495568647076],[-104.957893971292,40.4954016316979],[-104.957408029208,40.494696431252],[-104.957354885488,40.4946421466106],[-104.957295697227,40.4945916383623],[-104.95723092264,40.4945452975154],[-104.95716106319,40.4945034828157],[-104.957086659698,40.4944665179693],[-104.957008288159,40.494434689137],[-104.956926555287,40.4944082427193],[-104.956773133165,40.494368123357],[-104.956617214853,40.4943340719001],[-104.956459211804,40.4943061782066],[-104.95629954097,40.4942845158845],[-104.956138623705,40.4942691420982],[-104.955976884649,40.4942600974172],[-104.955814750612,40.4942574057092],[-104.955652649443,40.4942610740775],[-104.955521620301,40.4942687037979],[-104.95539112058,40.4942804899734],[-104.955261376395,40.4942964121824],[-104.955132612554,40.4943164428365],[-104.955014480707,40.4943571091044],[-104.954900100795,40.4944036085614],[-104.954789966356,40.4944557405705],[-104.954684552611,40.4945132801907],[-104.954584314415,40.4945759791478],[-104.954395893781,40.494645867069],[-104.954204460609,40.4947108087441],[-104.95401023761,40.4947707286182],[-104.953813450742,40.4948255569787],[-104.95361432895,40.4948752300365],[-104.953447164035,40.4949668720722],[-104.953435581352,40.4949733873775],[-104.953212703657,40.4951030140818],[-104.952995157055,40.4952378162181],[-104.952783147687,40.4953776660719],[-104.952665874362,40.4954353393585],[-104.952545022681,40.4954885334297],[-104.952420885945,40.4955371191823],[-104.95229376543,40.4955809786975],[-104.952163969657,40.4956200055272],[-104.952031813641,40.4956541049518],[-104.951959492897,40.4956783091462],[-104.951888378669,40.495704514185],[-104.951812308584,40.4957353295304],[-104.951737906965,40.4957684340077],[-104.951632156078,40.4958209595938],[-104.951530599908,40.495878106351],[-104.951445754831,40.4959038383623],[-104.951358528228,40.4959244128644],[-104.951269457108,40.4959397031899],[-104.951179089841,40.4959496152037],[-104.951087982772,40.4959540878823],[-104.950996696806,40.4959530936895],[-104.950905793947,40.4959466387461],[-104.950321354159,40.495848562244],[-104.950253485804,40.4958359697776],[-104.95018779319,40.4958178609734],[-104.950125043196,40.4957944472298],[-104.950065968352,40.4957660018741],[-104.950011258277,40.4957328569711],[-104.949961551639,40.4956953994465],[-104.949916911133,40.4956535277128],[-104.949878528971,40.4956081839248],[-104.949833247429,40.4955371920394],[-104.949795457586,40.4954636899606],[-104.949765395868,40.4953881375902],[-104.949743250344,40.495311007657],[-104.94972915955,40.4952327827591],[-104.949723211623,40.4951539523439],[-104.94972544375,40.4950750096459],[-104.949735841937,40.4949964486003],[-104.949754341096,40.4949187607531],[-104.949780825452,40.4948424321845],[-104.949815129271,40.494767940469],[-104.94994144552,40.4946393021459],[-104.950600518064,40.4939680995168],[-104.950688481351,40.4938785167993],[-104.95072932875,40.4938296026972],[-104.950762040762,40.4937772445074],[-104.950786127107,40.4937222269906],[-104.950801226796,40.493665374764],[-104.950807113534,40.4936075399421],[-104.950803699111,40.4935495893646],[-104.950791034728,40.493492391604],[-104.950769310224,40.4934368039471],[-104.950738851228,40.4933836595466],[-104.950700114282,40.4933337549333],[-104.950653679992,40.4932878380784],[-104.950600244331,40.4932465971828],[-104.950540608201,40.4932106503635],[-104.950475665433,40.4931805363889],[-104.950342343573,40.4931324280928],[-104.950212390418,40.4930792179156],[-104.950086140666,40.4930210429041],[-104.949963919471,40.492958052892],[-104.949846041611,40.492890410114],[-104.949732810674,40.4928182887877],[-104.949624518275,40.4927418746652],[-104.949551627942,40.4926858000339],[-104.949481399127,40.4926277795269],[-104.949374472871,40.4925381907004],[-104.949261576171,40.4924529782209],[-104.949143015912,40.4923723737043],[-104.949019114372,40.4922965962409],[-104.948890208342,40.4922258518001],[-104.948756648212,40.4921603326702],[-104.94861879702,40.4921002169363],[-104.948477029462,40.4920456679966],[-104.94833173088,40.4919968341176],[-104.948210960823,40.4919553823005],[-104.94809385291,40.4919082017059],[-104.947980872786,40.4918554799372],[-104.947874966221,40.4917988538029],[-104.947773825177,40.4917373588748],[-104.947677833092,40.4916712282948],[-104.947587353877,40.4916007127792],[-104.947502730543,40.4915260796677],[-104.947424283893,40.4914476119098],[-104.947352311314,40.4913656069922],[-104.947287085641,40.4912803758103],[-104.947228854131,40.4911922414897],[-104.94717103118,40.4911080841347],[-104.947105320397,40.4910273717988],[-104.947032072027,40.4909505346554],[-104.946951676487,40.4908779822226],[-104.94686456228,40.4908101011814],[-104.946771193716,40.4907472533144],[-104.94667206843,40.4906897735782],[-104.946567714738,40.4906379683186],[-104.946458688816,40.4905921136376],[-104.946345571737,40.4905524539226],[-104.946228966375,40.4905192005437],[-104.946109494193,40.4904925307276],[-104.94598779193,40.4904725866134],[-104.945851679626,40.4904440879042],[-104.945717830249,40.4904099080516],[-104.945586650269,40.4903701508526],[-104.945458538047,40.4903249370411],[-104.945333882624,40.4902744039215],[-104.945213062544,40.4902187049513],[-104.945096444698,40.4901580092751],[-104.944984383216,40.490092501211],[-104.944932498168,40.4900391920065],[-104.944887570596,40.4899823193543],[-104.944850017201,40.4899224107689],[-104.944820186283,40.489860021923],[-104.944798354514,40.489795731493],[-104.944784724364,40.4897301357913],[-104.944779422235,40.4896638432356],[-104.94478249728,40.4895974687051],[-104.944793920952,40.4895316278378],[-104.94480665061,40.4894422764651],[-104.944811042341,40.4893524606341],[-104.944807074029,40.4892626333152],[-104.944794765722,40.4891732475345],[-104.944774179525,40.4890847540899],[-104.944746589112,40.4890280984604],[-104.944711470584,40.4889739258435],[-104.944669200764,40.4889228174828],[-104.944620233198,40.4888753217428],[-104.944565093293,40.4888319482253],[-104.944504372679,40.4887931623025],[-104.944438722859,40.4887593801233],[-104.944368848221,40.4887309641491],[-104.944295498479,40.488708219265],[-104.944219460631,40.4886913895085],[-104.944141550512,40.4886806554517],[-104.944114254166,40.4886783759923],[-104.944140265029,40.4864484751048],[-104.944107474262,40.4850182229719],[-104.944107981252,40.4848470054849],[-104.9441072203,40.4845018160841],[-104.944107783629,40.4843237363226],[-104.94410746231,40.4841439366881],[-104.944105340731,40.4839644706539],[-104.944105016603,40.4837850141163],[-104.944102875322,40.4836079498553],[-104.944104340191,40.4834295312442],[-104.944102976119,40.4827199378584],[-104.944101742028,40.4825418494154],[-104.944103981245,40.4818312437452],[-104.944103637412,40.4816541889042],[-104.944104183824,40.4814781676963],[-104.944107034588,40.4811309365418],[-104.944108000629,40.4807943332552],[-104.94410701437,40.4804765925505],[-104.944107639551,40.4801815067832],[-104.944106983049,40.4800425365142],[-104.94410731527,40.4797831344706],[-104.944135714162,40.47925559224],[-104.944118667959,40.4763203474117],[-104.944126905521,40.4730475610929],[-104.94412238861,40.471933485876],[-104.944126143029,40.4699943576161],[-104.944131419854,40.467421631437],[-104.94415116834,40.4648071879276],[-104.944136514529,40.4638975625609],[-104.944152015556,40.4616068508703],[-104.944164074489,40.4600597216162],[-104.944190300349,40.4576220336586],[-104.944243849522,40.4576215416355],[-104.944400559586,40.4576192891693],[-104.947138665004,40.4575798693329],[-104.94890548876,40.4575543979382],[-104.953677598826,40.457512887558],[-104.95431280883,40.4575140839327],[-104.959319881607,40.4575233750648],[-104.96331819674,40.4575304117477],[-104.963317986196,40.4575468656026],[-104.963330393741,40.4575469184604],[-104.963770405272,40.4575502855898],[-104.965970311728,40.4575564486527],[-104.966448574616,40.4575582641501],[-104.966784850659,40.4575595237478],[-104.967267821267,40.4575613529905],[-104.96852026493,40.457566161692],[-104.96896891668,40.457568605747],[-104.969134225021,40.4575705974418],[-104.96956875782,40.4575718713792],[-104.969680858679,40.4575711137011],[-104.970115353772,40.4575723845196],[-104.970296417251,40.4575739340333],[-104.970730914746,40.4575752007575],[-104.97175953694,40.4575816322114],[-104.972299145071,40.4575800021774],[-104.975209373019,40.4575711680452],[-104.981600573084,40.4575839801121],[-104.982673233351,40.4575894515044],[-104.982993708841,40.4575926515971],[-104.983944681927,40.4575911596802],[-104.985076474404,40.4575893742494],[-104.98693711542,40.4575864154215],[-104.988789072752,40.4575834371646],[-104.989371898553,40.4575824935647],[-104.991554108694,40.4575789348862],[-104.992008348694,40.4575932373671],[-104.992015599337,40.4575934339046],[-104.99216133244,40.4575973857213],[-104.992529281382,40.4575964749155],[-104.993222273557,40.4575954603686],[-104.993928061068,40.4575943488678],[-104.994215547438,40.4575940005271],[-104.999539360684,40.4575860223798],[-105.001467876148,40.45758307462],[-105.001468191153,40.4575524503103],[-105.002463089476,40.4575842273109],[-105.007324563798,40.4577676520898],[-105.010932215592,40.4579036371444],[-105.018583864712,40.4581916824032],[-105.020057694013,40.458284184458],[-105.020394575687,40.4582871500753],[-105.020361052526,40.4656516835366],[-105.020285934133,40.4729586897617],[-105.020187426008,40.4802665195032],[-105.019977395774,40.4874232006377],[-105.001032760747,40.4868682605614],[-105.000988825858,40.4868677800031],[-104.991842837774,40.4867679996762],[-104.991719774345,40.5085824740575],[-104.991712695615,40.508582382748],[-104.98176478714,40.5084529017988],[-104.976050592553,40.5085177586912],[-104.976006284993,40.5084674466413],[-104.976006011332,40.508467132003],[-104.975962368329,40.5084160313175]]]},"properties":{"FID":28,"OG_CODE":0,"CDE_Code":" ","School":"Bamford","SchoolFull":"Bamford Elementary","Address":"6055 Travers Stakes Way","Loc_Code":" ","BldgID":0,"ArticArea":"Timnath Middle-High School","City":"Loveland","State":"CO","Zip":80538,"Phone":" ","Shape_Leng":78737.4451152,"Shape_Area":294805166.76,"Shape__Area":47389333.328125,"Shape__Length":31566.21331364592,"RIC":"39","RICNC":"38","FCI":"0","NSC":"48","FCA":9.03,"FCA_Remain":20.97}},{"type":"Feature","id":29,"geometry":{"type":"Polygon","coordinates":[[[-104.944278120852,40.5227719304358],[-104.944239600478,40.5208219147043],[-104.94423831461,40.52065000393],[-104.94423935101,40.5203048262235],[-104.944238970002,40.5201322326076],[-104.944230980546,40.5197911300622],[-104.944227862512,40.5196233270555],[-104.944226542881,40.5194555335441],[-104.944226298533,40.5193581214329],[-104.944226122453,40.5192877443264],[-104.944225439355,40.5192003608356],[-104.944223491682,40.5189511270379],[-104.944223079726,40.518782307569],[-104.944221768578,40.5186134846924],[-104.944215560851,40.5182744483735],[-104.944214258185,40.5181045961457],[-104.944214756699,40.5179344094028],[-104.944214356042,40.517764217451],[-104.944212159852,40.5175936746803],[-104.944210857215,40.5174238215224],[-104.94421044811,40.5172546597785],[-104.944210935356,40.5170858454382],[-104.944212318953,40.516917377601],[-104.944212800555,40.516749249466],[-104.94421015586,40.5164143475089],[-104.944231860758,40.5155300376608],[-104.944204299825,40.5143902305478],[-104.944205691837,40.514220733265],[-104.944205291218,40.514050542053],[-104.944205789724,40.5138803551347],[-104.944207187357,40.5137101716097],[-104.94420327126,40.5132016427427],[-104.944201052703,40.5130338446556],[-104.944202441877,40.5128646904248],[-104.944202934747,40.5126951896759],[-104.944205228643,40.5125253544119],[-104.944198640699,40.5120137235953],[-104.944198240111,40.5118435322881],[-104.944196929159,40.5116747091136],[-104.944197872647,40.5113408532611],[-104.944196955964,40.511014537206],[-104.944197764186,40.5106971514975],[-104.94419670381,40.5103883340212],[-104.944195257648,40.5102359791851],[-104.94419470774,40.5100839726554],[-104.944193258764,40.5099319618186],[-104.9441936333,40.5097768706836],[-104.944189526578,40.5096200433844],[-104.944187215189,40.5094635677919],[-104.944186202781,40.5091489173402],[-104.944183891416,40.508992441729],[-104.944184282873,40.508835291894],[-104.94418196307,40.5086798456021],[-104.944178741406,40.5085247381133],[-104.944195325,40.508233207916],[-104.944160594194,40.5067932432645],[-104.944161890356,40.5066354114225],[-104.944162264938,40.5064803210594],[-104.944161729224,40.5063265988318],[-104.944162084088,40.5061739093316],[-104.944163340779,40.5060208819168],[-104.944163689995,40.5058688795271],[-104.944163126113,40.5057185874836],[-104.944163725923,40.5054265915552],[-104.944164883987,40.5052855720914],[-104.944166910053,40.5051483320443],[-104.944165497694,40.5048824038996],[-104.944162986476,40.5047502880943],[-104.944159587532,40.50461679644],[-104.944155300872,40.5044819280359],[-104.944152829137,40.5043450086639],[-104.944152172302,40.5042060401251],[-104.944153436797,40.5036141555717],[-104.944152906768,40.5034597461109],[-104.94415328417,40.5033043125132],[-104.94415276259,40.5031488746079],[-104.944153139998,40.5029934400976],[-104.944152621238,40.5028376590691],[-104.944153770344,40.502369298618],[-104.944153262858,40.5022121451207],[-104.944153657165,40.5020546519071],[-104.944150869632,40.5017372482778],[-104.944148583967,40.5015776834737],[-104.944147205716,40.5014170945316],[-104.944146275324,40.5010924932187],[-104.944143566765,40.5007654814974],[-104.944139046247,40.5004401776029],[-104.944138583898,40.5002775333485],[-104.944139014849,40.5001155805124],[-104.944140333467,40.4999550044167],[-104.944141144646,40.4996372738156],[-104.944140631575,40.4994808064338],[-104.944141358222,40.4991733691368],[-104.944139906781,40.4990217009948],[-104.944137547978,40.4988710569791],[-104.944136082465,40.4987211043828],[-104.944136409164,40.4985718466072],[-104.944134938033,40.4984225793221],[-104.944130200762,40.4981236948213],[-104.944129645472,40.4979723731523],[-104.944128196901,40.4978203618533],[-104.944127661333,40.4976666392928],[-104.944126229685,40.4975125684125],[-104.944123000228,40.4973584898233],[-104.944120669689,40.4972044155299],[-104.944119607058,40.4968959401206],[-104.944117282177,40.4967411795862],[-104.944114061237,40.4965860707318],[-104.944111229042,40.4962741555548],[-104.944110716065,40.496117688042],[-104.944108402501,40.4959615550309],[-104.944107359669,40.4956506777444],[-104.944105933738,40.4954959214639],[-104.944104857114,40.4951891614821],[-104.94410251542,40.4950364595524],[-104.944101965852,40.4948844515437],[-104.944123440801,40.4937898549769],[-104.944096054761,40.4902384706276],[-104.944114254166,40.4886783759923],[-104.944141550512,40.4886806554517],[-104.944219460624,40.4886913895212],[-104.944295498465,40.4887082192871],[-104.9443688482,40.4887309641776],[-104.944438722831,40.4887593801552],[-104.944504372646,40.488793162335],[-104.944565093257,40.488831948256],[-104.944620233162,40.4888753217696],[-104.944669200731,40.4889228175041],[-104.944711470558,40.4889739258581],[-104.944746589097,40.4890280984677],[-104.944774179525,40.4890847540899],[-104.944794765709,40.4891732475356],[-104.94480707401,40.489262633316],[-104.944811042321,40.4893524606343],[-104.944806650597,40.4894422764647],[-104.944793920952,40.4895316278378],[-104.944782497259,40.4895974687056],[-104.9447794222,40.4896638432381],[-104.944784724319,40.4897301357968],[-104.944798354464,40.4897957315015],[-104.944820186235,40.4898600219339],[-104.944850017158,40.4899224107808],[-104.944887570563,40.4899823193652],[-104.94493249815,40.4900391920136],[-104.944984383216,40.490092501211],[-104.945096444698,40.4901580092754],[-104.945213062544,40.4902187049518],[-104.945333882624,40.4902744039221],[-104.945458538047,40.4903249370418],[-104.945586650269,40.4903701508532],[-104.945717830249,40.4904099080521],[-104.945851679626,40.4904440879045],[-104.94598779193,40.4904725866134],[-104.946109494194,40.4904925307262],[-104.946228966377,40.4905192005411],[-104.946345571739,40.4905524539191],[-104.946458688819,40.4905921136336],[-104.946567714742,40.4906379683143],[-104.946672068434,40.4906897735738],[-104.94677119372,40.4907472533101],[-104.946864562285,40.4908101011775],[-104.946951676491,40.4908779822193],[-104.947032072031,40.4909505346527],[-104.9471053204,40.4910273717969],[-104.947171031182,40.4911080841337],[-104.947228854131,40.4911922414897],[-104.947287085638,40.4912803758119],[-104.947352311308,40.4913656069953],[-104.947424283886,40.491447611914],[-104.947502730535,40.4915260796725],[-104.94758735387,40.4916007127842],[-104.947677833085,40.4916712282996],[-104.947773825172,40.4917373588787],[-104.947874966218,40.4917988538052],[-104.947980872786,40.4918554799372],[-104.948093852909,40.4919082017062],[-104.948210960823,40.4919553823009],[-104.94833173088,40.4919968341176],[-104.948477029463,40.4920456679953],[-104.948618797021,40.4921002169341],[-104.948756648214,40.4921603326674],[-104.948890208345,40.4922258517971],[-104.949019114375,40.4922965962381],[-104.949143015915,40.4923723737018],[-104.949261576173,40.492452978219],[-104.949374472872,40.4925381906993],[-104.949481399127,40.4926277795269],[-104.949551627946,40.4926858000308],[-104.949624518275,40.4927418746652],[-104.949732810672,40.4928182887897],[-104.949846041608,40.4928904101174],[-104.949963919467,40.4929580528962],[-104.950086140662,40.4930210429084],[-104.950212390415,40.4930792179193],[-104.950342343571,40.4931324280951],[-104.950475665433,40.4931805363889],[-104.950540608205,40.4932106503611],[-104.950600244338,40.4932465971788],[-104.950653680003,40.4932878380734],[-104.950700114295,40.4933337549282],[-104.950738851243,40.4933836595417],[-104.950769310241,40.493436803943],[-104.950791034746,40.4934923916008],[-104.950803699129,40.4935495893626],[-104.95080711355,40.4936075399413],[-104.950801226811,40.4936653747641],[-104.95078612712,40.4937222269915],[-104.95076204077,40.4937772445086],[-104.950729328755,40.4938296026981],[-104.950688481351,40.4938785167993],[-104.950600518064,40.4939680995168],[-104.94994144552,40.4946393021459],[-104.949815129271,40.494767940469],[-104.94978082544,40.494842432183],[-104.949754341075,40.494918760751],[-104.949735841909,40.4949964485987],[-104.949725443717,40.4950750096453],[-104.949723211587,40.4951539523447],[-104.949729159514,40.4952327827614],[-104.949743250311,40.4953110076605],[-104.94976539584,40.4953881375943],[-104.949795457566,40.4954636899645],[-104.949833247418,40.495537192042],[-104.949878528971,40.4956081839248],[-104.949916911137,40.4956535277106],[-104.949961551639,40.4956953994465],[-104.950011258272,40.4957328569762],[-104.950065968344,40.4957660018827],[-104.950125043189,40.4957944472399],[-104.950187793184,40.4958178609827],[-104.950253485801,40.4958359697836],[-104.950321354159,40.495848562244],[-104.950905793947,40.4959466387461],[-104.950996696806,40.4959530936926],[-104.951087982772,40.4959540878875],[-104.951179089842,40.4959496152099],[-104.95126945711,40.4959397031961],[-104.951358528229,40.4959244128694],[-104.951445754832,40.4959038383654],[-104.951530599908,40.495878106351],[-104.95163215608,40.4958209595957],[-104.951737906965,40.4957684340077],[-104.95181230863,40.4957353295941],[-104.951888378669,40.495704514185],[-104.951959492938,40.4956783092133],[-104.952031813641,40.4956541049518],[-104.952163969655,40.4956200055235],[-104.952293765427,40.4955809786917],[-104.952420885941,40.4955371191758],[-104.952545022677,40.495488533424],[-104.95266587436,40.4954353393551],[-104.952783147687,40.4953776660719],[-104.952995157053,40.4952378162161],[-104.953212703654,40.4951030140798],[-104.953435581352,40.4949733873775],[-104.953447164035,40.4949668720722],[-104.95361432895,40.4948752300365],[-104.953813450741,40.4948255569765],[-104.954010237608,40.4947707286149],[-104.954204460607,40.4947108087408],[-104.95439589378,40.4946458670668],[-104.954584314415,40.4945759791478],[-104.954684552606,40.4945132801863],[-104.95478996635,40.4944557405636],[-104.95490010079,40.4944036085544],[-104.955014480703,40.4943571090996],[-104.955132612554,40.4943164428365],[-104.955261376396,40.4942964121842],[-104.95539112058,40.4942804899758],[-104.955521620301,40.4942687037997],[-104.955652649443,40.4942610740775],[-104.955814750611,40.494257405718],[-104.955976884648,40.4942600974322],[-104.956138623702,40.494269142117],[-104.956299540966,40.4942845159044],[-104.956459211799,40.4943061782252],[-104.956617214849,40.4943340719149],[-104.956773133162,40.4943681233655],[-104.956926555287,40.4944082427193],[-104.957008288166,40.4944346891287],[-104.957086659709,40.4944665179559],[-104.957161063205,40.4945034828002],[-104.957230922656,40.4945452975007],[-104.957295697241,40.4945916383507],[-104.957354885497,40.494642146604],[-104.957408029208,40.494696431252],[-104.957893971292,40.4954016316979],[-104.958018066677,40.495568647076],[-104.958198904049,40.4958120277644],[-104.958542449028,40.4962743841918],[-104.959238379343,40.4970699120122],[-104.959710986223,40.4974950605971],[-104.959786507664,40.4975537071921],[-104.959867415611,40.4976080061597],[-104.959953281678,40.4976576699929],[-104.960043651222,40.4977024357265],[-104.960138045753,40.4977420663301],[-104.960235965465,40.4977763519627],[-104.960336891885,40.4978051110842],[-104.960440290617,40.4978281914169],[-104.960545614172,40.4978454707517],[-104.960652304868,40.4978568575956],[-104.960737684485,40.4978653797346],[-104.960821590362,40.4978801452137],[-104.96090324099,40.4979010165054],[-104.960981875863,40.4979277992124],[-104.961056762565,40.4979602438772],[-104.961127203584,40.4979980483061],[-104.961192542816,40.498040860383],[-104.961252171669,40.4980882813495],[-104.961305534738,40.498139869518],[-104.961653358454,40.4985584747336],[-104.961847064022,40.4987321260472],[-104.961903830086,40.4987583522872],[-104.961956701953,40.4987889566171],[-104.962005102509,40.4988236049832],[-104.962048503442,40.4988619191898],[-104.96208643101,40.4989034810266],[-104.962118471212,40.4989478368339],[-104.962169462405,40.4990061217557],[-104.962226929085,40.4990607830707],[-104.962290431802,40.4991114027657],[-104.962359484939,40.4991575937342],[-104.962433560434,40.4991990027371],[-104.96251209181,40.4992353131041],[-104.962586894569,40.4992636823703],[-104.962664414804,40.499287422622],[-104.962744161883,40.4993063836039],[-104.962825631077,40.4993204453094],[-104.962864004561,40.4993249095632],[-104.962869498028,40.4993255797874],[-104.963018192041,40.4993472668208],[-104.963165037251,40.4993753514115],[-104.963309561727,40.4994097433011],[-104.963451300989,40.4994503319605],[-104.963589799511,40.4994969869456],[-104.963724612175,40.4995495583154],[-104.963855305709,40.4996078771146],[-104.963981460075,40.4996717559164],[-104.964102669819,40.4997409894242],[-104.964218545377,40.4998153551318],[-104.964801100109,40.5002243097515],[-104.966354879629,40.5014301216474],[-104.966355012137,40.5014302240226],[-104.966158721955,40.501433161322],[-104.96290060383,40.5014818637074],[-104.962900188498,40.5014818698924],[-104.962902155553,40.5017619466981],[-104.962909661493,40.5025113105561],[-104.962933701339,40.5052994286313],[-104.962963438438,40.5087479390684],[-104.963050236987,40.5123115736669],[-104.963213053729,40.518663948991],[-104.963263478829,40.5204848870788],[-104.963314592992,40.5223305872161],[-104.96333042129,40.5229021130861],[-104.959030079264,40.522873447632],[-104.957251807901,40.5228615826919],[-104.954604615799,40.5228437962619],[-104.95319367434,40.5228341213643],[-104.951119181478,40.5228197118676],[-104.948917659042,40.5228043783767],[-104.947873371833,40.5227970913213],[-104.944278120852,40.5227719304358]]]},"properties":{"FID":29,"OG_CODE":1297,"CDE_Code":"0498","School":"Bethke","SchoolFull":"Bethke Elementary","Address":"5100 School House Drive","Loc_Code":"110","BldgID":91100,"ArticArea":"Timnath Middle-High School","City":"Timnath","State":"CO","Zip":80547,"Phone":"970-488-4300","Shape_Leng":36027.9223536,"Shape_Area":54611615.7742,"Shape__Area":8786647.640625,"Shape__Length":14460.444969358769,"RIC":"63","RICNC":"56","FCI":"29","NSC":"79","FCA":16.28,"FCA_Remain":13.719999999999999}},{"type":"Feature","id":37,"geometry":{"type":"Polygon","coordinates":[[[-105.710925424131,40.7519447102764],[-105.71091519771,40.7483864898176],[-105.710905874994,40.7448279183371],[-105.710979304184,40.7411906276398],[-105.711052726187,40.7375533327016],[-105.710072106358,40.7340754198811],[-105.709090690622,40.7305974906644],[-105.708110272016,40.7271195532499],[-105.707129052112,40.723641604945],[-105.702392921034,40.723626939109],[-105.697655882657,40.7236124210039],[-105.692919748883,40.7235980560761],[-105.688184520611,40.7235834971165],[-105.683452855956,40.7235519248937],[-105.678721206573,40.7235208475998],[-105.673990456403,40.7234895817088],[-105.669258807917,40.7234581204124],[-105.666583896292,40.7233881085584],[-105.664518817676,40.7233338436531],[-105.659778845402,40.7232097205239],[-105.655038899178,40.7230853983675],[-105.650298961937,40.7229608894372],[-105.644255576406,40.7092535147346],[-105.628466438426,40.7085593557457],[-105.607780989871,40.7093770217531],[-105.587149831898,40.7086456246617],[-105.568521619667,40.7085352458081],[-105.550306515685,40.708518113624],[-105.531982319397,40.7085153196592],[-105.513517446037,40.7084444708546],[-105.498256644106,40.7100407062445],[-105.496432496344,40.710229438988],[-105.495631399435,40.7103123133063],[-105.490954840135,40.710487028205],[-105.486278265563,40.7106615506218],[-105.481291597945,40.7103215298044],[-105.476177637254,40.7098701194115],[-105.471507224227,40.7100357837218],[-105.457656517679,40.7102038349932],[-105.437239015014,40.7100604712348],[-105.437300053741,40.7025981064623],[-105.437330568612,40.6988665716964],[-105.437312643629,40.6960375511424],[-105.437306983345,40.6951435635954],[-105.434766357278,40.695174437548],[-105.420417843926,40.695352167166],[-105.40134144603,40.6955454925733],[-105.3993408404,40.6955568184047],[-105.382076338143,40.6958144153344],[-105.380472407882,40.6958381736689],[-105.373864301837,40.695932326279],[-105.36735632381,40.6960246868233],[-105.362759688519,40.696089701737],[-105.361603837921,40.6961072028599],[-105.357429535679,40.6961656207247],[-105.355919853962,40.6961873132104],[-105.353136918128,40.6962258427253],[-105.349800129598,40.6962732542058],[-105.348580265951,40.6962899638637],[-105.348037300837,40.696297950226],[-105.342736019851,40.6963731844903],[-105.323870795216,40.6966393945821],[-105.323498816332,40.7006144838727],[-105.323256031355,40.7044952595987],[-105.323226911567,40.7107407814064],[-105.318526968221,40.7107639671994],[-105.313826890128,40.7107867444245],[-105.309177614459,40.7110183655489],[-105.304534634184,40.7112495323692],[-105.304810049565,40.725455228307],[-105.286276745242,40.7259363354744],[-105.281122051343,40.7259127063321],[-105.276017865221,40.7258899730864],[-105.270920072409,40.725846782417],[-105.265822283191,40.7258026869632],[-105.261169279513,40.7257270250547],[-105.256515392792,40.7256511806108],[-105.251861506071,40.7255754906179],[-105.247208533835,40.7254996167276],[-105.24250033048,40.7257188407103],[-105.237792093888,40.7259382212307],[-105.233084730458,40.7261574131336],[-105.228376430984,40.7263767581695],[-105.226046479614,40.7263570633773],[-105.223716065613,40.7263373263712],[-105.221386549028,40.7263175451089],[-105.214396243966,40.7262585920516],[-105.209736794877,40.7262189484621],[-105.204953634298,40.726211398661],[-105.200171385509,40.7262036541573],[-105.194725276336,40.7261949865207],[-105.190605073335,40.726188268625],[-105.185856914713,40.7262194787862],[-105.181108744413,40.7262504996773],[-105.17636057591,40.7262816730474],[-105.171550561094,40.7262315074078],[-105.16994294235,40.7262369951381],[-105.168149295086,40.7262430084265],[-105.162930036573,40.7262605336223],[-105.162521658852,40.7262619033418],[-105.161958746647,40.726263782281],[-105.158888210683,40.726273005421],[-105.152566640264,40.726291878543],[-105.143037081762,40.7262471720479],[-105.143043654735,40.7216318283523],[-105.143048873048,40.7178657183906],[-105.143052826534,40.7148253929881],[-105.143056784511,40.7117841824483],[-105.145429911608,40.7117917733793],[-105.145467336321,40.7091203121158],[-105.145510712373,40.7060231400901],[-105.145531587423,40.7045329065029],[-105.142966092396,40.7045278303487],[-105.133592352968,40.7045081563319],[-105.133600759402,40.7039133131956],[-105.124029018709,40.7039711943947],[-105.114786067698,40.7039253826222],[-105.114693211542,40.7039805772542],[-105.114690219254,40.7041888310396],[-105.114569836022,40.7042475033215],[-105.1144654446,40.7042500305134],[-105.105201517028,40.7044261730271],[-105.105198781658,40.7047048526551],[-105.102815040966,40.7046774677751],[-105.100419914128,40.704651281437],[-105.098762089441,40.7046331512753],[-105.095620211074,40.7045987555057],[-105.095622515252,40.704224976511],[-105.095625495863,40.703745045834],[-105.095629504145,40.7030999467523],[-105.094185030237,40.7022602407648],[-105.094051816368,40.7016351849105],[-105.094073262747,40.7015086002692],[-105.094137714174,40.7013875051662],[-105.094406265528,40.701009557933],[-105.095452455186,40.6999393360885],[-105.095649631798,40.6998669022225],[-105.095659019192,40.6980911728419],[-105.095014841794,40.6980581004058],[-105.094230813773,40.6980178427293],[-105.094211029277,40.6963079192153],[-105.094201935632,40.6955221005605],[-105.094083325675,40.6922999846549],[-105.094496834573,40.6923490847058],[-105.094465868747,40.6908548030215],[-105.094423807829,40.6888437717657],[-105.094373046727,40.6863764863611],[-105.094312391581,40.6834477121108],[-105.094442334683,40.6827856639272],[-105.094505274245,40.6792398057748],[-105.094548087054,40.6760390355836],[-105.094564702293,40.6747971037486],[-105.085154577502,40.6717107852591],[-105.080697043638,40.668263552778],[-105.07839557066,40.6685649504751],[-105.078386338673,40.6742467142904],[-105.077914684522,40.6742446431174],[-105.075636577622,40.6742346176854],[-105.075613173814,40.6755603026003],[-105.075610814838,40.6756940846583],[-105.070029484062,40.6757223173971],[-105.069386730493,40.6757255474016],[-105.069385841161,40.6757255521706],[-105.069385992078,40.6757248211445],[-105.069526901813,40.6749996134303],[-105.069637080183,40.6743995850746],[-105.069674412369,40.6741986623792],[-105.06978911735,40.6735952188848],[-105.070032953355,40.6721211582403],[-105.069692632,40.6721221897718],[-105.067492459341,40.6721310443177],[-105.066224858322,40.6721447247115],[-105.065943532026,40.6721356507796],[-105.064665843825,40.6721450633317],[-105.063576056231,40.6721530559943],[-105.063472114864,40.6721538163567],[-105.062823410855,40.6749992775498],[-105.062650730403,40.6757592127451],[-105.062544077022,40.6762409440047],[-105.062332973829,40.6771892124665],[-105.061911385483,40.6790829477891],[-105.061832419078,40.6794376380979],[-105.059298224051,40.6794682768014],[-105.059109499688,40.680314346083],[-105.05897781565,40.6809757280377],[-105.058565285017,40.6827656122244],[-105.056715646661,40.6827585874851],[-105.0566772877,40.6807104826764],[-105.055430187133,40.679250578473],[-105.053103603548,40.6765257613554],[-105.052292698833,40.6755759934684],[-105.05127660094,40.6743757550538],[-105.049946577788,40.6728046159093],[-105.048683088358,40.6713256130844],[-105.044839019391,40.6712937544521],[-105.039032297716,40.6712206598901],[-105.038775427156,40.6712172538822],[-105.0383300092,40.6712123305348],[-105.038355374929,40.6697205074821],[-105.038364382336,40.6691908452927],[-105.038377307297,40.6684305545101],[-105.038326828266,40.6682423649544],[-105.038328653643,40.6681071881711],[-105.038328353605,40.6680193513918],[-105.038329953505,40.6679171116663],[-105.038334200739,40.6675596107173],[-105.038345037117,40.6672927155089],[-105.038348739972,40.6670148135707],[-105.038348845075,40.6668676201676],[-105.038322042042,40.6667017933158],[-105.038353530688,40.6665777131765],[-105.03835808335,40.6664391151835],[-105.038358180368,40.6661611987861],[-105.038355514168,40.6660239456746],[-105.038353770538,40.6658836069362],[-105.038355661492,40.6657388231706],[-105.038356663113,40.6655923206118],[-105.038356779894,40.6654434117189],[-105.03835780038,40.6652941638386],[-105.038359731758,40.6651435473733],[-105.038359782064,40.6651360833183],[-105.038368173227,40.6647481121188],[-105.038387707991,40.6635557549414],[-105.03839304578,40.6633022185978],[-105.038391203336,40.6631762909369],[-105.038417428752,40.6610535854634],[-105.038443128654,40.6599303502157],[-105.038468184464,40.6583737669557],[-105.038477387704,40.6579500642622],[-105.03847831746,40.6575503462077],[-105.038493168409,40.656261997869],[-105.038531884001,40.654326708803],[-105.038554575445,40.6537750790503],[-105.03569130597,40.6537510004027],[-105.035689928852,40.653558168498],[-105.035693610148,40.6532847244118],[-105.035692459406,40.6526261551033],[-105.035705634997,40.6520598733147],[-105.035735617168,40.6514993518614],[-105.035735017093,40.6513622403284],[-105.035718876164,40.6511822526872],[-105.035694376411,40.6510764765219],[-105.035668998106,40.6510058276743],[-105.035604831445,40.6508647648881],[-105.03554519948,40.6507581628663],[-105.035478371111,40.650649816593],[-105.035408859475,40.6505387146408],[-105.03533575817,40.6504255405909],[-105.035261772923,40.6503099604725],[-105.03518870306,40.6501923245912],[-105.035040798143,40.6499519010133],[-105.034966830863,40.6498335761289],[-105.034892854599,40.6497169658334],[-105.034818884623,40.6495993275436],[-105.034744927224,40.6494799728786],[-105.034671878022,40.6493595929321],[-105.034598819837,40.649240584072],[-105.03452575177,40.6491229490318],[-105.034316378732,40.6487817465373],[-105.034250458559,40.6486730603603],[-105.03418811997,40.6485674765095],[-105.034138400016,40.6484612572681],[-105.034110294426,40.6483561522268],[-105.034107415325,40.6482511499375],[-105.034130661928,40.6481462510821],[-105.03416833278,40.648040037986],[-105.034211433049,40.6479304147975],[-105.034258165206,40.6478166896993],[-105.034304911737,40.6477009060415],[-105.034349843671,40.6475868302205],[-105.034435165657,40.64736414973],[-105.034474652902,40.6472558851886],[-105.034511405675,40.6471520698501],[-105.034612524535,40.6468594585159],[-105.034649129984,40.6467769155921],[-105.034701880854,40.6467047299821],[-105.034778849406,40.646648081795],[-105.034833817318,40.6466296529935],[-105.034879986232,40.646614174105],[-105.03499897977,40.6466036701333],[-105.035070458717,40.6466037750981],[-105.035332193655,40.6466057469358],[-105.035446714481,40.6466071728206],[-105.035614276332,40.64660852782],[-105.035954799809,40.6466122874661],[-105.036503435089,40.646616188201],[-105.036868569709,40.6466173066888],[-105.037060187546,40.6466187468867],[-105.037579407492,40.6466261332677],[-105.037928612287,40.6466280294485],[-105.038211523211,40.6466250352277],[-105.038240053704,40.646623682955],[-105.038251411104,40.6466231444996],[-105.038299954266,40.6466208434548],[-105.038325076551,40.6466196527186],[-105.038367817494,40.6466127304991],[-105.038409856853,40.6466059214227],[-105.0384722179,40.6465770043103],[-105.038509391084,40.6465424974667],[-105.038518455984,40.6465342986211],[-105.03854948559,40.6464760935364],[-105.03856169639,40.6464030597015],[-105.038559581756,40.6463169310382],[-105.038560186322,40.6460233290925],[-105.038559980608,40.6458593050472],[-105.038570518745,40.6442792895446],[-105.038634660252,40.6392824414366],[-105.038673565389,40.6376790065409],[-105.038722370858,40.6356673693352],[-105.038789542384,40.6321788711979],[-105.038797402643,40.6316752895721],[-105.038826264614,40.6294789324893],[-105.038846138043,40.6279664488644],[-105.03884647042,40.6266967211627],[-105.038817599465,40.6263451518614],[-105.038769471325,40.6259488478141],[-105.038742389815,40.6257628572361],[-105.038732134647,40.6256925470407],[-105.038698966152,40.6254005527603],[-105.038685283912,40.6251145639384],[-105.038684136763,40.6248023841385],[-105.03887101419,40.6248037825347],[-105.047150417855,40.6248654189819],[-105.04841033738,40.624875118428],[-105.04875348214,40.6248743902537],[-105.049420856735,40.6248735454897],[-105.049898142425,40.6251512541002],[-105.050142847102,40.6253268440597],[-105.050151819475,40.6253320251074],[-105.050170006766,40.6253056780542],[-105.050238009233,40.6252376575686],[-105.050479189819,40.6249956673032],[-105.050291729385,40.624888619651],[-105.05315462067,40.6249071308174],[-105.054045276918,40.6249129193911],[-105.054735103106,40.6249035601741],[-105.056090115592,40.6248970386529],[-105.061136806841,40.6268079343897],[-105.061841111177,40.6268186364687],[-105.061998838273,40.6271332599179],[-105.06217492334,40.6274801200753],[-105.062301477099,40.62765329381],[-105.06329564981,40.6268042615793],[-105.063440068365,40.6266809253909],[-105.063753038715,40.6268909710786],[-105.064031037651,40.6270769441973],[-105.064388412624,40.6267368241886],[-105.064447108545,40.6266807413069],[-105.064515466744,40.6266178479445],[-105.064673961002,40.6267224779168],[-105.064689890826,40.6267329938803],[-105.064708753651,40.626740955849],[-105.06465472897,40.626878340907],[-105.064536323829,40.6273627139443],[-105.064639722613,40.6273984708705],[-105.064997748864,40.6275282663198],[-105.065105219712,40.62756743753],[-105.065355424773,40.6276586301236],[-105.065711998448,40.6277900354349],[-105.065571827128,40.6280180356973],[-105.065521505302,40.6281021187746],[-105.065738220271,40.6281982460237],[-105.065664427264,40.628296598452],[-105.065043223381,40.6291203883513],[-105.064662067307,40.6296276346297],[-105.065056937062,40.6297703887547],[-105.065283335869,40.6298509919662],[-105.065468043865,40.629917430843],[-105.06645496807,40.6302760259238],[-105.06665174583,40.6303483642881],[-105.066748806101,40.6303824547701],[-105.067405647949,40.6303911096483],[-105.067672830271,40.6303950454189],[-105.068365639764,40.6304033451013],[-105.068466640046,40.6304046090745],[-105.068491954571,40.6304915218341],[-105.068805324671,40.6304927673983],[-105.068999348196,40.6304655906411],[-105.069096407569,40.6304446164736],[-105.069232140314,40.6304385549959],[-105.069365617389,40.6304488944816],[-105.069668795204,40.6305304233771],[-105.069969633806,40.6306414815978],[-105.070504971325,40.6307960714757],[-105.070625262928,40.6308139987898],[-105.070803143727,40.6308582123416],[-105.07091969205,40.6309037184614],[-105.07102118461,40.6309382783852],[-105.071144162175,40.6310305483103],[-105.07114709787,40.630925763513],[-105.071125164604,40.6308337293286],[-105.071206991245,40.6298619983044],[-105.071161017265,40.6292337464708],[-105.071302990606,40.6292197068486],[-105.071920791671,40.6292271251527],[-105.072462048189,40.6292322022693],[-105.073264417113,40.6292406384495],[-105.076060061414,40.6292499227462],[-105.076123755561,40.6196131638422],[-105.076658178594,40.6196153048979],[-105.085069065074,40.6247548911506],[-105.08509148343,40.6251297028171],[-105.085720176568,40.6251527036247],[-105.085841096094,40.6252265822875],[-105.088350408686,40.625307922562],[-105.089391581253,40.6261839484686],[-105.089216419654,40.6264014750171],[-105.089463552477,40.6266940103554],[-105.091741173388,40.6267167719969],[-105.093533364482,40.6267350556198],[-105.093564493801,40.6255643086733],[-105.093565958055,40.6255092359232],[-105.093570085814,40.6253493211721],[-105.093705604759,40.6253512063665],[-105.09443146417,40.6253599143959],[-105.095332566927,40.6253592019084],[-105.104068362366,40.6254188224257],[-105.104787373021,40.6253217830096],[-105.104815906209,40.6232855590884],[-105.104837166637,40.621768250939],[-105.104891295523,40.6181232370443],[-105.104914476549,40.6165537509323],[-105.10492344982,40.6158817014508],[-105.104969401342,40.6126979530135],[-105.104971880692,40.6125261514324],[-105.105791234063,40.6123694441266],[-105.106911292187,40.6121641938724],[-105.107303282841,40.6124075638125],[-105.10760592526,40.6124993519771],[-105.107782710115,40.6125109503686],[-105.108302622662,40.6124796951267],[-105.108542700116,40.612427112938],[-105.109055447701,40.6122302834593],[-105.109416401562,40.6120690439561],[-105.11017110408,40.6118080411096],[-105.111052350475,40.6117821081182],[-105.111518800686,40.6118645511008],[-105.113009700427,40.6116693177644],[-105.113221590545,40.6117028899546],[-105.113521022385,40.6117503308473],[-105.113987095304,40.6121322101551],[-105.113994567491,40.612143001874],[-105.114183848809,40.6123550722649],[-105.114273913001,40.6124682794891],[-105.11441509313,40.6128244607837],[-105.114464599285,40.6130248604726],[-105.114793059286,40.6137224222321],[-105.11631008473,40.6142395232676],[-105.116928748178,40.6141866962906],[-105.117928481461,40.613678620812],[-105.118118126597,40.613549675407],[-105.118355156068,40.6133885106901],[-105.118923005414,40.6130024058084],[-105.119914528095,40.6128546561392],[-105.120052430271,40.612960654488],[-105.120250608504,40.613112983091],[-105.120555697934,40.6133474865471],[-105.120553357823,40.6137627158037],[-105.120986225416,40.6144626722552],[-105.12139613746,40.6146441302377],[-105.121734642422,40.6146789699776],[-105.122182656508,40.6146841143458],[-105.12273750274,40.6148479231259],[-105.122737894406,40.6146916270049],[-105.123919947962,40.6147034452743],[-105.123974205307,40.6117733294423],[-105.123981517593,40.6113970543842],[-105.12398675567,40.6111031658911],[-105.126065943226,40.6111127677706],[-105.126699241128,40.6111162457238],[-105.12744621005,40.6115100559194],[-105.130368939912,40.6130508604929],[-105.130597924071,40.6124325704892],[-105.130908511191,40.611593927916],[-105.131913793367,40.6121079098573],[-105.132291591538,40.6122471887551],[-105.132782731047,40.6123535610882],[-105.132992873941,40.6123792544974],[-105.133323812394,40.6123769720486],[-105.133348727168,40.6111524484778],[-105.133401820296,40.6111527437627],[-105.133400823166,40.6105763499735],[-105.133386710633,40.6105443102576],[-105.133386255187,40.6105068905613],[-105.133392590107,40.6104876729876],[-105.13343795952,40.6104236541496],[-105.133511099452,40.610385799296],[-105.133511738154,40.6097699158385],[-105.133511522559,40.6083154650588],[-105.133511587237,40.6076256937989],[-105.133622415987,40.6076252314116],[-105.143098036047,40.6076556098431],[-105.145539879771,40.6076662263324],[-105.146361028874,40.6076694030268],[-105.149094578029,40.6076803796028],[-105.149512359315,40.6076802507073],[-105.14990854061,40.6076800856666],[-105.150400160717,40.6076798660668],[-105.150891775435,40.6076798756147],[-105.152675412771,40.6076866538796],[-105.152683813815,40.609814631608],[-105.152689607949,40.6112748170101],[-105.1526901137,40.6113433133937],[-105.157226308543,40.6098281181439],[-105.157409050126,40.6097670768168],[-105.159629644186,40.6090254394699],[-105.160886064773,40.6082406415627],[-105.161851625244,40.6079957240296],[-105.162159999813,40.6080538917352],[-105.162206481341,40.6061715128008],[-105.162293367294,40.6026340587115],[-105.16238490113,40.5989271297705],[-105.167310372816,40.598922611017],[-105.167276812655,40.6002939755718],[-105.16814298532,40.6002919934995],[-105.174345326842,40.5987729374533],[-105.174600858913,40.5991481056486],[-105.17499767891,40.5994837396384],[-105.175771484103,40.5995281799131],[-105.176350716899,40.5991225838096],[-105.176420366877,40.5984874894397],[-105.176395483543,40.5979102811396],[-105.176306556618,40.5973725077811],[-105.176701368881,40.5969033920236],[-105.177508602182,40.5967591202488],[-105.178441043565,40.5966852783155],[-105.178624694243,40.5962071109948],[-105.179008489567,40.5958336663513],[-105.179397685562,40.5955658833595],[-105.179832286005,40.5953033372406],[-105.180211755042,40.5950242276393],[-105.180149284401,40.5946171185529],[-105.179606291439,40.5947884682265],[-105.179137999682,40.5950227072032],[-105.178500716853,40.5953414707535],[-105.177650297045,40.5957668334223],[-105.177031484476,40.5960763427168],[-105.176880376167,40.596151920596],[-105.176847564303,40.5961654514972],[-105.1768308763,40.5961704670088],[-105.176814195484,40.5961754777453],[-105.176797384412,40.5961801856272],[-105.176780495186,40.5961846875134],[-105.1767635314,40.5961889820397],[-105.176746490359,40.5961930644314],[-105.176729398114,40.5961969353708],[-105.176712240292,40.5962006044071],[-105.176695033063,40.5962040442564],[-105.176677781816,40.596207283567],[-105.176660482061,40.5962102998296],[-105.17664315266,40.5962131094146],[-105.176625788226,40.5962156952695],[-105.176608395045,40.5962180628512],[-105.176590981204,40.5962202189806],[-105.176573553887,40.5962221513801],[-105.176556121181,40.5962238675526],[-105.176538674101,40.596225358631],[-105.17652122792,40.5962266334825],[-105.17650379701,40.596227684604],[-105.176486375084,40.5962285174524],[-105.176468954055,40.5962291272529],[-105.176451571655,40.5962295201445],[-105.176434203627,40.5962296838493],[-105.176419612292,40.5962296545189],[-105.176402311638,40.5962293052819],[-105.176385056798,40.5962289553628],[-105.176358938281,40.5962187811063],[-105.176333038953,40.5962086914291],[-105.17630739834,40.5961980049095],[-105.176282067645,40.5961869677869],[-105.176257053158,40.5961755916566],[-105.176232369251,40.5961638751545],[-105.176208024906,40.5961518189624],[-105.176184010244,40.5961394299012],[-105.176160349518,40.5961267120633],[-105.176137049914,40.5961136709053],[-105.176114108738,40.5961003077914],[-105.176091529584,40.5960866329528],[-105.176069338501,40.5960726409325],[-105.176047530999,40.5960583378694],[-105.17602611157,40.5960437339947],[-105.176005281435,40.5960286744703],[-105.175984464775,40.5960136258562],[-105.175958432496,40.5959975977347],[-105.17594639597,40.5959900236308],[-105.175932746069,40.595981290628],[-105.175920922443,40.5959735562274],[-105.175907507901,40.5959646335969],[-105.175895897176,40.5959567382172],[-105.175882725179,40.5959476211842],[-105.175871321067,40.5959395580044],[-105.1758583997,40.5959302636212],[-105.175847214776,40.59592203878],[-105.175834550327,40.5959125615899],[-105.175823585491,40.595904180544],[-105.175811171672,40.5958945246394],[-105.175800434109,40.5958859901172],[-105.17578827631,40.5958761554978],[-105.175777767818,40.5958674695455],[-105.175765874124,40.5958574637145],[-105.175755592905,40.5958486290604],[-105.175743965112,40.5958384499712],[-105.175733919252,40.5958294638867],[-105.175722561852,40.5958191244993],[-105.175712757639,40.5958099944874],[-105.17570167153,40.5957994879806],[-105.175692118846,40.5957902194982],[-105.175681296841,40.5957795526928],[-105.175671977719,40.5957701443754],[-105.175661442277,40.5957593213641],[-105.175652373784,40.5957497752579],[-105.175642124905,40.5957387967226],[-105.175633378009,40.595729083497],[-105.175614624779,40.5957082532614],[-105.175608226978,40.5956944173649],[-105.175601813007,40.5956805473601],[-105.175595393646,40.5956666664387],[-105.1755889662,40.5956527677795],[-105.175582538754,40.595638853429],[-105.175573075002,40.5956183901404],[-105.175552292478,40.5955734438692],[-105.175531524327,40.5955285425871],[-105.175523042434,40.595509527386],[-105.175520537033,40.5955005794555],[-105.175515183074,40.5954904630675],[-105.175506092123,40.5954732765958],[-105.175495945652,40.595453134531],[-105.175494831741,40.59544575886],[-105.175487717982,40.5954344658212],[-105.175484552319,40.5954181599414],[-105.17546278614,40.595392086214],[-105.175447011724,40.5953655043028],[-105.175430555486,40.5953391843122],[-105.175413438987,40.595313128289],[-105.175395660429,40.5952873451008],[-105.175377231491,40.5952618442976],[-105.175358147681,40.5952366320187],[-105.175349560685,40.5952198711208],[-105.175343931841,40.5952088993196],[-105.175337105544,40.5952031436422],[-105.175318073836,40.595187094863],[-105.175304662887,40.5951715760828],[-105.175298000083,40.5951624105125],[-105.175290781221,40.5951548110758],[-105.175271656089,40.5951306867296],[-105.175259474035,40.5951305134724],[-105.175247093454,40.5951303340763],[-105.175234369716,40.5951301533158],[-105.175221601961,40.5951299725554],[-105.175208806358,40.5951297917951],[-105.175195979314,40.5951296103525],[-105.174976922437,40.5951264930882],[-105.174964204988,40.5951263123279],[-105.174951533352,40.5951261322496],[-105.174938903938,40.595125950807],[-105.174926325727,40.5951257707287],[-105.174913631634,40.5951255954252],[-105.174900725538,40.5951254092079],[-105.174887855375,40.5951252229906],[-105.174875021145,40.5951250422302],[-105.174862223745,40.5951248614698],[-105.174849126308,40.5951385869815],[-105.174836343282,40.5951414818759],[-105.174823612357,40.5951445322923],[-105.174810929942,40.5951477389128],[-105.174798291545,40.5951511024194],[-105.17478572591,40.5951546173553],[-105.174773218667,40.5951582878131],[-105.174760775203,40.5951621090179],[-105.174748404504,40.5951660823341],[-105.174736106567,40.5951702057151],[-105.174723888581,40.5951744798432],[-105.174711749647,40.5951788992613],[-105.174699698747,40.5951834646515],[-105.174681491693,40.5951907025645],[-105.174665521444,40.5951958477509],[-105.1746494416,40.5952007985344],[-105.174633297078,40.5952055521866],[-105.174617058233,40.595210105979],[-105.174600746624,40.5952144633224],[-105.17458436315,40.5952186201241],[-105.174567915895,40.595222570245],[-105.174551408453,40.595226323917],[-105.174534846214,40.5952298668155],[-105.174518223788,40.5952332078083],[-105.174501560938,40.5952363421205],[-105.174484860359,40.5952392704342],[-105.174468117559,40.5952419859284],[-105.174459151474,40.5952433276457],[-105.17445134691,40.5952444954241],[-105.174435118845,40.5952467934645],[-105.174418341909,40.5952488895994],[-105.174401545209,40.595250762683],[-105.174384741324,40.59525244],[-105.174367932048,40.5952538997228],[-105.174351109298,40.5952551479904],[-105.174334315294,40.5952561779817],[-105.174317516798,40.5952570019747],[-105.174300732675,40.5952576076914],[-105.174283971908,40.5952580012708],[-105.174267240786,40.5952581840772],[-105.174250533919,40.5952581424683],[-105.174233863882,40.595257900318],[-105.174217238761,40.5952574405736],[-105.174200652267,40.5952567686919],[-105.174184125063,40.5952558798981],[-105.174167640977,40.595254778967],[-105.174151226062,40.5952534658986],[-105.174134876724,40.595251946832],[-105.174118602844,40.5952502108532],[-105.17409142701,40.5952468187028],[-105.174064844963,40.5952313244925],[-105.174038269203,40.5952158350534],[-105.174011700631,40.5952003572067],[-105.173985148227,40.5951848854953],[-105.173958644333,40.595169434926],[-105.173932164694,40.5951540082271],[-105.17390573536,40.5951386081271],[-105.173857672797,40.5951105636607],[-105.173708940532,40.5951084436476],[-105.173690632867,40.5951624330223],[-105.173671090916,40.5952156433794],[-105.173650305697,40.5952687049934],[-105.173628284396,40.5953215892161],[-105.173605032403,40.5953742871803],[-105.173580640448,40.5954267743304],[-105.173554923478,40.5954790684018],[-105.173528000071,40.5955311359717],[-105.173499883701,40.595582943617],[-105.173470560893,40.5956344906563],[-105.17343943337,40.5956867804727],[-105.173429224916,40.5957038577521],[-105.173418622999,40.5957208279361],[-105.173407639298,40.5957376957995],[-105.173396261236,40.5957544579319],[-105.173384510374,40.5957710952342],[-105.173372379524,40.5957876193025],[-105.173359875874,40.5958040205873],[-105.173347005711,40.5958202806718],[-105.173333764544,40.5958364056951],[-105.17332016405,40.5958523963393],[-105.173306212316,40.5958682403267],[-105.173291896763,40.5958839328825],[-105.173277237156,40.5958994685501],[-105.173262234392,40.5959148466474],[-105.173246894761,40.5959300671746],[-105.173231213769,40.5959451028475],[-105.173215210282,40.5959599754935],[-105.173198877114,40.5959746694245],[-105.173182224145,40.5959891778195],[-105.173165248681,40.5960035013606],[-105.173147975875,40.5960176339091],[-105.17313038776,40.5960315700082],[-105.173112507693,40.5960453055655],[-105.173094329384,40.5960588330778],[-105.173075858226,40.5960721580021],[-105.173057109487,40.5960852714713],[-105.173038084068,40.5960981653002],[-105.173018789154,40.5961108360782],[-105.172999224745,40.5961232878984],[-105.17297939713,40.5961355105292],[-105.172959322479,40.5961474978317],[-105.17293900618,40.596159249806],[-105.172918435659,40.5961707671346],[-105.172897638761,40.5961820436784],[-105.172876602014,40.5961930685241],[-105.172855662285,40.5962036963835],[-105.172832067136,40.5962152498558],[-105.172815804036,40.5962111470024],[-105.1727996667,40.5962068204186],[-105.172783683874,40.5962022892034],[-105.172767811542,40.5961975397147],[-105.172752116177,40.5961925787735],[-105.172736560051,40.5961874118365],[-105.172721167419,40.5961820327648],[-105.172705936483,40.596176453154],[-105.172690874431,40.5961706627727],[-105.172675967787,40.5961646718522],[-105.172661252484,40.5961584803925],[-105.172646720438,40.5961520877115],[-105.172632350088,40.5961455013123],[-105.17261818725,40.5961387191484],[-105.172604213955,40.5961317371272],[-105.172590433799,40.596124577076],[-105.172576859357,40.5961172171674],[-105.172563488832,40.5961096778645],[-105.172550326716,40.5961019509818],[-105.172537382891,40.5960940392479],[-105.172524646577,40.5960859501657],[-105.172512144723,40.59607768851],[-105.172499862957,40.5960692440491],[-105.172487809362,40.5960606372461],[-105.17247598394,40.5960518524125],[-105.172464408249,40.5960429018261],[-105.172453067019,40.5960337895795],[-105.172441961147,40.5960245156727],[-105.172431113092,40.5960150869266],[-105.172420506683,40.5960054972021],[-105.172410156294,40.5959957574131],[-105.17240006462,40.5959858614203],[-105.172390228966,40.5959758330975],[-105.172380658315,40.5959656540277],[-105.172371351769,40.595955331032],[-105.172362315616,40.5959448750239],[-105.172353551652,40.5959342853213],[-105.172345052691,40.5959235626062],[-105.172336838496,40.5959127177924],[-105.172328904575,40.5959017399658],[-105.172310808912,40.5958904940695],[-105.172311082,40.5958793886854],[-105.172311364969,40.5958678528898],[-105.172326285986,40.5952593348025],[-105.172330150539,40.5950887127883],[-105.172330692223,40.5949739897927],[-105.172150775841,40.5947565300809],[-105.171996065288,40.594296125099],[-105.171853474804,40.5939100531589],[-105.17171145565,40.5933552338693],[-105.171554075303,40.5928087743572],[-105.171388450219,40.5923562183441],[-105.171541298565,40.5918813243868],[-105.17197399458,40.5922470467241],[-105.172239749478,40.5926599247738],[-105.172567427944,40.5931708722153],[-105.17300925174,40.5936740538006],[-105.173413601416,40.5931894303692],[-105.173804326344,40.592911541155],[-105.173833248503,40.5923747603527],[-105.173968886026,40.5918432080006],[-105.174391344839,40.5914940686133],[-105.173954920816,40.5910809391529],[-105.173654363387,40.5906421278956],[-105.173406477776,40.5901564237689],[-105.173485257331,40.5893625776701],[-105.174154913647,40.5889726843373],[-105.174673299058,40.5887303580704],[-105.175151344723,40.5885898704572],[-105.175782881029,40.5885424929403],[-105.176469686182,40.5883715433926],[-105.176117707389,40.5878515966809],[-105.175536185685,40.5876480584738],[-105.175059212609,40.5878501265637],[-105.1743601194,40.5879123380758],[-105.173725019477,40.5882278971908],[-105.172844586057,40.5882204941175],[-105.172321709968,40.5875896062739],[-105.172009629849,40.5870262889384],[-105.172037232382,40.5864483438325],[-105.172136669596,40.5858111997812],[-105.172213055141,40.5849650387349],[-105.172470213163,40.584297312777],[-105.172287202983,40.5836975611284],[-105.172488135451,40.5831651954831],[-105.17340403885,40.5829976256448],[-105.174170653029,40.5830887126052],[-105.175115145312,40.5830850462606],[-105.175785922724,40.5837415056807],[-105.176299927052,40.5843713969363],[-105.176940460883,40.5846558300342],[-105.177146432002,40.5842756930566],[-105.176945393533,40.5836166996112],[-105.177386699899,40.5829751881822],[-105.178089128552,40.5830261977858],[-105.178286474946,40.5825841585185],[-105.178259967458,40.5821755655371],[-105.177894995433,40.5818551066],[-105.177203109408,40.5811006490107],[-105.176577486711,40.5806280937452],[-105.175938618356,40.5804679187542],[-105.175440341733,40.5809734985472],[-105.175067782537,40.5814679667414],[-105.17468062392,40.5817643358886],[-105.174047759904,40.5818880770112],[-105.173230281318,40.5816507205252],[-105.172515439744,40.5814471614003],[-105.172352285027,40.5808027964169],[-105.1723888779,40.5801060297966],[-105.172925278126,40.5796331482013],[-105.173476679319,40.5792648440576],[-105.174255217734,40.5790522941093],[-105.174678385319,40.578269978534],[-105.175170130292,40.5780745242635],[-105.175511538609,40.5776611631656],[-105.175258007086,40.5770347259739],[-105.175209442365,40.5765315788495],[-105.174762405646,40.5760508056437],[-105.174222528041,40.5763174017859],[-105.173988013853,40.5773616488773],[-105.173417216237,40.578086617147],[-105.172855416146,40.5782689059793],[-105.172522347789,40.5786016891239],[-105.172189000055,40.5789913720511],[-105.17177445989,40.5786011971976],[-105.171412971532,40.578269045848],[-105.171118742733,40.5788698839188],[-105.170892732896,40.5793036069057],[-105.170559211787,40.5798889010769],[-105.170276417644,40.5806900008637],[-105.169979663682,40.5814493009497],[-105.169828368523,40.5820422420887],[-105.16953483053,40.582756436173],[-105.169266499263,40.5822301834689],[-105.169424542565,40.581524716611],[-105.169336722365,40.5809108896458],[-105.16918739272,40.5801674891486],[-105.168970240272,40.579606551156],[-105.168997703567,40.5789902169522],[-105.168980844884,40.5782826888514],[-105.168765024637,40.5775263624223],[-105.16857291093,40.5768019953299],[-105.168399664539,40.5763883998439],[-105.168512845977,40.5759376233959],[-105.169247937374,40.5756277957272],[-105.169966350649,40.5756747941561],[-105.1705563255,40.5759188639491],[-105.170685525696,40.5754034608633],[-105.170739202729,40.5747997545654],[-105.170684821417,40.5741900724478],[-105.170627735277,40.5736990474176],[-105.170232007632,40.5733804031477],[-105.169793009037,40.5729731882309],[-105.169465626117,40.5735678073016],[-105.169193557858,40.5743713238436],[-105.168684949711,40.5747745857462],[-105.168166492434,40.5749438253523],[-105.168039102344,40.5745218871926],[-105.167736812064,40.5740549474276],[-105.167468855395,40.5734658364058],[-105.167301309713,40.5727683649319],[-105.167119231984,40.5722883930547],[-105.166914156487,40.5716758317201],[-105.166674068252,40.5710206472769],[-105.166463620829,40.5706184197328],[-105.166078028875,40.5701337807204],[-105.165446314702,40.5697047714938],[-105.164980069307,40.5693035398185],[-105.165060458643,40.5689050577849],[-105.165331006054,40.5684260080798],[-105.164618534236,40.5678993587719],[-105.164381532613,40.5674498633134],[-105.164176208282,40.5670867745662],[-105.163851568816,40.5665617538588],[-105.163818877326,40.5660139303453],[-105.164073116721,40.5656280111044],[-105.16360854848,40.565188465772],[-105.163460118049,40.5647755095858],[-105.16368602458,40.5643440897931],[-105.16355151085,40.5636797442113],[-105.163410567877,40.5630059675074],[-105.163106188116,40.562667583762],[-105.162691027216,40.5623375548963],[-105.162770160707,40.5618625767919],[-105.162678639448,40.5614789491945],[-105.162527758413,40.5610782851494],[-105.162295071398,40.560578834399],[-105.162006653801,40.5599614602289],[-105.161832661809,40.559238286378],[-105.161586526116,40.5585934488453],[-105.161326732437,40.5578088322532],[-105.161575193869,40.5573490301645],[-105.162507729575,40.5575227132237],[-105.163104130974,40.5578448202218],[-105.163509368185,40.5582897590431],[-105.164137474723,40.5586829740599],[-105.164166750818,40.558137351252],[-105.163922760302,40.5577730339991],[-105.163692415195,40.5572861527743],[-105.163529618906,40.5568260543011],[-105.163592652792,40.5563253187365],[-105.163796406868,40.5558005883184],[-105.164439314048,40.5556058028055],[-105.165040306737,40.5557234551167],[-105.165555504027,40.5556053093451],[-105.166196322625,40.5557090123819],[-105.166853401627,40.5558548776501],[-105.16740826852,40.5555648872172],[-105.166838718664,40.5548879820422],[-105.166328482769,40.5550295505654],[-105.165637413313,40.555006898284],[-105.164807850589,40.5550830317324],[-105.164047086239,40.5550018530673],[-105.16329428815,40.5551954131629],[-105.162665550994,40.5550244691766],[-105.162601337621,40.5554842189781],[-105.162584397191,40.555927652163],[-105.162115733531,40.5562672097721],[-105.161399568739,40.5562418374195],[-105.160866409635,40.5559652006876],[-105.160579205662,40.5553812636351],[-105.160382347952,40.5548952475215],[-105.160151855522,40.5542956445576],[-105.159850429421,40.5536562490685],[-105.159646431902,40.5531140826455],[-105.159239988253,40.5521753341619],[-105.162510936561,40.5521469003736],[-105.167429946665,40.5520090825353],[-105.172348943294,40.5518710507733],[-105.177174569033,40.5518548714675],[-105.182013769214,40.5518386341406],[-105.182011218897,40.5531946697875],[-105.181927161739,40.558980938773],[-105.188636207879,40.5589895844718],[-105.188933004062,40.5589891797592],[-105.191603001903,40.558993283531],[-105.196325821745,40.5589844405951],[-105.201047732493,40.5589757484868],[-105.210312517057,40.5589580312147],[-105.210282648972,40.5625685532983],[-105.210252792566,40.5661790764946],[-105.210272496213,40.5697687931597],[-105.210292216929,40.5733588460856],[-105.212325940748,40.5733656701353],[-105.215001526109,40.5733746012398],[-105.21971084607,40.5733901612421],[-105.224375162232,40.5734057683219],[-105.229039473902,40.573420849317],[-105.229083485961,40.5770390885953],[-105.22911916345,40.5799723501723],[-105.229135486737,40.5806569111483],[-105.229176502915,40.5841489463667],[-105.229224622071,40.5876409213908],[-105.229320881046,40.5946248476535],[-105.234086595443,40.5946396128184],[-105.238852303553,40.5946545273642],[-105.247007281567,40.59473784617],[-105.248236758086,40.5947503582723],[-105.247973178907,40.5988053640938],[-105.247709563795,40.6028600189306],[-105.247153563228,40.611416674046],[-105.251890814506,40.6114128019422],[-105.251904465305,40.6132194515618],[-105.251935688049,40.6173454944276],[-105.251945380871,40.6186264530951],[-105.251860773046,40.6222307215344],[-105.24954419849,40.6222395990665],[-105.249590778832,40.6204446519561],[-105.249305630205,40.6199502892535],[-105.247303925935,40.6199581402054],[-105.2472238025,40.6222484452328],[-105.246904286126,40.6222448492193],[-105.243952477798,40.6222115857441],[-105.244523298771,40.6226285476789],[-105.244641037362,40.622692623688],[-105.244983688947,40.6228186113865],[-105.245172459125,40.6229126884739],[-105.245337063722,40.6229662353826],[-105.245816512556,40.6233563681876],[-105.24600707038,40.6236944013051],[-105.246092247737,40.6237954631093],[-105.246179348387,40.6238646162055],[-105.246416403909,40.6240528136649],[-105.246503399456,40.624150105152],[-105.246600286353,40.6242522183112],[-105.246831357298,40.6243553097208],[-105.247119530553,40.6244536159905],[-105.247300567134,40.6245992502489],[-105.247517771685,40.6247990664418],[-105.247736272505,40.6248914968934],[-105.248034423348,40.6248794458832],[-105.248343623469,40.6248036011727],[-105.248425309972,40.6248758322843],[-105.248500714557,40.6249435851867],[-105.248504537787,40.6258466022522],[-105.24851078557,40.627318603755],[-105.249507802348,40.6273207541087],[-105.251841386504,40.6273257529648],[-105.251844763271,40.6266515530725],[-105.251845057918,40.6265712664424],[-105.252267403544,40.6265865754394],[-105.252508883269,40.626558270087],[-105.252725803952,40.6264690791042],[-105.252893820351,40.6263339076785],[-105.25298148694,40.6263763985714],[-105.253213384336,40.6264780590239],[-105.253517685045,40.6270311545726],[-105.253760697295,40.6270748988312],[-105.25407068434,40.6275264023221],[-105.25411052642,40.6277148533131],[-105.254097331965,40.6278160358451],[-105.254280076243,40.6279004873381],[-105.254585154894,40.6277189412788],[-105.254840920526,40.6274786201493],[-105.255053764655,40.6273925120659],[-105.255094642492,40.6273027979035],[-105.255168874775,40.6272277890889],[-105.255279618185,40.6272077977236],[-105.255422163753,40.627140166431],[-105.255746754709,40.6270420331992],[-105.255863029046,40.6270179155897],[-105.255982317231,40.6270304298307],[-105.2560759666,40.6270354307539],[-105.256155360603,40.6269981109719],[-105.256251669883,40.6270773566794],[-105.256402316458,40.6271894951401],[-105.255762359344,40.6272136167783],[-105.255760951684,40.6285717334517],[-105.255760125234,40.6294421363045],[-105.255759638347,40.6299560750153],[-105.256461497469,40.6300895776657],[-105.256462776669,40.6308750038437],[-105.256462897044,40.6309489566229],[-105.256667204482,40.6309805679596],[-105.256911065641,40.6310025223132],[-105.257068667871,40.631008569423],[-105.257250724039,40.6309975128244],[-105.257581135181,40.6309553125698],[-105.257832712868,40.6309186665016],[-105.258031730127,40.6308876291689],[-105.258339462401,40.6308896975976],[-105.258786023013,40.6309006314992],[-105.259080640782,40.6308969527781],[-105.25965097397,40.6309199488723],[-105.259838114603,40.6311102957712],[-105.260004806885,40.6311650987028],[-105.260422333948,40.6312781547467],[-105.260706666007,40.6313603991436],[-105.260853309689,40.6314090784417],[-105.260990997167,40.631443672191],[-105.261213083163,40.6315092320794],[-105.261222281013,40.6330267368335],[-105.259819233812,40.6330357417771],[-105.256466307947,40.6330571937035],[-105.256477058086,40.6403211394065],[-105.261188061489,40.6402905890554],[-105.265899044232,40.6402598416922],[-105.265846029257,40.6420505467793],[-105.265792139323,40.6438708269176],[-105.265750369459,40.6452843462853],[-105.265693745951,40.6472089254923],[-105.265685720403,40.6474818028653],[-105.265945092771,40.6511480699131],[-105.266204482208,40.6548138261295],[-105.266061180259,40.6584722303041],[-105.265917844174,40.662130129944],[-105.265774492817,40.665788020468],[-105.265631124393,40.6694462520579],[-105.270625848103,40.6693944390062],[-105.275619667209,40.6693424099242],[-105.28061527486,40.6692905102594],[-105.285784234006,40.6691381885201],[-105.290586891619,40.6691074673942],[-105.295388650019,40.6690768866143],[-105.300191288768,40.6690492016004],[-105.304992124599,40.6690223335261],[-105.309768555897,40.6690127461049],[-105.314551324811,40.6690019410912],[-105.319334984853,40.6689871453466],[-105.319987132105,40.6689851986993],[-105.324118659268,40.6689725172135],[-105.326334423086,40.6688727345773],[-105.32893346929,40.6687556369974],[-105.333749154272,40.668538909383],[-105.338563906803,40.6683219814236],[-105.343379528004,40.6681055358497],[-105.345262447145,40.6680985218302],[-105.348191967373,40.66808754837],[-105.35300350124,40.6680700480651],[-105.357490894206,40.668053233214],[-105.362628371893,40.6680341112385],[-105.362770126044,40.6825324152802],[-105.382009562775,40.6824433515467],[-105.386786951678,40.6824302488998],[-105.391563436876,40.6824172886259],[-105.393897487258,40.6824110554316],[-105.396339009385,40.6824044789],[-105.401281344246,40.6823912733807],[-105.401264075033,40.6787890342741],[-105.401245903911,40.6751871291892],[-105.401227745366,40.6715848809695],[-105.401209578736,40.6679829689214],[-105.420676143706,40.6681251327191],[-105.440127325028,40.6684369613974],[-105.459603227985,40.6683839245082],[-105.479027841632,40.6679834854006],[-105.479320765178,40.6646251867335],[-105.479336231472,40.6644478589707],[-105.479644580889,40.6609125732224],[-105.479953807959,40.6573779696643],[-105.480262092696,40.6538433662412],[-105.480305475036,40.6503066501771],[-105.48034974042,40.6467695830731],[-105.480393113777,40.6432335520112],[-105.480436474558,40.6396978509898],[-105.480428517281,40.636047199081],[-105.480420562699,40.632397231069],[-105.480410808792,40.628761326869],[-105.480401046799,40.6251257606],[-105.499352879807,40.6252623403574],[-105.504070357369,40.6253147644922],[-105.508787843015,40.6253673440376],[-105.513236064944,40.6254986774952],[-105.517492469609,40.6256247178541],[-105.527124661532,40.625508273215],[-105.536756846267,40.6253916040588],[-105.53627063312,40.6105543950432],[-105.537150594924,40.6105291926237],[-105.541104057133,40.6104158798205],[-105.545937462283,40.610277856004],[-105.550739352735,40.6101701846402],[-105.555541227916,40.6100623091962],[-105.560267422729,40.6099172229144],[-105.56499359778,40.6097719440034],[-105.569737772373,40.6096388133317],[-105.574482826417,40.609505488034],[-105.579233347609,40.6094453895748],[-105.583982965993,40.6093854431407],[-105.588735278425,40.6093253002456],[-105.593487576483,40.6092653093757],[-105.598238973532,40.6092061525026],[-105.602991255421,40.6091468005332],[-105.607784086364,40.6091081463669],[-105.612577815622,40.6090696326646],[-105.617358013557,40.6090237365834],[-105.622136406776,40.6089779864131],[-105.626857169477,40.6089286694879],[-105.631647241693,40.6088787448872],[-105.636490067475,40.609088289383],[-105.641333815826,40.6092976320406],[-105.646176694608,40.6095071199835],[-105.651019609323,40.6097164067717],[-105.655862549191,40.6099258320251],[-105.660705526787,40.6101354011981],[-105.665548525944,40.6103447692177],[-105.67039245845,40.6105542757006],[-105.675235526776,40.6107635817139],[-105.680078616663,40.6109730309636],[-105.684921740685,40.6111826207206],[-105.68976490064,40.6113920065996],[-105.689735386491,40.6076157899799],[-105.68970142119,40.6038570735473],[-105.689689224763,40.6001542502464],[-105.689677930245,40.596451755231],[-105.689678480913,40.5928003697296],[-105.68967903697,40.5891486299679],[-105.68967958584,40.5854972379214],[-105.689681042908,40.5818458348202],[-105.689686169593,40.5782215286565],[-105.689692197289,40.5745972178673],[-105.689697330262,40.5709732457153],[-105.689702456948,40.5673489285284],[-105.689708499016,40.5637311308997],[-105.689715441197,40.5601129773363],[-105.689721490452,40.5564951673875],[-105.689727530724,40.5528773598718],[-105.689741694461,40.5492681069002],[-105.68975675292,40.5456585064903],[-105.689758027629,40.5453341919719],[-105.689770911267,40.5420492508342],[-105.68977832686,40.5401585074518],[-105.689785068716,40.5384402185037],[-105.699368301557,40.5385306882009],[-105.708949769208,40.5386212779295],[-105.709717467653,40.5386239417893],[-105.718528372132,40.5386541460743],[-105.720005613888,40.5386593017532],[-105.728106988531,40.5386872449522],[-105.737670491673,40.5387672746303],[-105.747217829632,40.5388468986959],[-105.754356100696,40.5384867323915],[-105.754177785112,40.5381618404056],[-105.753632093611,40.5363366869673],[-105.75307669761,40.5350321392545],[-105.752666632853,40.534586800113],[-105.752472862653,40.5343774209016],[-105.752383878236,40.5332554376393],[-105.752144875166,40.5327064451431],[-105.752136857702,40.53221400906],[-105.752445902415,40.5317914567574],[-105.75256565952,40.5314503924492],[-105.752445779345,40.5313170847022],[-105.752445919483,40.5312448487756],[-105.752205911198,40.5311298510737],[-105.751835101022,40.5310919506544],[-105.750553171874,40.5309611684394],[-105.75014881591,40.530920478812],[-105.749855807024,40.5303714863032],[-105.749825811378,40.5298224933936],[-105.749434797193,40.5293184990885],[-105.749224796232,40.5284725100028],[-105.74862377929,40.5275575197953],[-105.74808291803,40.5263678693661],[-105.748201629497,40.5251790786681],[-105.747751771169,40.5244455604915],[-105.747690778256,40.5233935740873],[-105.747599778019,40.5230045787857],[-105.747329771394,40.5225235843457],[-105.746609742948,40.5219295901329],[-105.745499700141,40.5212665964702],[-105.745244469905,40.5208995554377],[-105.745201598706,40.5207946765443],[-105.744903714663,40.5200659130824],[-105.743008613468,40.5187506249311],[-105.742708604011,40.5183846286133],[-105.742407890275,40.5171728079399],[-105.742678059495,40.5164786405894],[-105.74235119041,40.516096605778],[-105.742191453783,40.5159260373202],[-105.742141060991,40.515872227134],[-105.742062099976,40.5157879114009],[-105.741314195009,40.5155826072046],[-105.740487532047,40.51543366233],[-105.739737507955,40.5145186723744],[-105.738927478199,40.5139476790751],[-105.737727430489,40.5133296831421],[-105.737172409984,40.5127921895485],[-105.737097461743,40.5118674504412],[-105.737696448493,40.5113627078208],[-105.737995468905,40.5109277141548],[-105.738145314183,40.5101276344931],[-105.737934484077,40.5090737391461],[-105.737842503779,40.5068087679418],[-105.737599167236,40.5043517753541],[-105.737256763586,40.5030389145693],[-105.737118820986,40.50254704741],[-105.736990109474,40.5020891788469],[-105.73693951995,40.5015930225698],[-105.736070487948,40.5007458406679],[-105.735679952564,40.4999987575633],[-105.73583098811,40.4996262576742],[-105.735710789931,40.4991744568975],[-105.7363105133,40.498806856381],[-105.736399521073,40.4980968592514],[-105.736833428017,40.4976506264369],[-105.736698881048,40.4968856556285],[-105.736757479951,40.4955124991522],[-105.736426541499,40.4948248706408],[-105.736426541499,40.4943916613335],[-105.7366359343,40.4937959129307],[-105.736614537328,40.4936116227173],[-105.736545670682,40.4930184995866],[-105.737114586328,40.4921468839801],[-105.737119968134,40.4910526474503],[-105.737696824887,40.4891770021234],[-105.737717126813,40.4891110014038],[-105.737944648515,40.4886663013656],[-105.738140577366,40.4882870424809],[-105.738225308261,40.4881230290196],[-105.738339142773,40.487432964285],[-105.738177595143,40.4869961770754],[-105.737889652755,40.4864039075747],[-105.737619644333,40.4860149094909],[-105.737019717945,40.4856489715989],[-105.737049622861,40.4850999110497],[-105.737498187615,40.4845046691106],[-105.73729993033,40.4839426434576],[-105.736175840567,40.4830846926235],[-105.736197113572,40.4818820704521],[-105.735523108512,40.481325006644],[-105.735112240661,40.4809857238229],[-105.734867133539,40.4803574878742],[-105.734633479937,40.4793009922571],[-105.733385467581,40.4784343294217],[-105.733298491797,40.4783739280679],[-105.733058484411,40.4780309281697],[-105.732908481928,40.4771159322759],[-105.732518467567,40.4766349319161],[-105.73197344621,40.4759911641926],[-105.73251618944,40.4756076441761],[-105.732627211328,40.475529190713],[-105.73253119939,40.4752207517531],[-105.732464535413,40.4750065944202],[-105.732412520263,40.4748394885094],[-105.73256422685,40.4744994875177],[-105.73268640222,40.4742256683293],[-105.732074437509,40.4736682054633],[-105.7318267109,40.4721744831151],[-105.731975479097,40.4716493329162],[-105.733772566908,40.4703903418623],[-105.734326095311,40.4695428473471],[-105.737306733272,40.4689923566054],[-105.738744795006,40.4691983589986],[-105.740153857327,40.4693113635197],[-105.740872889541,40.469288365167],[-105.741531917888,40.4695633662587],[-105.742520963016,40.4694253676583],[-105.743420001444,40.4697223700143],[-105.744348042879,40.4697903716344],[-105.744858066772,40.4696303743859],[-105.746145126198,40.4689423795497],[-105.748002213385,40.4682553870581],[-105.749231269492,40.4682093896217],[-105.750020549064,40.4678863685831],[-105.750552331051,40.4677623949455],[-105.751283677371,40.4677303845822],[-105.752490639414,40.466561224634],[-105.752686434417,40.4654873952853],[-105.752835623924,40.4651005238322],[-105.754365517735,40.4634513961112],[-105.754607467279,40.4631034728882],[-105.754875545221,40.4624223975892],[-105.755381545559,40.4618537193778],[-105.756644620866,40.4610020128363],[-105.757304653529,40.4603390129445],[-105.758515890655,40.4593177183014],[-105.759972790959,40.4576653960304],[-105.76050453881,40.4572353091294],[-105.760572821551,40.4568183971318],[-105.761650871757,40.4563613942992],[-105.762969931869,40.4552183937728],[-105.763281748783,40.4548551753156],[-105.763716007866,40.454434635314],[-105.764858020815,40.4541663907008],[-105.765308042636,40.453800390642],[-105.767110012791,40.4516694734421],[-105.767526150159,40.451238392515],[-105.768061570323,40.4510558284057],[-105.768694205269,40.4506213905488],[-105.769626083409,40.4505270390924],[-105.770098246905,40.4501651781818],[-105.770310912269,40.450002191318],[-105.770483163326,40.4498701770485],[-105.770688003466,40.4497574925561],[-105.771660330946,40.4492240021565],[-105.773518421551,40.4473250033756],[-105.7742674557,40.4471420013713],[-105.775286502761,40.4464790000683],[-105.77753260089,40.4460219939116],[-105.778491645881,40.4453589945495],[-105.779060671121,40.4453129916898],[-105.779599695326,40.4451069905649],[-105.780199723223,40.4446269908438],[-105.780977758582,40.4444439890137],[-105.781444618426,40.4435501371005],[-105.782086807852,40.443986985428],[-105.78520195056,40.4423859826198],[-105.787059037747,40.4411279807008],[-105.787928076038,40.4407849792827],[-105.79164225131,40.4382229793055],[-105.793260325546,40.4372389772233],[-105.795510536162,40.4356032958034],[-105.797936878558,40.4336376128608],[-105.799884008378,40.4318718366512],[-105.801180006041,40.4305647134598],[-105.801795743676,40.4298283692864],[-105.803009815885,40.4287182272519],[-105.803382820645,40.4281123726432],[-105.803802844126,40.4271283757755],[-105.80431186999,40.4265103763495],[-105.805838943091,40.4252523789576],[-105.806102931004,40.4248048919789],[-105.806171959347,40.4246878811452],[-105.806137923079,40.4241737172392],[-105.806129463644,40.4240459072048],[-105.806147516188,40.4239531740671],[-105.808098027266,40.4160749813731],[-105.808201761122,40.4156559489603],[-105.810551620056,40.4194286930347],[-105.811246560353,40.4198307378148],[-105.811382565287,40.4199024905074],[-105.812959941349,40.4204386386866],[-105.814763055058,40.4215153353222],[-105.815213190067,40.4221066157607],[-105.815427649367,40.4230400074421],[-105.815548882404,40.4235676473089],[-105.815856817697,40.4240252807039],[-105.81660025085,40.4242894166505],[-105.816655147795,40.4265202296847],[-105.815795975701,40.426948897944],[-105.815432370014,40.4275471876594],[-105.815241839139,40.4276276651958],[-105.81496875219,40.4277281231655],[-105.814868933193,40.4277652429378],[-105.813889081424,40.4285446857268],[-105.81379766886,40.4290737799477],[-105.813733271332,40.4294924956098],[-105.814121825931,40.4307437255549],[-105.813763949698,40.4313660985313],[-105.813984852613,40.4321164035983],[-105.814854606861,40.4340008673572],[-105.815792653731,40.4355508023602],[-105.815472586691,40.4365605339781],[-105.815205557083,40.43746462046],[-105.815347725358,40.4379666548346],[-105.812443710098,40.4391926810115],[-105.811833356066,40.4406613425996],[-105.811482404048,40.4423588860135],[-105.811154339306,40.4428853159998],[-105.809826819759,40.4432629710922],[-105.808781591298,40.4441517971916],[-105.80724045058,40.4450711423709],[-105.805981597355,40.4462346268759],[-105.805195766416,40.4473637789954],[-105.805112053313,40.4479135500844],[-105.805584866291,40.4489239942771],[-105.805890041959,40.4498128200291],[-105.806652982927,40.4506940175098],[-105.806912384041,40.4513882933625],[-105.808209863027,40.4523546949134],[-105.805188350823,40.4569208852957],[-105.805355753673,40.4579080168252],[-105.804562524209,40.4592656603112],[-105.804280234919,40.461485818755],[-105.804230823985,40.4616648612881],[-105.803918106062,40.4627980688412],[-105.803993656174,40.4644225251546],[-105.806939717081,40.4666610011448],[-105.805558862758,40.466970495669],[-105.806584326486,40.4679693859058],[-105.80760666767,40.4689001727251],[-105.80844156459,40.4694057535204],[-105.808973146253,40.4697381379277],[-105.809456039227,40.4700400757048],[-105.810261515423,40.4705628691963],[-105.811451900854,40.4711355691579],[-105.809992096296,40.4710252185345],[-105.808285685329,40.4711127026386],[-105.807743995822,40.4714750999367],[-105.807286231422,40.4722761886308],[-105.806553808021,40.4724440348546],[-105.806134388208,40.4731151059935],[-105.806218103108,40.4739446462038],[-105.806767420209,40.474558813358],[-105.807965239199,40.475092873396],[-105.809033354936,40.4753522727266],[-105.810475314461,40.4758024087213],[-105.812214820262,40.4758863312368],[-105.813420267745,40.4757184854175],[-105.814846968486,40.4753713466596],[-105.819539056064,40.4760045881837],[-105.821551885969,40.4767322116379],[-105.822050619835,40.4769124927026],[-105.823543642295,40.4769386815942],[-105.826870921259,40.4781331940094],[-105.829586991893,40.4794492684798],[-105.832005516251,40.4798879599307],[-105.833691617209,40.479765889548],[-105.834591886328,40.4804601662894],[-105.836315279048,40.4810721932655],[-105.836247469719,40.4823904081793],[-105.836995150106,40.4830236477261],[-105.83732488302,40.4830214107422],[-105.838674146288,40.4830181447729],[-105.839511906139,40.483326368215],[-105.840314043297,40.4836077890362],[-105.842176495223,40.4835356110254],[-105.842373886532,40.4829931307227],[-105.845044181714,40.4826459933659],[-105.84682195934,40.4828308261374],[-105.846500251975,40.4831774166171],[-105.846730280875,40.4839620661393],[-105.854352063853,40.4862852241674],[-105.855244704479,40.4877691441782],[-105.855420181387,40.4888677793851],[-105.856908464336,40.4900594034975],[-105.855524492859,40.4904564813553],[-105.855344978025,40.4917325346971],[-105.855207001288,40.4927046518038],[-105.854626721954,40.494395287448],[-105.85419184483,40.4951391552762],[-105.854519475686,40.495656459763],[-105.852101385214,40.4967298865529],[-105.851452886021,40.4975996399029],[-105.851216537473,40.498504921606],[-105.851353590741,40.4995079064076],[-105.8512926661,40.5000143482778],[-105.851178412972,40.50050747448],[-105.851269778823,40.5010138008786],[-105.851429995151,40.5022116177829],[-105.85171992012,40.5035679420891],[-105.851727545919,40.5065876817799],[-105.852040359962,40.5070319734463],[-105.853001666012,40.5074363328172],[-105.854153706855,40.5078254327948],[-105.85523852407,40.5078697727567],[-105.85539488932,40.5078761636263],[-105.855552693671,40.5078620438811],[-105.85596187808,40.5078254321118],[-105.856464962486,40.507888989759],[-105.856791454278,40.5083260248145],[-105.857067688025,40.5089011086233],[-105.857625077387,40.5096617386379],[-105.858599268872,40.510434657046],[-105.858753777304,40.5105572412475],[-105.859427918009,40.5104970334014],[-105.860880173125,40.5115106147499],[-105.860219091229,40.5125823700347],[-105.860768406534,40.5135818231766],[-105.861325353925,40.5144820949713],[-105.863123381374,40.5150628250467],[-105.862887413711,40.5156785588666],[-105.863669094434,40.5159968371838],[-105.864074241814,40.5164089325363],[-105.864201629209,40.5165396530029],[-105.864782245412,40.516854122726],[-105.865346425139,40.5170998199083],[-105.865761100949,40.5172804070602],[-105.866231067166,40.5187888963115],[-105.866932972102,40.5197502032853],[-105.867567810615,40.5201611686204],[-105.868512259779,40.5207725439595],[-105.869877924488,40.5213142326218],[-105.870674043832,40.5215908533689],[-105.871228330413,40.5217834420234],[-105.871849195632,40.5218678314768],[-105.872013899943,40.5218667703099],[-105.872873301107,40.5218612302536],[-105.873019769617,40.5218602858559],[-105.873164679551,40.52186964106],[-105.874002572352,40.5219237311857],[-105.874252314781,40.5219398528494],[-105.874358287239,40.521984811027],[-105.874989632203,40.5222526501893],[-105.876126413365,40.5224472008355],[-105.877469190797,40.5225006062742],[-105.878461014414,40.5232101429528],[-105.879506243773,40.523305509424],[-105.880355762571,40.5234114933307],[-105.881392532494,40.5228716967261],[-105.881917137841,40.5224357568561],[-105.88267483085,40.5222475922624],[-105.8832845884,40.521811017369],[-105.883796819453,40.5217181439533],[-105.886615689696,40.5213478269493],[-105.887168098798,40.5212901649622],[-105.890263721115,40.5210584259746],[-105.890393383045,40.5210487169307],[-105.890515836893,40.5210209084128],[-105.89399449905,40.5202308597975],[-105.898533998795,40.5182586565219],[-105.90201194769,40.5166284961998],[-105.90359229987,40.5144782841838],[-105.903945392574,40.514159771922],[-105.904231909336,40.5142736199888],[-105.905229179438,40.514669879796],[-105.906414181265,40.5151671856853],[-105.90713319731,40.5154691799945],[-105.907283922937,40.5155358090281],[-105.90770987979,40.5161197458479],[-105.907937759022,40.5165279785553],[-105.908157026104,40.5169779032623],[-105.908188487801,40.5170424588454],[-105.908229444689,40.5171058431755],[-105.90957594474,40.5191896078182],[-105.909837020314,40.5195945501324],[-105.910163884009,40.5202249392427],[-105.910683180311,40.5214639388018],[-105.910596086848,40.5222121246233],[-105.909975783975,40.5228111482688],[-105.909828468353,40.5229504171501],[-105.909138481366,40.523602704921],[-105.909066946724,40.523712887841],[-105.909421411155,40.5246361723355],[-105.908174280944,40.5250081850754],[-105.907380191793,40.5261294515357],[-105.907282778483,40.526269974002],[-105.906547148097,40.5278880013951],[-105.905871264661,40.5293783636617],[-105.905350229219,40.5305388062409],[-105.905091930338,40.5327591419051],[-105.905080019575,40.5328627813212],[-105.904515529929,40.535317290013],[-105.906000838555,40.5363590171785],[-105.904957961884,40.5370537111958],[-105.905858231902,40.5387741424854],[-105.906209184819,40.5398308157166],[-105.907399263925,40.5410821258447],[-105.90658301064,40.5416671221512],[-105.90646872697,40.542922324564],[-105.907262029197,40.5437423213331],[-105.908208076464,40.5445167069761],[-105.909640068282,40.5451120703456],[-105.908650582081,40.545495059274],[-105.908650581183,40.5462371397831],[-105.908970544019,40.5468062354641],[-105.9089436799,40.5479828281211],[-105.909366965164,40.5486999959533],[-105.909851120271,40.5496301087093],[-105.910024311865,40.549998969805],[-105.91142240306,40.5505033143313],[-105.91064416558,40.55132327767],[-105.91069221377,40.5514336511755],[-105.910808285088,40.5517006573144],[-105.91121604387,40.5526389380817],[-105.911231753608,40.5527254032093],[-105.911297862426,40.5536179313938],[-105.911026560431,40.5540583007604],[-105.911309373438,40.5552717313601],[-105.910446167909,40.5556525634472],[-105.910298474096,40.5563978913976],[-105.91022752785,40.5567559118256],[-105.910197258218,40.5568386977113],[-105.910618510594,40.5585272209254],[-105.909349886394,40.5588123876901],[-105.909497341254,40.5606419994274],[-105.909207694762,40.5621682997861],[-105.909512701547,40.5638725217162],[-105.91006964804,40.5647651633502],[-105.911548067487,40.5659668882805],[-105.910878365358,40.5672599812948],[-105.911839671408,40.5681068466963],[-105.912047540667,40.5681721855382],[-105.912647678159,40.5683696039877],[-105.91333533761,40.5693907251675],[-105.913576365482,40.5697441233103],[-105.914222768008,40.570691870113],[-105.914748657945,40.5715112395606],[-105.916241094704,40.5706395116229],[-105.917037627273,40.5706766254178],[-105.917866907027,40.5707351790576],[-105.919232572635,40.571448528321],[-105.920303514472,40.5723030096229],[-105.920723754447,40.5730282995022],[-105.921689229578,40.5742729643671],[-105.921803698301,40.5748154814051],[-105.921666703424,40.5753368190341],[-105.922169909103,40.5761773315997],[-105.922848925864,40.5770737862319],[-105.923283802988,40.5782181984127],[-105.923545627757,40.5793286218736],[-105.923569589419,40.579430246108],[-105.923993337315,40.5802743239406],[-105.924397183036,40.5809677204945],[-105.924115392311,40.581816897171],[-105.923810372949,40.5821809102588],[-105.924438658252,40.58314506472],[-105.924439345464,40.5846156778724],[-105.924735410418,40.5853720796945],[-105.92514170854,40.5872705649533],[-105.925202810149,40.5877375059379],[-105.926045648176,40.589212180064],[-105.925986124907,40.5906430324404],[-105.926344855438,40.5909569019276],[-105.926483254382,40.5910779922389],[-105.926603481306,40.5912030040388],[-105.927121380729,40.5917427609148],[-105.927257885126,40.5922546621806],[-105.927472147694,40.5930598867621],[-105.927388692408,40.5935378201101],[-105.928265890096,40.5940901256173],[-105.927129025392,40.5949571265115],[-105.927068063022,40.5955553140601],[-105.927121395102,40.5962274233583],[-105.927331202925,40.5970437694058],[-105.928272582545,40.59769432407],[-105.927590157577,40.599297151548],[-105.927548720987,40.6000933296757],[-105.927998761673,40.6009323873491],[-105.928418378217,40.6012375635222],[-105.928479266027,40.6018024642091],[-105.928242965988,40.6023264240168],[-105.928281050065,40.6033127636991],[-105.928372601867,40.6038277484834],[-105.928864353128,40.6045518324298],[-105.928908272661,40.6046168928781],[-105.929235584615,40.6055580075415],[-105.929275900106,40.605673924983],[-105.929343446229,40.6057787575799],[-105.929631470364,40.6062257667236],[-105.930342868695,40.6061390106213],[-105.932400945842,40.6064126873855],[-105.933453560251,40.6064451505579],[-105.934132824048,40.6064660940697],[-105.934796582923,40.6068208608453],[-105.935531384164,40.607340357244],[-105.936436905733,40.6079805308011],[-105.938100117617,40.6088464690759],[-105.938618917152,40.6088617289412],[-105.940058616515,40.6094993844199],[-105.941503605158,40.6091288708133],[-105.942044523012,40.6096475581897],[-105.943504926746,40.6107483884325],[-105.943471206685,40.6113122021789],[-105.943959488652,40.612124734715],[-105.94415786721,40.6132327853401],[-105.944165482229,40.6142647836147],[-105.945172566426,40.6151612398237],[-105.945610566992,40.6156369789901],[-105.945982274585,40.6160746906173],[-105.94607127068,40.6161795655419],[-105.946143053258,40.6162863080228],[-105.946424020228,40.6167043979743],[-105.946423789361,40.6174004729896],[-105.946095724619,40.6181519694187],[-105.94574171204,40.618691000709],[-105.94547545139,40.61913428025],[-105.945406251469,40.6192494861364],[-105.945357632849,40.6193718712055],[-105.945233616831,40.6196840491121],[-105.944995044952,40.6201307865922],[-105.944873305265,40.6204197014629],[-105.944655669523,40.6209361894992],[-105.944603001298,40.6210611809185],[-105.94456657641,40.6212332878399],[-105.944502061203,40.621538122439],[-105.94446471105,40.621714602839],[-105.94461790345,40.6222253241034],[-105.944913180582,40.6227777737197],[-105.945397908815,40.6229981068662],[-105.945818300605,40.6232174656354],[-105.945967508078,40.6232953201285],[-105.946077831975,40.6233877328882],[-105.946674146237,40.6238872315378],[-105.946726125454,40.6239896062359],[-105.947168903261,40.6248616608382],[-105.947253079895,40.6250153211531],[-105.948546543411,40.6251563601626],[-105.947614782053,40.6256546722023],[-105.948254862235,40.626630627478],[-105.948682109968,40.6273554215635],[-105.948781054905,40.6281203549756],[-105.948537135355,40.6287415909453],[-105.948362096826,40.6293640660395],[-105.948173126324,40.6299833671972],[-105.948137279951,40.6301008423508],[-105.948125205695,40.6302224664682],[-105.948087007533,40.6306072317179],[-105.948073303733,40.6310516259195],[-105.948051593249,40.631755657329],[-105.948028992535,40.6324177458161],[-105.948006939793,40.6330637294258],[-105.947995444951,40.6337121521188],[-105.947873375582,40.6344216869015],[-105.947568198117,40.6350701877555],[-105.947524080057,40.6355695308591],[-105.947503794301,40.6358016888318],[-105.947484617066,40.6360254549855],[-105.947560583997,40.6370295132685],[-105.947566856034,40.6375375311171],[-105.94757584278,40.638265478176],[-105.949000675923,40.639527488989],[-105.947652135799,40.6402186070613],[-105.947743688499,40.6417826374755],[-105.947903906623,40.6423548432967],[-105.94857529489,40.64281260783],[-105.949493671351,40.6431132582697],[-105.950378373566,40.6434257784804],[-105.950362485063,40.6441124693193],[-105.950322080638,40.6441805162463],[-105.950270214609,40.6442678643461],[-105.949979163152,40.6447580235078],[-105.94999543793,40.6449250309245],[-105.950040139895,40.6453837191228],[-105.950497906092,40.6459139629611],[-105.951591380372,40.6463276061346],[-105.952546868932,40.6466903764135],[-105.953399238085,40.6471190014461],[-105.953529262934,40.6472234098133],[-105.953847202764,40.64747942415],[-105.954038002235,40.6481077142219],[-105.954056770737,40.6488936215842],[-105.954072357405,40.6495462177429],[-105.954107289293,40.6497670691504],[-105.954182895101,40.6502450862861],[-105.954709324925,40.6512979444306],[-105.955411231657,40.6526292771819],[-105.956794769247,40.653067449695],[-105.956821477957,40.6531280425383],[-105.957021461804,40.6533880149807],[-105.957058807465,40.6537793923652],[-105.956046080052,40.6555090629992],[-105.955985778842,40.6560274249712],[-105.955907142118,40.6567033815399],[-105.955516713635,40.6578725629739],[-105.955354221875,40.6590374593264],[-105.956884879253,40.6595038211826],[-105.958575514906,40.6608979385481],[-105.957654275514,40.6619028260832],[-105.958058634173,40.6630472373587],[-105.958958905988,40.6635851117046],[-105.959225842171,40.6638492851955],[-105.959739667734,40.664357784398],[-105.959837939833,40.6644550369118],[-105.959938252904,40.6645667487163],[-105.960799350986,40.6655256746648],[-105.960873082908,40.6656102712877],[-105.961107560265,40.6658928057322],[-105.961653982995,40.666551453265],[-105.961729976874,40.6666061351122],[-105.962720894091,40.667147643172],[-105.963269538354,40.667432718089],[-105.964047739902,40.6677684123761],[-105.964459727952,40.6682452498674],[-105.964589427611,40.669397290483],[-105.964635118622,40.6705509764026],[-105.96449036769,40.6709946720181],[-105.964536004801,40.6714548489124],[-105.965314204552,40.6723131570484],[-105.966214113448,40.6719939956279],[-105.965955073456,40.6747583840236],[-105.966084774911,40.6757158744202],[-105.967419657949,40.6759767582843],[-105.967168150331,40.6770853551401],[-105.967984498837,40.6772951631915],[-105.968816104329,40.6777758171637],[-105.969334902966,40.6787256783823],[-105.970059696974,40.679927309983],[-105.970815010347,40.6808046934491],[-105.971295573091,40.6818934414452],[-105.971242256282,40.682826486001],[-105.970952337601,40.6834978752448],[-105.970532721057,40.6840700802636],[-105.969646764795,40.6846871496795],[-105.969547754281,40.68475756735],[-105.969365719671,40.6855673900778],[-105.969543136042,40.6864269115895],[-105.969830830495,40.6868037924047],[-105.970486960876,40.6871738191519],[-105.971356712429,40.6877002473336],[-105.972379054512,40.6886348515136],[-105.97300466553,40.6893138683762],[-105.973195798276,40.68975854803],[-105.973378252399,40.6901830315238],[-105.973218549908,40.6909772570653],[-105.973141460981,40.6911582714097],[-105.973032565406,40.6914139734098],[-105.972724769352,40.6919273728905],[-105.972350930955,40.6925509164784],[-105.972223044995,40.6928024290311],[-105.972074650496,40.6930955206288],[-105.971791513197,40.6938296453597],[-105.971741654902,40.6939590398499],[-105.971641490053,40.6946684107744],[-105.972012823947,40.6956591553668],[-105.972384065314,40.6960628745281],[-105.972989355543,40.6952388471193],[-105.973403058477,40.6957147566468],[-105.974249217576,40.6965737556557],[-105.973508064347,40.697731663139],[-105.973589847869,40.6978684007906],[-105.973946643428,40.6984649358596],[-105.974309293309,40.6990604412827],[-105.974900621921,40.6998908205194],[-105.974963539025,40.6999791717188],[-105.975014923558,40.7000712521922],[-105.975292497591,40.700569562632],[-105.975602372346,40.7012117816229],[-105.975679753225,40.7013724789301],[-105.975738957592,40.7015338745844],[-105.975933764448,40.7020649292321],[-105.975957229341,40.7021288969684],[-105.976506547341,40.7026820281464],[-105.9775922476,40.7029847984253],[-105.977827118419,40.703050884589],[-105.978040797981,40.7031173867854],[-105.979029233153,40.7034250072721],[-105.979156519038,40.7034941057782],[-105.980016249884,40.703969707084],[-105.980810077626,40.7050184197261],[-105.981000270735,40.7059321594605],[-105.981870023186,40.7067294318881],[-105.982531456323,40.7062681447332],[-105.983067475663,40.7071057777074],[-105.983948333987,40.7071110375272],[-105.98542310268,40.7076921327024],[-105.985576869104,40.7077527412847],[-105.985713133651,40.7078390657228],[-105.986163499527,40.7081243731597],[-105.98701226374,40.7086620554291],[-105.987667665588,40.7092235202843],[-105.988156676988,40.7096424349222],[-105.988392940196,40.7101438421687],[-105.988446469905,40.7102574432821],[-105.989712088343,40.7113789754148],[-105.988706908574,40.7122029223228],[-105.988891933675,40.7129035119911],[-105.989121353517,40.7137739246044],[-105.989131151442,40.7143078190441],[-105.989009346178,40.7149428399567],[-105.989009013801,40.7150135763091],[-105.9890035224,40.7161822731231],[-105.989377363492,40.7175746408384],[-105.98949923613,40.718349478565],[-105.989194257192,40.7190509315523],[-105.988614421626,40.7197947983367],[-105.987806841575,40.7207522646136],[-105.987513852452,40.7212675287938],[-105.987783833924,40.7216145320557],[-105.987844111778,40.721684573689],[-105.98801140144,40.7226388824089],[-105.988255838419,40.7230983337103],[-105.988705973428,40.723556097534],[-105.989941939376,40.7243114091976],[-105.990361555022,40.7248378393702],[-105.991802898302,40.725836173151],[-105.989972554859,40.7267163280125],[-105.99000297451,40.7272182152775],[-105.990300519888,40.7275844272012],[-105.990781173362,40.7279277507089],[-105.990933761197,40.7283626277406],[-105.991679679988,40.7281149003638],[-105.992711413956,40.7299380996112],[-105.993855827204,40.7311511777239],[-105.993916861439,40.7317920473414],[-105.994476764288,40.7323055916611],[-105.994834861506,40.7325165430052],[-105.994959683313,40.7325900740587],[-105.995480991842,40.7329951363277],[-105.996232574511,40.7334442402623],[-105.996910551921,40.733792678253],[-105.998316330001,40.7342699370864],[-105.998454178278,40.7342841656141],[-105.998554196701,40.7342900563313],[-105.999989873409,40.7343746037887],[-106.003472823225,40.7368161940408],[-106.003544763906,40.7368666226061],[-106.003705874956,40.7369531788371],[-106.004163201877,40.7371988721594],[-106.004395017526,40.7373234129882],[-106.004568711278,40.7374167255466],[-106.004697490163,40.7374022934905],[-106.005733790268,40.7372861549054],[-106.005793167112,40.7383250328213],[-106.005963720354,40.7387219359649],[-106.006060392553,40.738748899134],[-106.006358097831,40.7388319353349],[-106.007252582699,40.7387447036237],[-106.00687873981,40.7390243333997],[-106.007145465788,40.7393126395002],[-106.00796008324,40.7401931422369],[-106.008350141618,40.7402480590524],[-106.009057446327,40.7403476368006],[-106.009206941262,40.7404234188914],[-106.009423945488,40.7405334202122],[-106.010201348433,40.740244564007],[-106.010437529895,40.7404231309848],[-106.011270159467,40.7408046299284],[-106.01134019572,40.7414743961901],[-106.009962224091,40.7416091273964],[-106.009929389769,40.7417055300702],[-106.009855114367,40.7420166639144],[-106.009835841911,40.7421011464226],[-106.009807707574,40.7422244890447],[-106.010106082996,40.7426813637836],[-106.010544653992,40.7429559105926],[-106.010646699015,40.7430197907195],[-106.010780011698,40.7430991163872],[-106.011258463402,40.7433797984419],[-106.011366044742,40.7434429111262],[-106.011631959541,40.7439830488775],[-106.011899385306,40.7447811206062],[-106.012206430368,40.7456028355427],[-106.012208897142,40.7456094378219],[-106.012238307086,40.7456285913015],[-106.012267726013,40.7456477502202],[-106.012591215635,40.745708403192],[-106.012760884935,40.74576494271],[-106.013394747877,40.7466808440827],[-106.013654148992,40.7474247116796],[-106.013791413364,40.7481432612613],[-106.013768653648,40.7486425416961],[-106.014077769327,40.7493908850285],[-106.014134817738,40.7495289947168],[-106.014239152566,40.7496483342629],[-106.014578702269,40.7500367196753],[-106.014853895766,40.7504935060412],[-106.014508641762,40.7509952765536],[-106.014249576617,40.7514161610766],[-106.014386571494,40.7519336948229],[-106.014689082759,40.7528564081319],[-106.015270143628,40.7532507244085],[-106.016410483914,40.7533874725702],[-106.016645933248,40.7533894242371],[-106.017743531694,40.7537442469433],[-106.018308107578,40.7540417935888],[-106.019048160371,40.7541219029634],[-106.020535112016,40.7540274753796],[-106.021672679203,40.7547284420444],[-106.021756290796,40.7552107399998],[-106.022820559948,40.7554386571614],[-106.01986941278,40.7553881576172],[-106.015101519069,40.7553067303217],[-106.010333645122,40.7552251035463],[-106.005555710941,40.7551244613471],[-106.000776885632,40.7550232820961],[-105.995998982893,40.7549225892357],[-105.991221096323,40.7548220404851],[-105.98646316493,40.7547335694897],[-105.9817052524,40.7546448983142],[-105.976947348854,40.754556384893],[-105.972165649834,40.7545473664171],[-105.966898409607,40.7545274002843],[-105.962135603056,40.7545093231748],[-105.957372814471,40.7544920714901],[-105.952610020497,40.7544746319868],[-105.947847385524,40.7544792974014],[-105.943084741568,40.7544837688771],[-105.938322102104,40.7544887316636],[-105.933558563426,40.7544931575462],[-105.928799509138,40.7544939394248],[-105.924039552043,40.7544945362112],[-105.919280506738,40.7544952765802],[-105.91452055144,40.7544958257326],[-105.895499825735,40.7545200285805],[-105.885969147033,40.7545293226569],[-105.876438467433,40.754538518742],[-105.864321594724,40.7545478679351],[-105.842496268515,40.7543710748042],[-105.823373447481,40.7541642335119],[-105.81177768657,40.7538547794729],[-105.809834035925,40.7534902262575],[-105.761092270568,40.7534737977094],[-105.756328346512,40.7533582145723],[-105.751567249455,40.7532629073799],[-105.74680706329,40.7531677497607],[-105.742419016808,40.7529237533937],[-105.73749796124,40.7526504406595],[-105.733523910542,40.7524296653915],[-105.729068280208,40.7521818643073],[-105.72453210423,40.7521227592765],[-105.719996831957,40.7520634697746],[-105.715460672149,40.7520040060088],[-105.710925424131,40.7519447102764]]]},"properties":{"FID":37,"OG_CODE":3385,"CDE_Code":"1186","School":"Cache La Poudre","SchoolFull":"Cache La Poudre Elementary","Address":"3511 County Road 54G","Loc_Code":"115","BldgID":91150,"ArticArea":"Poudre HS","City":"Laporte","State":"CO","Zip":80535,"Phone":"970-488-7600","Shape_Leng":976952.206153,"Shape_Area":1934478253.9824603,"Shape__Area":1934478253.9960938,"Shape__Length":392448.43631261715,"RIC":"45","RICNC":null,"FCI":"12","NSC":"56","FCA":20.42,"FCA_Remain":9.5799999999999983}}]}