{"type":"FeatureCollection","crs":{"type":"name","properties":{"name":"EPSG:4326"}},"features":[{"type":"Feature","id":1,"geometry":{"type":"Polygon","coordinates":[[[-104.944114253942,40.4886783762358],[-104.944121078444,40.4886789460243],[-104.944127902047,40.4886795158127],[-104.944141550151,40.4886806553896],[-104.944180505593,40.488686022605],[-104.944219461035,40.48869138982],[-104.944257479535,40.4886998047869],[-104.944295498034,40.4887082190696],[-104.944332172654,40.4887195916036],[-104.944368848172,40.4887309641357],[-104.94440378545,40.4887451726245],[-104.944438722728,40.4887593804271],[-104.944471547169,40.4887762718307],[-104.944504372507,40.4887931625469],[-104.944534732869,40.4888125558139],[-104.944565093231,40.4888319483921],[-104.944592662527,40.4888536351429],[-104.944606448073,40.4888644788572],[-104.94462023362,40.4888753218866],[-104.944644717203,40.4888990698298],[-104.944669200786,40.4889228177645],[-104.944677866833,40.4889332959573],[-104.944684139769,40.4889408801265],[-104.944690335449,40.48894837138],[-104.944711470113,40.4889739256691],[-104.944729029482,40.4890010116744],[-104.944746588851,40.4890280983521],[-104.944760384279,40.4890564263854],[-104.944774179706,40.4890847544068],[-104.944784472603,40.4891290008612],[-104.944794765499,40.4891732472864],[-104.944800919857,40.4892179398081],[-104.944807074215,40.4892626329833],[-104.944809983859,40.4893285023808],[-104.944811042074,40.4893524605869],[-104.944808846592,40.4893973681949],[-104.944806650211,40.489442276456],[-104.944800285647,40.4894869517189],[-104.944787437942,40.4895667702818],[-104.944782497208,40.4895974687578],[-104.944779422274,40.4896638433869],[-104.944784224668,40.4897238868389],[-104.944798354269,40.489795731631],[-104.944825509442,40.4898711555653],[-104.944853533285,40.4899280199635],[-104.944887570451,40.4899823196321],[-104.944932497894,40.4900391921343],[-104.944958440341,40.4900658466197],[-104.944984382788,40.4900925010945],[-104.945040413407,40.4901252550333],[-104.945096444925,40.4901580089561],[-104.945154753671,40.4901883573713],[-104.945273472324,40.4902465543919],[-104.94539621004,40.4902996705298],[-104.945522594017,40.4903475445659],[-104.945652239778,40.4903900296274],[-104.945851679245,40.4904440877591],[-104.945987791977,40.4904725866732],[-104.946109493935,40.4904925307821],[-104.946228966275,40.4905192008006],[-104.94634557209,40.490552453936],[-104.946458688849,40.4905921139181],[-104.94656771468,40.4906379682667],[-104.946672068373,40.4906897737573],[-104.946771193872,40.4907472530057],[-104.94681787752,40.4907786771601],[-104.94685530403,40.490803869351],[-104.946908118681,40.4908440422509],[-104.946991874005,40.4909142585167],[-104.947068696131,40.4909889529281],[-104.947105320445,40.4910273720053],[-104.94717103131,40.4911080843782],[-104.947199942689,40.4911501624694],[-104.947228854068,40.4911922412174],[-104.947254707582,40.491235756653],[-104.94728708556,40.491280376068],[-104.947352311334,40.491365607321],[-104.947388296946,40.4914066092551],[-104.947424283456,40.4914476118473],[-104.947463506597,40.4914868456849],[-104.947502730635,40.4915260794995],[-104.947545042183,40.4915633963157],[-104.947587353732,40.491600713111],[-104.947632592889,40.4916359708129],[-104.947677832945,40.4916712284963],[-104.947725829033,40.4917042938727],[-104.94777382512,40.4917373585495],[-104.947824395779,40.4917681065871],[-104.947874966438,40.4917988539273],[-104.947927919429,40.4918271671277],[-104.94798087242,40.491855479633],[-104.948037362078,40.4918818410015],[-104.948065607806,40.4918950213404],[-104.948093852635,40.4919082016765],[-104.948152406622,40.4919317921013],[-104.948210960609,40.4919553825178],[-104.948241152985,40.4919657454652],[-104.948271345362,40.491976108411],[-104.948331731014,40.4919968342978],[-104.948368055291,40.4920090431525],[-104.948404379567,40.4920212513218],[-104.948477029019,40.4920456683367],[-104.948547912383,40.4920729430222],[-104.948618796646,40.4921002170134],[-104.948687722581,40.4921302748886],[-104.948756648516,40.4921603327503],[-104.948823428376,40.4921930925114],[-104.948890208236,40.4922258515734],[-104.948954661459,40.4922612244014],[-104.949019114683,40.4922965965276],[-104.9490810652,40.4923344854053],[-104.949143015716,40.4923723735785],[-104.949171176104,40.4923915191897],[-104.949202295542,40.4924126760232],[-104.949261576266,40.4924529784437],[-104.949318024602,40.4924955844579],[-104.949374472938,40.4925381904452],[-104.949427936172,40.4925829845662],[-104.949481399406,40.4926277793406],[-104.949516513652,40.4926567896966],[-104.949588072549,40.4927138375534],[-104.949624518099,40.4927418743719],[-104.949678664052,40.4927800820328],[-104.949732810904,40.4928182889889],[-104.949789426327,40.4928543494438],[-104.949846041749,40.4928904098793],[-104.949904980215,40.4929242315921],[-104.949963919579,40.4929580526047],[-104.950025030171,40.4929895481383],[-104.950086140764,40.4930210429741],[-104.950149265379,40.4930501303566],[-104.950212389994,40.4930792177266],[-104.950238680987,40.4930899828785],[-104.950277366935,40.4931058231837],[-104.950342343876,40.4931324279471],[-104.950475665542,40.4931805363334],[-104.950540608347,40.4932106504265],[-104.950600243906,40.4932465972671],[-104.950621800778,40.4932632340916],[-104.950676897149,40.4933107965454],[-104.950700114107,40.4933337552445],[-104.950738851259,40.4933836594923],[-104.950769310435,40.4934368038889],[-104.950791034394,40.493492391873],[-104.950803698843,40.4935495893123],[-104.950807113339,40.4936075402167],[-104.950801226679,40.4936653749358],[-104.950793677238,40.4936938007513],[-104.950785596892,40.4937234384597],[-104.950774084083,40.4937497355616],[-104.95076204037,40.4937772445572],[-104.950729329117,40.4938296030229],[-104.950687141536,40.4938798812662],[-104.950644499408,40.4939233081994],[-104.9504781943,40.4940926756341],[-104.950238260575,40.4943370257111],[-104.949890097826,40.4946915938966],[-104.949815128924,40.4947679407121],[-104.949780825856,40.4948424320411],[-104.949756621649,40.4949121877882],[-104.94973064327,40.4950357287401],[-104.949724328113,40.4951144811622],[-104.949726185829,40.4951933673859],[-104.949743250226,40.4953110076089],[-104.949765395495,40.4953881372712],[-104.949795457616,40.4954636901796],[-104.949833247045,40.4955371922474],[-104.949878529322,40.4956081837357],[-104.94991691074,40.4956535277753],[-104.94996155162,40.4956953994439],[-104.949986404411,40.4957141280821],[-104.950021047041,40.4957387869469],[-104.950062940873,40.4957641678682],[-104.950099752935,40.4957822700595],[-104.950133106483,40.4957974559765],[-104.950183253137,40.4958161668249],[-104.950253486121,40.4958359699877],[-104.950321353841,40.495848562061],[-104.950613574006,40.4958976009671],[-104.950789041032,40.4959270457437],[-104.950905794172,40.495946638471],[-104.950992449257,40.4959527920659],[-104.951008354828,40.4959532210687],[-104.951087982393,40.495954087955],[-104.951179089529,40.4959496155322],[-104.951269457351,40.4959397033799],[-104.951358528007,40.4959244129769],[-104.951445754421,40.4959038385909],[-104.951530600299,40.4958781065955],[-104.951593434759,40.4958427486536],[-104.951685031477,40.4957946968261],[-104.951812308379,40.4957353296375],[-104.951923935731,40.4956914120249],[-104.952031813516,40.4956541050189],[-104.952163970067,40.4956200052823],[-104.952294815078,40.4955806167417],[-104.952357326144,40.49555904898],[-104.952430960149,40.4955331761276],[-104.952513466815,40.4955008838919],[-104.95260544891,40.4954619365836],[-104.952665874087,40.4954353395751],[-104.952724510719,40.4954065032525],[-104.952783147351,40.4953776662344],[-104.952835355639,40.495343227524],[-104.953212703754,40.4951030140731],[-104.953614328839,40.4948752301147],[-104.953813450303,40.4948255571934],[-104.953911844573,40.4947981429005],[-104.95410734942,40.4947407689096],[-104.954395893679,40.4946458673324],[-104.954584314412,40.4945759794626],[-104.954684552923,40.4945132802043],[-104.954789966628,40.4944557406497],[-104.95490010098,40.4944036087924],[-104.955060383783,40.4943413076448],[-104.955132612823,40.4943164426407],[-104.955456371042,40.4942745974372],[-104.95567301684,40.4942606128237],[-104.955895817896,40.4942587519428],[-104.9560935847,40.4942666231132],[-104.956284563835,40.4942830848003],[-104.956459211597,40.4943061784289],[-104.956576171349,40.4943268264009],[-104.95661253605,40.4943332458866],[-104.956707571519,40.4943538050419],[-104.956773133263,40.4943681236923],[-104.956812158774,40.4943783284614],[-104.956926555632,40.4944082425396],[-104.957009008399,40.4944337482959],[-104.957123861601,40.4944850002449],[-104.957230922817,40.49454529761],[-104.957295697637,40.494591638385],[-104.957354885835,40.4946421462752],[-104.957408029268,40.4946964311991],[-104.957650999298,40.4950490321068],[-104.95795601866,40.4954851391073],[-104.958198904248,40.4958120277588],[-104.958370675605,40.4960432063987],[-104.958542448759,40.496274384242],[-104.958890412082,40.4966721487457],[-104.959238378999,40.4970699122573],[-104.959474681733,40.4972824867928],[-104.959621209532,40.4974142992661],[-104.959710986263,40.4974950606547],[-104.959786507629,40.4975537069723],[-104.959826961462,40.4975808564592],[-104.959882717196,40.4976168562903],[-104.959953281658,40.4976576699654],[-104.960044571153,40.4977028213497],[-104.960090847864,40.497722250979],[-104.960235965309,40.4977763517044],[-104.960336891929,40.4978051111836],[-104.960472500706,40.497833475815],[-104.960554800759,40.497846450736],[-104.960652304798,40.4978568578586],[-104.960737684276,40.4978653796069],[-104.960821590517,40.4978801449423],[-104.960903241088,40.4979010165563],[-104.960942558552,40.4979144081585],[-104.960983377998,40.4979284500745],[-104.961019318694,40.4979440214601],[-104.961056762272,40.4979602438413],[-104.961128942803,40.4979991876501],[-104.961192542627,40.4980408604378],[-104.961252171897,40.498088281518],[-104.96130553452,40.4981398694946],[-104.961376436749,40.498225201331],[-104.961479445664,40.4983491720012],[-104.961653358605,40.498558474538],[-104.961750211366,40.4986453004606],[-104.961847064126,40.4987321262709],[-104.961903830466,40.498758352417],[-104.96195670171,40.4987889565193],[-104.961984753401,40.4988090381911],[-104.962005102938,40.4988236052208],[-104.962026802642,40.4988427626533],[-104.962048503244,40.4988619193971],[-104.962089354131,40.4989075269618],[-104.962122021367,40.4989518953611],[-104.962169462295,40.4990061214675],[-104.962226929321,40.4990607833438],[-104.962290432126,40.4991114026294],[-104.962359484724,40.4991575940689],[-104.962433560701,40.4991990024633],[-104.962512091423,40.4992353129161],[-104.962586894136,40.4992636824076],[-104.962664415152,40.4992874225757],[-104.962744162193,40.4993063838285],[-104.962869497837,40.4993255800593],[-104.963018192372,40.4993472668341],[-104.963165037277,40.4993753514295],[-104.963341178039,40.4994187966646],[-104.963606322084,40.4995034301232],[-104.963766555479,40.4995682743983],[-104.96391838244,40.4996398169717],[-104.964102670024,40.4997409897376],[-104.964218545509,40.4998153553221],[-104.964509822444,40.5000198327603],[-104.964801100276,40.5002243095752],[-104.965083831537,40.5004437281388],[-104.965613679451,40.5008549204154],[-104.966354879392,40.501430121564],[-104.967231632415,40.501416979301],[-104.967079922235,40.5019927685297],[-104.967116042594,40.5020078601442],[-104.967228007713,40.5020546411222],[-104.967379810419,40.5021110225159],[-104.967534980011,40.5021617822599],[-104.967773572551,40.5022263937737],[-104.967935537,40.5022626076424],[-104.968099590032,40.502292851539],[-104.968304748175,40.5023220640005],[-104.968394732417,40.5023317798546],[-104.968516279865,40.5023426890139],[-104.968600487041,40.5023471364203],[-104.968684695116,40.5023515838264],[-104.968971687985,40.5024209287609],[-104.969178782895,40.502489581002],[-104.96937855474,40.5025698881947],[-104.969567598903,40.5026641207793],[-104.969713662273,40.5027487344333],[-104.969849209067,40.5028386136548],[-104.969916788427,40.5028873257327],[-104.96999370847,40.5029340951685],[-104.97006884895,40.5029704520964],[-104.970148301344,40.5030010057803],[-104.970231297591,40.5030254604659],[-104.970317036395,40.5030435805066],[-104.970404691306,40.5030551910457],[-104.970493415211,40.5030601800661],[-104.970582352916,40.5030584990723],[-104.97067064563,40.5030501644571],[-104.970757439955,40.5030352568185],[-104.970841899558,40.5030139202762],[-104.970915021524,40.5029891349883],[-104.970961895615,40.5029696010111],[-104.971000582461,40.5029528422775],[-104.971073274134,40.5029136916466],[-104.971140581305,40.5028692842011],[-104.971201856289,40.5028200502557],[-104.971214700401,40.5028074560757],[-104.971256506197,40.5027664638406],[-104.97130400372,40.5027090427023],[-104.971510809373,40.5023633734471],[-104.971617954132,40.50219187183],[-104.971725098891,40.5020203704575],[-104.971924533867,40.5017143155422],[-104.97206134998,40.5015114348195],[-104.972203468847,40.5013035738956],[-104.972300910005,40.5011651979073],[-104.97236807614,40.5010698156536],[-104.972425480283,40.501012770803],[-104.972457610326,40.5009864642524],[-104.972497443422,40.5009549471988],[-104.972560271593,40.5009124551651],[-104.972636433458,40.5008700969873],[-104.972717533362,40.5008334684229],[-104.972802834686,40.5008029021394],[-104.972891562185,40.5007786754741],[-104.972982908273,40.5007610097506],[-104.973076042907,40.5007500648141],[-104.973170119874,40.5007459403971],[-104.973264283078,40.500748673387],[-104.973357678223,40.5007582398752],[-104.973449455503,40.500774552425],[-104.973521136571,40.5007929374241],[-104.973624840782,40.5008267633504],[-104.973706855171,40.5008621862901],[-104.973807912047,40.5009169627769],[-104.973954954581,40.501002318404],[-104.974072136217,40.5010756941831],[-104.974173070024,40.5011428846594],[-104.974294368638,40.5012301280093],[-104.974381775614,40.5012980280418],[-104.97447744709,40.5013768762567],[-104.97454371491,40.5014328832149],[-104.974669412574,40.5015493990958],[-104.97478801265,40.5016701730158],[-104.974899265404,40.50179495495],[-104.974968362019,40.5018806168393],[-104.975059662293,40.5020015780056],[-104.975142762745,40.5021230956499],[-104.975226559392,40.5022597674736],[-104.9753261592,40.5024453310625],[-104.975400946643,40.5026083621161],[-104.975478639237,40.502798346844],[-104.975524695861,40.5029419530261],[-104.975584147265,40.5032156837637],[-104.975606649165,40.5034585894354],[-104.975607540293,40.5036312968076],[-104.975593978428,40.5037974355686],[-104.975579062801,40.5039079105951],[-104.975357347809,40.5044603478874],[-104.975222234902,40.5049306772499],[-104.975145872713,40.5053114553809],[-104.975078152317,40.5057543634952],[-104.975062676141,40.5060538033446],[-104.975082078853,40.5064259519868],[-104.975191116362,40.5069896867511],[-104.975331953334,40.5073938278141],[-104.975534606076,40.5078033956474],[-104.975760081415,40.5081559631837],[-104.976050592985,40.5085177588962],[-104.981764787287,40.5084529020994],[-104.991719774433,40.50858247425],[-104.991845952697,40.5115211829817],[-104.992035393915,40.5166101367117],[-104.992298995552,40.5233007315439],[-104.992424708488,40.525732818358],[-104.992489183271,40.5270321215172],[-104.992672206027,40.5281398272145],[-104.99298841121,40.5298849090652],[-104.993268105267,40.5308558218882],[-104.993830765944,40.5327948620426],[-104.99481507695,40.5359716844489],[-104.995290362092,40.5376393393616],[-104.996563734787,40.5419233839764],[-104.997048551054,40.5436007644442],[-104.997818997446,40.5462730397707],[-104.999823908701,40.5530091825022],[-105.000439818813,40.5551501762745],[-105.000640435972,40.5559903485979],[-105.000906242973,40.5571612618641],[-105.001033728285,40.5579344747463],[-105.001218827946,40.5591050407517],[-105.001302921036,40.5597426193237],[-105.00140433634,40.5614508940266],[-105.001403352685,40.5631517124637],[-105.001427491315,40.5645794501638],[-105.001385420515,40.5665610967018],[-105.001285536839,40.5740963532263],[-105.001277713411,40.575505383091],[-105.001286268966,40.5786728580574],[-105.001271829446,40.5811959357985],[-105.00128938612,40.5836224726595],[-105.001320465134,40.5872470599245],[-105.001311036416,40.5882590293837],[-105.001309179599,40.5884583894085],[-105.001329300064,40.5956479036574],[-105.001308587609,40.6027132835332],[-105.001313797838,40.6057379647393],[-105.001322635463,40.610095753985],[-105.001288571348,40.6143402509159],[-105.00127228579,40.6172992351291],[-105.001324795912,40.6229897203529],[-105.001308500472,40.6245551089163],[-105.001286772022,40.6257012420713],[-105.001174428713,40.6278064350025],[-105.001137806195,40.6295947504828],[-105.001028695923,40.6317858938948],[-105.000645641709,40.6317747317551],[-104.991355817504,40.6317315352861],[-104.991370671148,40.6303570955273],[-104.991218229739,40.6305060220544],[-104.99030358488,40.6313985754859],[-104.990034501723,40.631725066244],[-104.989103189522,40.6317202961005],[-104.988899629482,40.6317194023377],[-104.988704308789,40.6317184553991],[-104.983194961813,40.6316915163868],[-104.983134671383,40.6315680351506],[-104.982965095508,40.6312207224121],[-104.9827369908,40.6309759347945],[-104.98171372525,40.629870715972],[-104.979644456891,40.6313018106393],[-104.979091079405,40.6316176864618],[-104.97898140499,40.6316580510486],[-104.978862036855,40.6317013416454],[-104.978489385132,40.6318391289516],[-104.977831194913,40.6319691448342],[-104.977541587049,40.6319818210828],[-104.97715235063,40.6319988577282],[-104.976772300382,40.6319583706344],[-104.976478943848,40.6319271176737],[-104.975836843355,40.6317566867577],[-104.975531134985,40.6316168376927],[-104.975250711496,40.6314941062364],[-104.974884582441,40.6312942643975],[-104.974259558023,40.6309531064298],[-104.973712189367,40.6306543285366],[-104.973151683749,40.6303483751962],[-104.972948712105,40.6303652206851],[-104.972745742259,40.6303820648063],[-104.972778581072,40.6316303464154],[-104.972836652664,40.6327555892253],[-104.972673464709,40.6327919677289],[-104.97185421195,40.6324670951692],[-104.971117361651,40.6321630071856],[-104.970328884275,40.6318196741328],[-104.970468889407,40.63171599704],[-104.970123632708,40.6316094142001],[-104.969331491104,40.6313648679815],[-104.96917730876,40.6313162568258],[-104.968036620826,40.6309566017573],[-104.967564385464,40.6307551459684],[-104.966079383163,40.629695407255],[-104.966010185936,40.6296562959246],[-104.965897612658,40.6297627564379],[-104.964114561024,40.6286840255289],[-104.964008664025,40.6287104612433],[-104.962942147289,40.6281695295608],[-104.962929577163,40.629324232525],[-104.962150346146,40.6288945844253],[-104.960517252079,40.6306705433278],[-104.958637870503,40.6304446362444],[-104.957790358542,40.6309600854949],[-104.957381248693,40.6314945282357],[-104.955990381749,40.6318535204826],[-104.955652224435,40.6325644902933],[-104.955942974956,40.6334896141761],[-104.956246290214,40.6344546927432],[-104.957028262889,40.6356645239153],[-104.957077673823,40.6365100200359],[-104.957095680553,40.636818139501],[-104.956263972652,40.6373196979565],[-104.955995253313,40.6379221226505],[-104.956130048216,40.6382644195356],[-104.956327326337,40.6387653781631],[-104.95331209156,40.6388179532531],[-104.950992740311,40.6388216976597],[-104.950893387539,40.6388122388234],[-104.950623062012,40.6388222900299],[-104.950581496066,40.6388238360545],[-104.950553709377,40.6388248687827],[-104.950344727106,40.638823882408],[-104.949974541259,40.6388173302078],[-104.949844833515,40.6388160309471],[-104.949712415554,40.6388157480545],[-104.94957818659,40.6388164863018],[-104.949443052123,40.6388179055363],[-104.949021493421,40.638814538774],[-104.948876458622,40.6388148816535],[-104.948730532694,40.6388138475618],[-104.948434171295,40.6388127862034],[-104.948286445144,40.6388117432501],[-104.94814053269,40.6388089927162],[-104.947996415071,40.6388072803639],[-104.947854119235,40.6388031739903],[-104.947455080399,40.6387999081143],[-104.947333485341,40.638797958541],[-104.947219986798,40.6387974200225],[-104.94701190913,40.6387957451617],[-104.946914609907,40.638796998751],[-104.946821806752,40.6387993021106],[-104.946729890233,40.6388033260025],[-104.946535297177,40.6388051460586],[-104.94632901075,40.6388048508959],[-104.946224525004,40.6388036675186],[-104.945744455435,40.6387952066432],[-104.945459829627,40.6387911064038],[-104.945311202465,40.6387900552702],[-104.945158964974,40.6387896728538],[-104.945005834557,40.6387885999067],[-104.943890595895,40.6387758356516],[-104.943870726059,40.6374841574503],[-104.94387018707,40.6373307835024],[-104.943871283913,40.6368693023021],[-104.943872456214,40.6367269157877],[-104.9438702778,40.6363350709605],[-104.943870379309,40.6362132657388],[-104.943872237923,40.6360969595415],[-104.943873175765,40.6359830506725],[-104.943875000243,40.6358708608538],[-104.943877662849,40.6357662247643],[-104.943882977283,40.6356677763107],[-104.943897308106,40.6355683426526],[-104.943918886538,40.6354637960737],[-104.943939628638,40.6353513538336],[-104.943951435196,40.6352302912396],[-104.943955192848,40.6351019852923],[-104.943959889241,40.6349692227728],[-104.943957882404,40.6345564486086],[-104.943959060096,40.6344133754478],[-104.943959995242,40.6339714503066],[-104.943959432897,40.6338208217553],[-104.943960139871,40.6335161400207],[-104.943962664137,40.6332094096723],[-104.943962127842,40.6330556918575],[-104.943962873444,40.6327462079285],[-104.943962354218,40.632590431579],[-104.943963650487,40.6324329491676],[-104.943964046644,40.6322754622944],[-104.943967884247,40.6318091889669],[-104.943967150323,40.631570035384],[-104.943966822438,40.6315003823675],[-104.943965400405,40.6313449446657],[-104.943964883874,40.6311888255372],[-104.943966886218,40.6303983021615],[-104.943968032469,40.6302590038375],[-104.943968227403,40.6302353298498],[-104.943968685544,40.630070294822],[-104.943970054576,40.6299038904127],[-104.943970529785,40.6297367970096],[-104.943971901513,40.6295700508877],[-104.943975064481,40.6294046842415],[-104.943975504655,40.6292417081413],[-104.94397502226,40.629081470988],[-104.943975400451,40.6289260426546],[-104.943974833614,40.6287760994917],[-104.94397328941,40.6286354151486],[-104.943972614775,40.6284985095835],[-104.943993405384,40.6272390385756],[-104.943993179009,40.6263280701387],[-104.943997725382,40.625775679205],[-104.94399617489,40.625526228539],[-104.943994481566,40.6254037279298],[-104.943993685658,40.6252815754992],[-104.943993784473,40.6251601141988],[-104.943995676325,40.6250396897097],[-104.94399749721,40.6248183903526],[-104.943997175613,40.6246385970394],[-104.943998680291,40.624565177269],[-104.944010408696,40.6243462586067],[-104.943989549815,40.6220631459635],[-104.943989058436,40.6219039375313],[-104.943990769727,40.6212582053004],[-104.94399213337,40.6210924880577],[-104.943995317897,40.6209243764234],[-104.943996721066,40.6207538553786],[-104.943997729874,40.6204124615088],[-104.943997314852,40.6202439908693],[-104.943993267043,40.6200792754904],[-104.943990991611,40.6199180010617],[-104.943989608205,40.6197577606305],[-104.943993617386,40.6192705572358],[-104.943998170947,40.6189360420087],[-104.943999563335,40.6187668932728],[-104.944004159116,40.6184272321259],[-104.944004670258,40.6182556764336],[-104.944004297457,40.618082058976],[-104.944004850819,40.6179053575955],[-104.944004523832,40.6177262500606],[-104.944006912453,40.6175454400581],[-104.944008413537,40.6173629098451],[-104.944010816531,40.6171803845886],[-104.944012315819,40.6169981984154],[-104.944014706236,40.6168170448138],[-104.944014065737,40.6164571139123],[-104.94401643729,40.6162783625372],[-104.94401700772,40.616099603183],[-104.944018472872,40.615921532754],[-104.944019039709,40.6157431161249],[-104.944023449539,40.6152071916975],[-104.944024587704,40.6148500145546],[-104.944023289638,40.6141322115224],[-104.944023887916,40.6139500204465],[-104.944023599557,40.6137661090603],[-104.944024223886,40.6135808299053],[-104.944022155066,40.613394508932],[-104.94402279287,40.613207513692],[-104.944022261966,40.6128342022124],[-104.944023998409,40.6122948331613],[-104.944025413256,40.6121229398455],[-104.944025890261,40.6119555012215],[-104.944027244921,40.6117908124609],[-104.944028131558,40.6114641710615],[-104.944029480827,40.6113001684954],[-104.94402903167,40.6111358143216],[-104.944026776898,40.6109721369231],[-104.94404720908,40.6098763957737],[-104.944045896641,40.6098288996755],[-104.944036165191,40.6087364419072],[-104.944038502608,40.6085618074353],[-104.944039924641,40.6083888835935],[-104.944043134321,40.6082176840346],[-104.94404363109,40.6080478445931],[-104.944042313261,40.6078797110454],[-104.944043260984,40.6075455220627],[-104.944050281318,40.6066922261552],[-104.944049908517,40.6065186072932],[-104.94405690819,40.6059960757279],[-104.944057432806,40.6058228049264],[-104.944056651272,40.6054800287122],[-104.944059402811,40.6051455030919],[-104.944061649498,40.60498184785],[-104.944060667639,40.604663431718],[-104.944062865817,40.6045056092869],[-104.944063591655,40.6041985233676],[-104.944066647724,40.6040458518463],[-104.944066994474,40.6038941955118],[-104.944070031678,40.6037439253939],[-104.944072154397,40.6035953668291],[-104.944072458926,40.6034488567518],[-104.944073650092,40.6033040678005],[-104.94407391779,40.6031620196252],[-104.944075066735,40.6030223766826],[-104.944075292212,40.6028854738673],[-104.944079274444,40.6026202644886],[-104.944079497226,40.6025931595996],[-104.944082370038,40.6022438812837],[-104.944082468853,40.6021224183374],[-104.944083467779,40.6020009592628],[-104.94408731167,40.6017525622489],[-104.944084777523,40.6016228517624],[-104.944083180318,40.6014886858749],[-104.944084320281,40.6013500727441],[-104.944084587979,40.6012080238265],[-104.944086662189,40.6010652966453],[-104.94408785066,40.6009208510612],[-104.944088149799,40.6007750280917],[-104.944090271619,40.6006264683849],[-104.944089131657,40.6003272656466],[-104.944091592143,40.6000280799848],[-104.944091930808,40.5998774540035],[-104.944093169584,40.5997268310931],[-104.944093508249,40.5995762044329],[-104.944094747026,40.59942558289],[-104.94409688861,40.5992746213356],[-104.944100836705,40.5991229828229],[-104.944102084465,40.5989713316889],[-104.944108475979,40.5985225660998],[-104.944109683314,40.5983757168225],[-104.944113848802,40.5980882058534],[-104.94410957372,40.597951281337],[-104.944110707394,40.5978133538718],[-104.944114536912,40.5976761259451],[-104.944114739931,40.5975419678244],[-104.944113325983,40.5972760462852],[-104.944114409351,40.5971442937898],[-104.944114592607,40.5970125383064],[-104.944112186021,40.5967579347624],[-104.944110495391,40.5966350901462],[-104.94411148803,40.5965143182079],[-104.944107946871,40.5962881878399],[-104.944106053222,40.5960805922311],[-104.944105957103,40.5959828035392],[-104.94410492404,40.5958894715912],[-104.944104536866,40.5957175674565],[-104.944100654347,40.5956424065373],[-104.944102143754,40.5955707024683],[-104.944111784474,40.5954110994021],[-104.944113243338,40.5953615616935],[-104.944109418311,40.5953302124849],[-104.944104224252,40.5951644895971],[-104.944102804016,40.5950525988752],[-104.944102568657,40.5950333816325],[-104.944101726038,40.5949647559838],[-104.944104307796,40.5948697241424],[-104.944103373548,40.5947643833109],[-104.944104288033,40.5946532176946],[-104.944103486735,40.594531751188],[-104.944104555731,40.5944017142787],[-104.94410500399,40.5941282530009],[-104.944098404068,40.5938362285428],[-104.94409968237,40.5936808027901],[-104.944098288185,40.5935219325963],[-104.944099633861,40.5933582720888],[-104.944104137116,40.593029587646],[-104.944100993911,40.592864533008],[-104.944100550143,40.5926994922874],[-104.9441009993,40.5925354839213],[-104.944102342282,40.5923721668456],[-104.944102773473,40.592210217753],[-104.944100490854,40.5920499709049],[-104.944099102059,40.5918904146884],[-104.944095904954,40.5917318785867],[-104.944095402796,40.5915740426782],[-104.944096691879,40.5914172446334],[-104.944097079053,40.5912607845693],[-104.944100162969,40.5911046815888],[-104.944102361146,40.590946857843],[-104.944100907672,40.5904668301557],[-104.944102238976,40.5903048846345],[-104.944103122019,40.5899785850471],[-104.944102224603,40.5896498737589],[-104.944104479374,40.5894851880196],[-104.944108538861,40.5893198251582],[-104.94410767558,40.5889869964202],[-104.944109046409,40.5888202481855],[-104.944108620607,40.588653148212],[-104.944109091325,40.5884863950518],[-104.944107765411,40.5883192908331],[-104.944105535793,40.5881525252433],[-104.944105775643,40.5881233604259],[-104.944105763965,40.5881232819744],[-104.944105759473,40.5881170099544],[-104.944104986024,40.5879576367305],[-104.944120581675,40.5856660233378],[-104.944119271932,40.5854968599754],[-104.944120666117,40.5853273659932],[-104.944122135761,40.5848202452269],[-104.944126674948,40.5844870993751],[-104.944128028709,40.584322409109],[-104.944127568772,40.5841594267328],[-104.94412889199,40.5839985097467],[-104.944129298029,40.5838396486143],[-104.944126981273,40.5836835194417],[-104.944125542172,40.5835301379395],[-104.944126783644,40.5833791725604],[-104.944129802882,40.5832309596632],[-104.9441285668,40.5829434210942],[-104.94413081169,40.5826703093405],[-104.944131212338,40.5822932250437],[-104.944130362532,40.5821775897635],[-104.944130371515,40.5820671059379],[-104.944131254559,40.5819597145649],[-104.944131234796,40.5818526614155],[-104.944130328396,40.5817438881393],[-104.944132173536,40.5815194980538],[-104.944133115869,40.5814049011922],[-104.944131377628,40.5812180702537],[-104.944154747301,40.5809175969411],[-104.944155620463,40.5795951769809],[-104.944134216305,40.5769911052017],[-104.944142128666,40.5763267084473],[-104.9441351784,40.5759795056465],[-104.944138874069,40.5753809717268],[-104.944137558936,40.5747954968755],[-104.944143523749,40.5736227188416],[-104.944146174678,40.5734493798319],[-104.944150634813,40.5730311550957],[-104.944143044947,40.5727119447119],[-104.944137736802,40.5725227742984],[-104.944141148604,40.5723463557362],[-104.944139765198,40.5721568308324],[-104.944136265362,40.5719863600397],[-104.944138267707,40.5716234071292],[-104.944134727446,40.5714577954006],[-104.944136205175,40.5712780031822],[-104.944138373708,40.5707756213669],[-104.944152285018,40.5702345277481],[-104.944141087518,40.5693786273004],[-104.944144864036,40.5689192090252],[-104.944146463037,40.5682868466922],[-104.944144149875,40.5681303734635],[-104.944142722452,40.5679756201782],[-104.944143982789,40.567822251111],[-104.944148241701,40.567523072191],[-104.944148529162,40.5673786196612],[-104.94414698945,40.5672375904163],[-104.944141815154,40.5671006614196],[-104.944135703017,40.5669685301108],[-104.944127722384,40.566844626277],[-104.944126072178,40.5668264334053],[-104.944086941565,40.5663241894554],[-104.94412857758,40.5645798091201],[-104.944151741538,40.5587297066179],[-104.944135910527,40.5581663974216],[-104.94413115844,40.5579972955632],[-104.944130941047,40.5578048034832],[-104.944128921634,40.5576126466385],[-104.94412779335,40.5574215232286],[-104.944127050444,40.5568550280114],[-104.944130132563,40.5564800115973],[-104.944130783842,40.5562912989948],[-104.944133240734,40.5561019074426],[-104.944132991901,40.5559131903618],[-104.944131826786,40.5557265278063],[-104.944130946437,40.5551768437853],[-104.944132421471,40.554997398916],[-104.944132085501,40.5548193172523],[-104.944133546162,40.5546415879817],[-104.944134112998,40.5544631682022],[-104.944137017252,40.5541097678657],[-104.944139341193,40.5539365032196],[-104.944139842453,40.553765974414],[-104.944142116089,40.553598885167],[-104.944143353069,40.5531198951829],[-104.94414697328,40.5526793449124],[-104.944149012456,40.5525407336829],[-104.944150120977,40.552405892575],[-104.944150292555,40.5522755075759],[-104.944151332804,40.5521489009365],[-104.94415146845,40.5521324322953],[-104.944155134474,40.5519053034647],[-104.944157905777,40.5517869400458],[-104.944164882992,40.5516104286013],[-104.944166992236,40.5515570920933],[-104.944167914806,40.5514448956731],[-104.944174845308,40.5508212757445],[-104.944179943248,40.5507341822439],[-104.944165174046,40.5500267635678],[-104.944162167385,40.5497357827284],[-104.944162505151,40.5495851540616],[-104.944162411727,40.5495607204539],[-104.944161359799,40.5492866328661],[-104.944163488807,40.549137042764],[-104.94416472399,40.5489867615514],[-104.944163631639,40.5486817217003],[-104.944162201521,40.5485273104796],[-104.944162988445,40.5482126719595],[-104.944164299087,40.5480531258624],[-104.944165547745,40.5475727624088],[-104.944167771974,40.5474115062361],[-104.944170899009,40.5472499117867],[-104.944173129526,40.5470879681364],[-104.944173997299,40.5467633806706],[-104.944175333992,40.5466007464083],[-104.94417487136,40.5464381049249],[-104.944175310636,40.5462751251531],[-104.944177972344,40.545951230699],[-104.944180196573,40.5457899740352],[-104.944180619679,40.5456290521492],[-104.944180139979,40.5454684691393],[-104.944178761065,40.545307880966],[-104.944179180578,40.5451473026471],[-104.94418229863,40.544986736913],[-104.944183022672,40.5445701910785],[-104.944183547289,40.5445063726275],[-104.944185758042,40.5443468313537],[-104.94418706599,40.5441876296516],[-104.94418926776,40.5440291183986],[-104.944188768297,40.5438709364844],[-104.944189154573,40.5437144751294],[-104.944190414909,40.5435611050882],[-104.944190749981,40.5434108195553],[-104.944193154771,40.543118149095],[-104.944195235269,40.5429743900347],[-104.944198212286,40.542830979499],[-104.94420057755,40.5425431116852],[-104.944200876689,40.5423972863673],[-104.944202088516,40.5422497506839],[-104.944201504611,40.5421018617426],[-104.944198534781,40.5418064201138],[-104.944191343767,40.5413678761728],[-104.944192558289,40.5412199955245],[-104.944194687296,40.5410704051544],[-104.944197731687,40.540918759621],[-104.944205652133,40.5406117032789],[-104.944207811683,40.5404583384214],[-104.944206121053,40.5400071247328],[-104.944206735501,40.5397134153814],[-104.94421092165,40.539422810266],[-104.944209699941,40.5391335535596],[-104.944209973928,40.53899081544],[-104.944209324446,40.5388508186936],[-104.944212645517,40.5384466364977],[-104.944212923995,40.5381937577813],[-104.9442166538,40.5379587361175],[-104.944229090077,40.5378490394883],[-104.94423209045,40.5376523058984],[-104.94423117866,40.5375610082633],[-104.944231216389,40.5373253808694],[-104.944231664648,40.5372811505047],[-104.944228772073,40.537203332382],[-104.944235728627,40.5370409493553],[-104.9442326501,40.5368760979432],[-104.944240193254,40.5367670883954],[-104.94424137364,40.5363537343379],[-104.944243831431,40.5360545049047],[-104.944244095535,40.5357527282718],[-104.944245331617,40.5356022675121],[-104.944244378505,40.5354484153284],[-104.944241287402,40.5352852538383],[-104.944244835747,40.5351229706199],[-104.944241834476,40.5349488211914],[-104.944241008026,40.5347797542356],[-104.94424460488,40.5346115539225],[-104.944241535337,40.534445856088],[-104.944244409946,40.5340959092279],[-104.944237777684,40.5337449521323],[-104.944239234751,40.5335675642888],[-104.944238893392,40.5333901684655],[-104.944243296035,40.5328542319305],[-104.94424658836,40.5326723922376],[-104.94424900393,40.5324878039689],[-104.944251427585,40.5323021862795],[-104.944252958314,40.5321158778084],[-104.944255385562,40.5319299177091],[-104.944258705735,40.5317446466824],[-104.944260222091,40.5315600544924],[-104.944259031824,40.5313764770651],[-104.944256938749,40.5311932398354],[-104.944256645,40.5310100116635],[-104.944255454732,40.5308264347776],[-104.944254573485,40.5302767477981],[-104.944253377827,40.5300938578263],[-104.944252839736,40.5300499347174],[-104.944251277566,40.5299116494522],[-104.944250063942,40.5297308177529],[-104.944249747735,40.5295503331023],[-104.944250319962,40.529371226509],[-104.944249084778,40.5291931402034],[-104.944249639039,40.5290160905807],[-104.944247484879,40.5288404019747],[-104.944244422522,40.5286657370966],[-104.944242251294,40.528492106879],[-104.944241867713,40.5283198575077],[-104.944243274475,40.5281486448632],[-104.944243769447,40.5279788021596],[-104.944238611321,40.5272928734661],[-104.944238255588,40.527117193316],[-104.944238805357,40.526940831261],[-104.944238457709,40.5267641205079],[-104.944239001189,40.5265884444343],[-104.944240444782,40.5264127713141],[-104.944240982873,40.5262377819163],[-104.944242413889,40.5260634823914],[-104.944242937607,40.525890207327],[-104.944242556721,40.525717614637],[-104.944241271232,40.525545702961],[-104.944240884058,40.5253737969894],[-104.944241394301,40.5252022381363],[-104.944245973913,40.5248635971189],[-104.944249127898,40.5246985703038],[-104.944249958839,40.5243784397941],[-104.94424942524,40.5242243747427],[-104.944251553349,40.5240747826163],[-104.9442518462,40.5239296429596],[-104.944253892562,40.5237900019156],[-104.944257057327,40.5234046894542],[-104.944260700893,40.5231799603855],[-104.944278121023,40.5227719307028],[-104.944239600366,40.5208219149577],[-104.944238314876,40.5206500036998],[-104.944239350634,40.5203048263982],[-104.944238969748,40.5201322323007],[-104.944230980132,40.5197911298261],[-104.94422786208,40.5196233268893],[-104.944226542455,40.5194555337758],[-104.944226298113,40.5193581213604],[-104.944226122043,40.5192877443396],[-104.944225439324,40.5192003605854],[-104.944223491776,40.5189511268955],[-104.944223079449,40.51878230776],[-104.944221768807,40.5186134847849],[-104.94421556055,40.5182744485444],[-104.944214257993,40.5181045958431],[-104.944214756558,40.5179344094555],[-104.94421435591,40.5177642171726],[-104.944212159529,40.5175936748103],[-104.944210856972,40.5174238217501],[-104.944210448238,40.517254660046],[-104.944210935125,40.5170858455163],[-104.94421231853,40.516917377481],[-104.944212800926,40.5167492497962],[-104.944210156286,40.5164143473866],[-104.944231860481,40.5155300376195],[-104.944204300168,40.5143902303455],[-104.944205691659,40.5142207331764],[-104.94420529101,40.5140505423935],[-104.944205789575,40.5138803552763],[-104.944207187354,40.5137101718248],[-104.944203271597,40.5132016424591],[-104.944201052759,40.5130338448837],[-104.944202441554,40.5128646905431],[-104.944202934729,40.5126951895177],[-104.944205229026,40.5125253540979],[-104.944198640782,40.512013723295],[-104.944198240133,40.511843532374],[-104.944196929491,40.5116747090009],[-104.944197872722,40.5113408535054],[-104.944196955542,40.5110145370435],[-104.944197764026,40.5106971516291],[-104.944196704014,40.5103883340445],[-104.944195257727,40.5102359791229],[-104.944194707958,40.5100839728588],[-104.944193258975,40.5099319621523],[-104.944193633573,40.5097768708401],[-104.944189526475,40.509620043701],[-104.94418721511,40.5094635679339],[-104.944186202709,40.5091489173884],[-104.944183891343,40.508992441888],[-104.944184283009,40.5088352919071],[-104.94418196266,40.5086798456328],[-104.944178741302,40.508524738448],[-104.9441953251,40.5082332078482],[-104.944160594435,40.5067932430098],[-104.944161890704,40.5066354116891],[-104.944162265301,40.5064803209495],[-104.944161729007,40.5063265986231],[-104.944162083841,40.5061739093558],[-104.944163340585,40.5060208816445],[-104.944163690029,40.505868879487],[-104.944163125887,40.5057185872823],[-104.944163725962,40.5054265916363],[-104.94416488389,40.5052855719459],[-104.944166910489,40.5051483318576],[-104.94416549744,40.5048824037981],[-104.944162986648,40.5047502883866],[-104.944159587423,40.5046167963948],[-104.944155300663,40.5044819278144],[-104.944152829397,40.5043450084766],[-104.944152172729,40.5042060404179],[-104.944153436659,40.5036141557327],[-104.944152906653,40.5034597458374],[-104.944153283945,40.5033043123768],[-104.944152762922,40.5031488744577],[-104.944153140215,40.5029934402766],[-104.944152620988,40.5028376587433],[-104.944153769934,40.5023692983113],[-104.944153263284,40.5022121451066],[-104.944153656746,40.5020546520512],[-104.944150869273,40.5017372481414],[-104.944148583959,40.5015776835912],[-104.944147205944,40.5014170947397],[-104.944146275289,40.5010924930039],[-104.944143566869,40.5007654811696],[-104.944139046546,40.50044017749],[-104.944138583914,40.5002775332556],[-104.944139015105,40.5001155805901],[-104.944140333832,40.4999550046325],[-104.944141145011,40.4996372738352],[-104.944140631174,40.4994808061998],[-104.944141357911,40.4991733694139],[-104.944139907132,40.4990217008001],[-104.944137548156,40.4988710571702],[-104.944136082106,40.4987211044965],[-104.944136409092,40.4985718468823],[-104.944134937652,40.4984225793726],[-104.944130200835,40.4981236949741],[-104.944129645677,40.4979723730538],[-104.944128196694,40.4978203615378],[-104.944127661298,40.4976666391748],[-104.944126229384,40.4975125680737],[-104.94412299994,40.4973584897876],[-104.94412066971,40.4972044152464],[-104.944119607003,40.4968959399393],[-104.944117282163,40.4967411798521],[-104.944114060805,40.4965860710172],[-104.944111229315,40.4962741553961],[-104.944110716377,40.4961176881144],[-104.944108402317,40.4959615551994],[-104.944107359373,40.4956506777629],[-104.944105933746,40.4954959216346],[-104.944104856666,40.4951891613344],[-104.944102515657,40.4950364596944],[-104.944101965888,40.4948844517734],[-104.944123441013,40.4937898547787],[-104.944096054973,40.490238470963],[-104.944114253942,40.4886783762358]]]},"properties":{"FID":1,"OG_CODE":1250,"CDE_Code":" ","School":"Timnath Middle-High School","SchoolFull":"Timnath Middle High School","Address":"4700 E Prospect Rd","City":"Timnath","State":"CO","Zip":0,"Phone":"970-000-0000","BldID":0,"Loc_Code":" ","Shape_Leng":165836.436219,"Shape_Area":934028263.234,"Shape__Area":116565601.9921875,"Shape__Length":57248.52242700784,"RIC":85,"RICNC":88,"NSC":106,"FCI":0,"FCA":8.87,"FCA_Remain":21.130000000000003}},{"type":"Feature","id":2,"geometry":{"type":"Polygon","coordinates":[[[-105.11930273266,40.5748124878688],[-105.116202583478,40.5747663968409],[-105.11564167152,40.574758048551],[-105.115332437634,40.5747534454458],[-105.115325236142,40.5747537647393],[-105.11531983844,40.5747534037698],[-105.115309942977,40.5747526848071],[-105.11530634516,40.574752329791],[-105.1153018474,40.5747519717977],[-105.115288356072,40.5747505547087],[-105.115285658197,40.5747502026691],[-105.115282960322,40.5747498506294],[-105.115280262447,40.5747494985896],[-105.115277564572,40.5747491465498],[-105.115274866698,40.5747487945099],[-105.115272168823,40.57474844247],[-105.115267673016,40.5747477413672],[-105.115260480105,40.5747463451121],[-105.115256882288,40.5747459900944],[-105.115254186366,40.5747452949459],[-105.115250590501,40.5747445968199],[-105.115246992684,40.5747442418019],[-105.11524249883,40.5747431975901],[-105.115230811295,40.5747411002331],[-105.115224519509,40.5747397069571],[-105.115220923646,40.5747390088303],[-105.115218229677,40.5747379705728],[-105.11521373387,40.5747372694679],[-105.115211039902,40.5747362312103],[-105.115200254264,40.5747337937198],[-105.115197558343,40.57473309857],[-105.115191268511,40.5747313621842],[-105.11518857259,40.5747306670341],[-105.115185878622,40.5747296287759],[-105.11518048678,40.5747282384756],[-105.115176894823,40.574726854131],[-105.11517329896,40.5747261560026],[-105.115169707003,40.5747247716578],[-105.115167011082,40.5747240765073],[-105.115163419125,40.5747226921623],[-105.115160723205,40.5747219970116],[-105.115157131249,40.5747206126665],[-105.11515263935,40.574719225343],[-105.115149047394,40.5747178409976],[-105.11514635538,40.5747164596303],[-105.115142761471,40.5747154183928],[-105.115139169515,40.5747140340471],[-105.115135577559,40.5747126497012],[-105.115131985604,40.5747112653553],[-105.11512929359,40.5747098839876],[-105.115123007668,40.5747074613817],[-105.115076322031,40.5746877493298],[-105.115019815208,40.5746542801621],[-105.115014427283,40.5746522036377],[-105.114992873633,40.5746442406459],[-105.114959634433,40.5746338371575],[-105.114946150952,40.5746310475961],[-105.114942555097,40.5746303494606],[-105.114938959241,40.5746296513249],[-105.114932667472,40.5746282580332],[-105.114928169722,40.5746279000255],[-105.114915580322,40.5746261427649],[-105.114911982513,40.5746257877366],[-105.114831551347,40.5746246658339],[-105.113976098652,40.574612734561],[-105.112984418071,40.5745998312904],[-105.112537172136,40.574593881516],[-105.111984637227,40.5745868925351],[-105.110988010398,40.5746514996529],[-105.110795237112,40.5746640758117],[-105.110547765402,40.5746802202306],[-105.109851198637,40.574679600968],[-105.105990656427,40.5746302149304],[-105.105520086525,40.5746114638945],[-105.104974753725,40.5746041229219],[-105.10071995775,40.5745679759347],[-105.099749755862,40.5745756204322],[-105.099396873928,40.5745922473275],[-105.09926719379,40.574609580366],[-105.099049241751,40.5746339386398],[-105.098873676082,40.574646371557],[-105.098698139712,40.574653657587],[-105.09847494228,40.5746549458474],[-105.097151125759,40.5746431648032],[-105.097020130849,40.5746419976998],[-105.096652996724,40.5746387274563],[-105.095952487041,40.5746324845039],[-105.095965372158,40.573379813698],[-105.095973242364,40.5726651314014],[-105.095982063648,40.5717912459169],[-105.095991571394,40.5709530466002],[-105.095869359268,40.5709523193457],[-105.091831430125,40.5709282251809],[-105.089840347017,40.570910719606],[-105.088447944087,40.5708984576879],[-105.088239485557,40.5708966498599],[-105.087970829596,40.5708943194841],[-105.087383488031,40.5708892217981],[-105.086774051527,40.5708839300609],[-105.086576228458,40.5708822110783],[-105.086427746675,40.5708816830917],[-105.08638632447,40.5708859962656],[-105.086367150673,40.5708887864597],[-105.086365608119,40.570889010617],[-105.086344886387,40.5708927111765],[-105.08630433887,40.5709011448183],[-105.086284509805,40.5709062210047],[-105.086264676538,40.5709119834036],[-105.086245741058,40.5709180921091],[-105.08619613372,40.5709364438255],[-105.086169982306,40.5709452717641],[-105.086142941493,40.570952380954],[-105.086128522245,40.5709557607899],[-105.086115007085,40.5709584576108],[-105.086086183283,40.5709628155178],[-105.086071774531,40.5709644798067],[-105.086057367878,40.5709658009858],[-105.086028562974,40.5709670709067],[-105.086014164723,40.5709670196484],[-105.085985372422,40.5709662309107],[-105.08596378555,40.5709644384748],[-105.085960185987,40.5709644256584],[-105.084875943923,40.5709396300538],[-105.084173191754,40.570926825723],[-105.083733101606,40.5709321918197],[-105.08322653616,40.5709185844514],[-105.082604938314,40.5708793470946],[-105.080332105038,40.5708241599061],[-105.079055182294,40.5708161133713],[-105.078997475972,40.5671059286532],[-105.079002425513,40.5658664800766],[-105.079018597252,40.5653132508767],[-105.079034497998,40.564803701731],[-105.079128154161,40.5640711770026],[-105.079208258275,40.5634794256862],[-105.079559299546,40.5611036375156],[-105.07967900774,40.5604282631719],[-105.079792193739,40.5596230075367],[-105.079847623715,40.5588951962657],[-105.080034774855,40.5526073398051],[-105.080200455217,40.5484501166297],[-105.080340561663,40.5455031400312],[-105.08043969327,40.5424177329018],[-105.080458893059,40.5418399812445],[-105.080489853696,40.5406248797061],[-105.080552414028,40.538105724503],[-105.08065923917,40.5334533438305],[-105.080709249333,40.531052876754],[-105.080842421441,40.525939319009],[-105.080881391434,40.5235829789249],[-105.079008199751,40.5235808851904],[-105.077088242549,40.5235790602694],[-105.077127077929,40.5216817444102],[-105.077237097527,40.5163936250819],[-105.077273656403,40.5146283944086],[-105.077391966509,40.508696876848],[-105.077415939888,40.5065298666482],[-105.077417967866,40.5063490490457],[-105.07743960876,40.5044667587591],[-105.077465958781,40.5020389238213],[-105.07740014021,40.4948049673616],[-105.078735659136,40.4947800832773],[-105.084245073623,40.4946893328155],[-105.086605841002,40.494647395657],[-105.086841027938,40.4946434224542],[-105.08752213422,40.4946319129725],[-105.090492934917,40.4945853612342],[-105.093841111676,40.4945258875779],[-105.093957082515,40.4945240235778],[-105.094211836102,40.4945199273387],[-105.096276223096,40.4944884996579],[-105.100053459901,40.4944748037845],[-105.102326811329,40.4944668257987],[-105.10519183929,40.4944564733747],[-105.109034317265,40.4944403062493],[-105.11115822219,40.4944324565088],[-105.113198264418,40.4944270219551],[-105.115622631372,40.4944179140723],[-105.115730436266,40.4944167956253],[-105.124407880105,40.4943638029444],[-105.125174595108,40.4943592317455],[-105.126311810709,40.4943595863851],[-105.129810769023,40.4943605889285],[-105.134711836783,40.4943618406492],[-105.134703016771,40.4931705914157],[-105.134674999477,40.4893808212264],[-105.134673039929,40.489115504395],[-105.134658825938,40.4871924600248],[-105.134655999726,40.4868031777886],[-105.134632797232,40.483609488818],[-105.134606741611,40.4800223960023],[-105.134763257535,40.4764139172667],[-105.134919756808,40.4728054297633],[-105.134913374758,40.4725888493845],[-105.135277529711,40.4725842642704],[-105.141630087378,40.4725040722182],[-105.14676014924,40.4724654562927],[-105.147529325041,40.4724624892847],[-105.14867486717,40.4726011596087],[-105.1533484234,40.4725970676713],[-105.162676449815,40.4726892204985],[-105.173466954686,40.4727349129125],[-105.173463661454,40.4727949798392],[-105.182868937626,40.4728821288374],[-105.18272073553,40.4764881618196],[-105.182586747225,40.4797484669949],[-105.182570734173,40.4801380152375],[-105.182411859423,40.4849700821775],[-105.18233819547,40.4871772241789],[-105.18222001425,40.4907179161812],[-105.182101821826,40.4942586094786],[-105.181950135655,40.4983695658955],[-105.181942676843,40.4985720783661],[-105.181836999763,40.5014521070912],[-105.181729612974,40.504365883521],[-105.181573191173,40.5086095620514],[-105.18188382308,40.515974453691],[-105.181959428635,40.5177565964175],[-105.182056401522,40.520044521968],[-105.182164760458,40.5226142097831],[-105.182167486467,40.5226848347677],[-105.182193787504,40.5233026159473],[-105.181949249666,40.5374480261823],[-105.18197011201,40.5410460126264],[-105.182008598229,40.5446437367907],[-105.182013769193,40.5518386344255],[-105.177174569253,40.5518548715303],[-105.172348943742,40.5518710508289],[-105.167429946482,40.5520090822088],[-105.162510936272,40.5521469000639],[-105.159239988381,40.5521753342521],[-105.159646431522,40.5531140824553],[-105.159850429415,40.553656248736],[-105.160151855278,40.5542956444888],[-105.160382348259,40.554895247756],[-105.160579205457,40.5553812638282],[-105.160866409388,40.5559652004471],[-105.161399568754,40.5562418377255],[-105.162115733676,40.5562672099482],[-105.162584396819,40.5559276519769],[-105.162601337197,40.5554842192567],[-105.162665551406,40.5550244694198],[-105.163294288467,40.5551954129713],[-105.164047086195,40.5550018527664],[-105.164807850251,40.5550830319231],[-105.165637412997,40.5550068986011],[-105.166328482724,40.5550295502888],[-105.166838719045,40.5548879821196],[-105.167408268098,40.5555648868873],[-105.166853401395,40.5558548779772],[-105.166196323014,40.5557090125708],[-105.165555503978,40.5556053096759],[-105.165040306727,40.5557234549126],[-105.164439314266,40.5556058027679],[-105.163796407034,40.5558005884058],[-105.163592652737,40.5563253188385],[-105.163529618792,40.5568260544688],[-105.163692415178,40.5572861525482],[-105.163922760063,40.5577730339098],[-105.164166751261,40.558137351207],[-105.164137474657,40.5586829740297],[-105.163509368524,40.5582897587115],[-105.163104130978,40.5578448198862],[-105.162507729172,40.5575227130924],[-105.161575194055,40.5573490299604],[-105.161326732715,40.5578088322406],[-105.161586526173,40.5585934489228],[-105.161832661598,40.5592382862352],[-105.162006653795,40.5599614604713],[-105.162295070985,40.5605788342507],[-105.162527758439,40.5610782849229],[-105.162678639161,40.5614789489676],[-105.162770160517,40.561862576647],[-105.162691027446,40.5623375551085],[-105.163106187895,40.5626675836098],[-105.163410567978,40.5630059677826],[-105.16355151115,40.5636797445513],[-105.163686024629,40.5643440897289],[-105.163460117978,40.5647755094654],[-105.16360854823,40.5651884655711],[-105.164073116795,40.5656280111702],[-105.163818876952,40.5660139305876],[-105.163851568802,40.5665617540139],[-105.164176208706,40.5670867748041],[-105.164381532807,40.5674498631607],[-105.164618534013,40.5678993587349],[-105.165331005809,40.5684260082491],[-105.165060458999,40.5689050580778],[-105.164980068889,40.5693035397714],[-105.165446314388,40.569704771493],[-105.166078029076,40.5701337807151],[-105.166463621205,40.5706184199146],[-105.166674068511,40.5710206470256],[-105.166914156275,40.5716758318928],[-105.167119231539,40.5722883931908],[-105.167301309558,40.5727683651816],[-105.167468855708,40.5734658366898],[-105.167736812102,40.5740549474348],[-105.168039102414,40.5745218871835],[-105.168166492794,40.574943825016],[-105.153289340274,40.5750201996628],[-105.153355993584,40.5738274458385],[-105.150433871583,40.5740225553287],[-105.147741505576,40.5742022585142],[-105.146347733426,40.574281531084],[-105.143345036429,40.5744522571269],[-105.136481229246,40.574874197657],[-105.135469101426,40.5749361680064],[-105.135470283183,40.5748534487547],[-105.134957351133,40.5748849156391],[-105.134950473984,40.5748853335259],[-105.134943595211,40.5748858333583],[-105.134936716437,40.5748863331904],[-105.134929837367,40.5748868879554],[-105.134922959328,40.5748874706406],[-105.134916079815,40.5748881073546],[-105.134909236763,40.5748887721001],[-105.134902356949,40.5748894646471],[-105.1348955136,40.5748901843252],[-105.134888669955,40.5748909589362],[-105.134881861595,40.5748917606744],[-105.134875017507,40.5748926172344],[-105.134868208698,40.5748935018222],[-105.134861399739,40.5748944143266],[-105.13485459182,40.5748953529501],[-105.134847782418,40.5748963474034],[-105.134841009482,40.5748973689877],[-105.134834235214,40.5748984184849],[-105.13482746183,40.5748995229188],[-105.13482072373,40.5749006544799],[-105.134548288857,40.5749471214161],[-105.134463398136,40.574961594118],[-105.134458497125,40.5749624027274],[-105.134453561868,40.5749632103283],[-105.134448625426,40.5749640188259],[-105.134443689285,40.5749647714892],[-105.134438753144,40.5749655241524],[-105.134433816998,40.5749662777159],[-105.134428882334,40.5749669754491],[-105.134423909873,40.5749676739638],[-105.134418975356,40.57496834468],[-105.134414003045,40.5749690152773],[-105.134409032213,40.5749696309447],[-105.13440406138,40.5749702466119],[-105.134399090548,40.5749708622789],[-105.134394118831,40.5749714230086],[-105.134389112864,40.5749719836304],[-105.134384141147,40.5749725443596],[-105.134379135477,40.5749730500476],[-105.134374164057,40.5749735558431],[-105.134369158533,40.5749740345142],[-105.134364151828,40.5749745131814],[-105.133840451139,40.5750266109928],[-105.13230073564,40.5750039108895],[-105.131265861521,40.5749886251637],[-105.130229184921,40.5749736676103],[-105.127440424402,40.5749325140868],[-105.126322762035,40.5749158897686],[-105.12451758315,40.5748894874774],[-105.123947051426,40.5748814678926],[-105.12306336215,40.5748683135213],[-105.12039068002,40.5748287395573],[-105.120301606732,40.5748274194198],[-105.11930273266,40.5748124878688]]]},"properties":{"FID":2,"OG_CODE":6218,"CDE_Code":"7470","School":"Rocky Mountain","SchoolFull":"Rocky Mountain High","Address":"1300 W Swallow Rd","City":"Fort Collins","State":"CO","Zip":80526,"Phone":"970-488-7023","BldID":93600,"Loc_Code":"360","Shape_Leng":141649.174153,"Shape_Area":893040283.168,"Shape__Area":143762275.60546875,"Shape__Length":56841.127689222965,"RIC":72,"RICNC":77,"NSC":84,"FCI":12,"FCA":17,"FCA_Remain":13}},{"type":"Feature","id":3,"geometry":{"type":"Polygon","coordinates":[[[-105.036520450527,40.6102639288844],[-105.029303750046,40.6102191751551],[-105.019798102799,40.6101803328117],[-105.004751362043,40.6101148588261],[-105.002401316135,40.6101017443037],[-105.001322635839,40.610095753752],[-105.00131379765,40.6057379646019],[-105.001308587719,40.6027132834098],[-105.001329299691,40.5956479038223],[-105.001309179442,40.5884583895377],[-105.001311036402,40.5882590293731],[-105.00132046483,40.5872470598689],[-105.001289386515,40.5836224729196],[-105.001271829534,40.5811959356585],[-105.001286269233,40.5786728580085],[-105.001277713848,40.5755053834009],[-105.001285536736,40.5740963533557],[-105.001385420199,40.5665610965759],[-105.001427491502,40.5645794501588],[-105.00140335228,40.5631517127117],[-105.001404336228,40.5614508938636],[-105.001302921091,40.5597426196029],[-105.001218827592,40.5591050406084],[-105.001033727971,40.5579344750168],[-105.000906242718,40.5571612621071],[-105.000640435847,40.5559903487349],[-105.000439819179,40.5551501764702],[-104.999823908818,40.5530091825629],[-104.99781899764,40.5462730400696],[-104.99704855064,40.5436007643001],[-104.996563734622,40.5419233842711],[-104.99529036173,40.5376393395102],[-104.994815076734,40.5359716844156],[-104.993830765986,40.5327948623563],[-104.993268105261,40.5308558217238],[-104.992988410847,40.5298849094051],[-104.992672206381,40.5281398273906],[-104.992489183264,40.5270321216925],[-104.992424708041,40.5257328185461],[-104.992298995503,40.5233007317276],[-104.993472803392,40.523321974749],[-104.99566337085,40.523343779605],[-105.001320822153,40.5232399823325],[-105.003171862403,40.5232600881018],[-105.007451008323,40.5232912653874],[-105.010664970296,40.5233073657445],[-105.015554001704,40.5233487526108],[-105.020319292285,40.5233829514494],[-105.020614468018,40.5233697395642],[-105.021326650406,40.5232517185432],[-105.02366363309,40.5231905695986],[-105.02682259988,40.5232175502576],[-105.032051197413,40.52327170923],[-105.036055832409,40.5232967089179],[-105.039367264575,40.5233210140484],[-105.039355293185,40.5207935713722],[-105.039340098412,40.5174775831645],[-105.039328160375,40.5148722104573],[-105.039301791137,40.5091035328939],[-105.039301531474,40.506074409084],[-105.039481610982,40.506075892179],[-105.040076109524,40.5064278392503],[-105.040320676795,40.5065571403047],[-105.041016936641,40.5067647380144],[-105.041401661584,40.5068811060022],[-105.041769088609,40.5069922396369],[-105.041830719246,40.5070108807207],[-105.042246273002,40.507114765619],[-105.04232030694,40.5071544857208],[-105.042695982161,40.5073560394802],[-105.043082829414,40.5074766915827],[-105.043451411795,40.5075916446717],[-105.044724229803,40.5078595629467],[-105.044885766301,40.5079421137551],[-105.044946276282,40.5080581963019],[-105.044964657656,40.5082640747819],[-105.045047314381,40.5083984591845],[-105.045116748571,40.5084892675105],[-105.045184675805,40.5085687243575],[-105.045393103285,40.5087068582153],[-105.045602467633,40.5088589985074],[-105.045888839451,40.5089246251298],[-105.046521859526,40.5089158152632],[-105.047839751241,40.5089010121997],[-105.048137920718,40.5088995056726],[-105.048496791573,40.5089009981896],[-105.048436297482,40.5090759613906],[-105.048259738085,40.5095876250505],[-105.048015756521,40.510294663977],[-105.047400204919,40.5120784152732],[-105.047187118207,40.5126854701317],[-105.04709706293,40.5129568262579],[-105.047068652783,40.5130391484005],[-105.046889113106,40.513556478792],[-105.046847714637,40.5136757640952],[-105.046628033296,40.5143087485425],[-105.046376258426,40.5150341913931],[-105.045941096382,40.5162879882978],[-105.045517047886,40.5175097183217],[-105.045395800162,40.5178590392371],[-105.045350479519,40.517989607229],[-105.045289672648,40.5181647923732],[-105.045216485312,40.5183703623223],[-105.044953030578,40.5191103451354],[-105.04446506056,40.5204808904697],[-105.044230828773,40.5212237389422],[-105.044169445852,40.5214184060538],[-105.04404581432,40.5218104826241],[-105.043981901546,40.5220131701497],[-105.04370412253,40.5228940807887],[-105.043599358709,40.5232263072206],[-105.043540884389,40.5234691437965],[-105.044611834228,40.5235666862127],[-105.047107424155,40.5235984324942],[-105.048770909746,40.5236097742743],[-105.051032932224,40.5236251588555],[-105.053430848712,40.5236414197805],[-105.055732201608,40.5236569783922],[-105.056893722471,40.5236648139284],[-105.05805560468,40.5236769827162],[-105.058484501366,40.5236764130057],[-105.061340506955,40.5236946988097],[-105.06288057165,40.5236780112565],[-105.063973215568,40.5236539696681],[-105.065375295578,40.5235464780116],[-105.066261945431,40.5235532221196],[-105.066477743462,40.5235578017318],[-105.066498426425,40.5235578788931],[-105.066572156895,40.5235595264077],[-105.066644993684,40.5235604843024],[-105.066676463366,40.5235612878988],[-105.066697146331,40.5235613650248],[-105.066728616014,40.5235621686072],[-105.066780770859,40.5235627061801],[-105.066811341284,40.5235635063875],[-105.066832923509,40.5235635868416],[-105.066842813166,40.523563966827],[-105.066989383662,40.5235658855736],[-105.067030745204,40.5235667259343],[-105.067062219284,40.5235668432024],[-105.067103580828,40.5235676835372],[-105.067218682827,40.5235687985182],[-105.067228572487,40.5235691784707],[-105.067302309569,40.5235697961863],[-105.067312199229,40.5235701761317],[-105.067354464425,40.5235703335017],[-105.067364354086,40.5235707134427],[-105.067406619282,40.5235708707938],[-105.067416508943,40.5235712507303],[-105.067458774139,40.5235714080624],[-105.067468663801,40.5235717879945],[-105.067520820852,40.5235719821234],[-105.067531609774,40.523572365397],[-105.067552292743,40.5235724423708],[-105.067563077279,40.5235735118653],[-105.068272607396,40.5235740914368],[-105.070736632763,40.5235756712936],[-105.077088242549,40.5235790602694],[-105.079008199751,40.5235808851904],[-105.080881391434,40.5235829789249],[-105.080842421441,40.525939319009],[-105.080709249333,40.531052876754],[-105.08065923917,40.5334533438305],[-105.080552414028,40.538105724503],[-105.080489853696,40.5406248797061],[-105.080458893059,40.5418399812445],[-105.08043969327,40.5424177329018],[-105.080340561663,40.5455031400312],[-105.080200455217,40.5484501166297],[-105.080034774855,40.5526073398051],[-105.079847623715,40.5588951962657],[-105.079792193739,40.5596230075367],[-105.07967900774,40.5604282631719],[-105.079559299546,40.5611036375156],[-105.079208258275,40.5634794256862],[-105.079128154161,40.5640711770026],[-105.079034497998,40.564803701731],[-105.079018597252,40.5653132508767],[-105.079002425513,40.5658664800766],[-105.078997475972,40.5671059286532],[-105.079055182294,40.5708161133713],[-105.079051044937,40.571480714159],[-105.079045561794,40.572361473602],[-105.079036801095,40.5736241092664],[-105.078932698554,40.573721863361],[-105.077084245075,40.5737151557154],[-105.077089100737,40.5743029011372],[-105.077082461986,40.5753610813962],[-105.077091479629,40.5767311711902],[-105.077091897483,40.5769521388196],[-105.077094597035,40.5781033022071],[-105.077082933281,40.5801118578152],[-105.07707344166,40.5814853141712],[-105.077064826086,40.5828625483562],[-105.077055376641,40.584229141542],[-105.07704595472,40.5855912738295],[-105.07703600122,40.5870384959756],[-105.07703170874,40.5877243663246],[-105.077024420409,40.5888892145469],[-105.077012503076,40.5907937998095],[-105.077011723737,40.5909183472691],[-105.076996997592,40.591113869451],[-105.076973164547,40.5913261701732],[-105.076943032344,40.5915381057557],[-105.076905702918,40.5917493280126],[-105.076809443515,40.5921710085466],[-105.076786664343,40.592358609726],[-105.076757056271,40.5925583661274],[-105.07674035036,40.5927104757693],[-105.076727543718,40.5928867904487],[-105.076722836526,40.5930634768037],[-105.076724430611,40.5932401869796],[-105.076733226223,40.5934169224504],[-105.076731116441,40.5937538531328],[-105.076721214662,40.595047596062],[-105.076720696478,40.5951299683993],[-105.07671974175,40.5952828070623],[-105.076713309381,40.5961662229504],[-105.076582352007,40.5961652636628],[-105.076407255064,40.5961639805082],[-105.07584394421,40.5961598503548],[-105.073549984361,40.5961430037132],[-105.07223120511,40.59613631289],[-105.072081727721,40.5961355533014],[-105.072066423894,40.5961354970051],[-105.072055623365,40.59613511416],[-105.072045723061,40.5961347346256],[-105.072028623129,40.5961339854901],[-105.072016025314,40.5961329098024],[-105.071995326655,40.5961318043086],[-105.071952139753,40.5961278711582],[-105.071948543199,40.5961271716975],[-105.07193864507,40.5961264490486],[-105.071924254508,40.5961243374141],[-105.071905362822,40.5961222092136],[-105.071899967992,40.5961211600203],[-105.07188827376,40.5961197445307],[-105.071881080654,40.5961183456052],[-105.071853201936,40.596113782528],[-105.071810939187,40.5961060784795],[-105.071782171123,40.5960997965449],[-105.071773181919,40.5960977047744],[-105.071769587542,40.5960966622028],[-105.071768700359,40.5960946002568],[-105.07164875352,40.5960687412409],[-105.070873280156,40.5959015588866],[-105.070869683625,40.5959008593925],[-105.070855295323,40.5958984045203],[-105.07084360333,40.5958966458202],[-105.070832810379,40.5958948904357],[-105.070823816875,40.5958934848024],[-105.07081392097,40.5958924189525],[-105.070799532672,40.5958899640733],[-105.070794135699,40.595889257934],[-105.070778842822,40.5958874859416],[-105.070773448028,40.5958864366959],[-105.070762654089,40.5958850235141],[-105.070759953423,40.595885013549],[-105.07074556295,40.5958829017686],[-105.070740163798,40.5958825387321],[-105.07073656727,40.5958818392339],[-105.070733866605,40.5958818292681],[-105.070721274397,40.5958800672338],[-105.070689786252,40.5958768630108],[-105.070687085587,40.595876853044],[-105.070683489059,40.5958761535441],[-105.070672692938,40.5958750843599],[-105.070664593123,40.5958747113527],[-105.070648400032,40.5958729360206],[-105.070644799146,40.5958729227303],[-105.070625905391,40.5958711374272],[-105.070621404284,40.5958711208133],[-105.070616007314,40.5958704146658],[-105.070600707908,40.5958696719659],[-105.070595308758,40.5958693089228],[-105.070582712197,40.5958682330841],[-105.070578211089,40.5958682164686],[-105.070571013677,40.5958675036727],[-105.070557512535,40.5958671107189],[-105.070535013539,40.5958659983186],[-105.070526013504,40.5958656219783],[-105.070514312806,40.5958652356666],[-105.070465202123,40.5958654541882],[-105.068746182605,40.5958731050561],[-105.068714993621,40.5960170754535],[-105.068690768553,40.5961289018487],[-105.068633411369,40.5962622161222],[-105.068621289183,40.5962804732535],[-105.068547828222,40.5963911183013],[-105.068427765091,40.5965706507672],[-105.068306081209,40.5967014045598],[-105.068167105863,40.5968217195843],[-105.067958957814,40.5969697750687],[-105.067782910459,40.5971040601138],[-105.067659698445,40.5972199582091],[-105.06753743807,40.5973615517823],[-105.067450825558,40.597486451716],[-105.067380689834,40.5976114443773],[-105.067130816074,40.5976114964785],[-105.067125648529,40.5976114772501],[-105.066957135986,40.5976079367763],[-105.066628539711,40.5978803437185],[-105.066564986207,40.5980200935595],[-105.066436854387,40.5982903360539],[-105.066390940276,40.5982901649268],[-105.0662520755,40.5984656661448],[-105.065815928166,40.5988098990841],[-105.063607524633,40.6003426084666],[-105.060492132265,40.6025039145913],[-105.060124966036,40.6021705944039],[-105.060046340311,40.6022164435431],[-105.059941530744,40.6022736910279],[-105.059832476968,40.602326940989],[-105.059721188723,40.6023749330332],[-105.059605214146,40.6024182414352],[-105.05948657093,40.602456563128],[-105.059365708062,40.6024899007047],[-105.059242180043,40.6025180858672],[-105.059116884903,40.6025411130046],[-105.059018972883,40.6025576409059],[-105.058856291802,40.6025773389697],[-105.058623978276,40.6026054675506],[-105.058515421434,40.6026158632625],[-105.058375351384,40.6026263094601],[-105.058254051857,40.6026317791292],[-105.058151127045,40.6026331794893],[-105.057766277917,40.6026303438848],[-105.057586679912,40.6026300464975],[-105.057648294859,40.5978860020168],[-105.057672280081,40.5960092594503],[-105.053123094117,40.5960607152086],[-105.049777847285,40.5960984396121],[-105.048534983308,40.5961124310027],[-105.046183368553,40.5961540517241],[-105.043748495179,40.5961970959227],[-105.042001688529,40.5962279454203],[-105.039880608087,40.5962653687628],[-105.038941716926,40.5962819221029],[-105.038940831756,40.596361462499],[-105.038938223734,40.5964097006498],[-105.038931103909,40.5968100359699],[-105.038893615456,40.5984121876201],[-105.038837193472,40.6010982574103],[-105.038819836813,40.6033399628213],[-105.03880103265,40.6043265252915],[-105.038786929858,40.6049253639758],[-105.038750115736,40.6066266472741],[-105.038683150081,40.6101593882856],[-105.03868252304,40.6101781939556],[-105.038683453553,40.6102416446647],[-105.038671738837,40.6102429706684],[-105.038662723012,40.6102446504846],[-105.038654609941,40.610245990767],[-105.03863026604,40.6102506978172],[-105.038614028182,40.6102550938935],[-105.038607713589,40.6102567844168],[-105.038603202161,40.6102581389775],[-105.038598690733,40.6102594935381],[-105.038595084402,40.6102601654624],[-105.038592376139,40.6102611840605],[-105.038587862368,40.610262881724],[-105.038585154105,40.610263900322],[-105.038577034002,40.610266269909],[-105.038574325739,40.6102672885067],[-105.038571615133,40.6102686502077],[-105.03856890687,40.6102696688054],[-105.038564393098,40.6102713664679],[-105.038550849437,40.6102768025579],[-105.038490526535,40.6102758770817],[-105.036520450527,40.6102639288844]]]},"properties":{"FID":3,"OG_CODE":6210,"CDE_Code":"3046","School":"Fort Collins","SchoolFull":"Fort Collins High","Address":"3400 S Timberline Rd","City":"Fort Collins","State":"CO","Zip":80525,"Phone":"970-488-8021","BldID":93400,"Loc_Code":"340","Shape_Leng":126670.071443,"Shape_Area":658926658.638,"Shape__Area":106183906.08203125,"Shape__Length":50872.647615631395,"RIC":68,"RICNC":80,"NSC":80,"FCI":30,"FCA":17.35,"FCA_Remain":12.649999999999999}},{"type":"Feature","id":4,"geometry":{"type":"Polygon","coordinates":[[[-105.999988821227,40.9973081196238],[-105.992769584965,40.9973056206702],[-105.954930434061,40.9975031247718],[-105.936156517732,40.9973790547631],[-105.926632917154,40.9973290812981],[-105.922724455804,40.9973067854218],[-105.913759458736,40.9971875680679],[-105.885830368591,40.9971349014669],[-105.863018391181,40.9970869399793],[-105.862198214574,40.9970875153518],[-105.859605746984,40.9970892954822],[-105.83959369382,40.9969544804362],[-105.83824724651,40.9969493246558],[-105.828617007168,40.9969098657763],[-105.822756836078,40.9968857523526],[-105.813674447059,40.9970625542151],[-105.807994466899,40.9970562906204],[-105.749971193803,40.9969765123661],[-105.741603617283,40.9969626341259],[-105.740784815363,40.9969612438139],[-105.739946444467,40.9969619102594],[-105.729835908348,40.996969472722],[-105.719951046934,40.9969760215346],[-105.719131073044,40.9969765268138],[-105.714738474478,40.9969887149742],[-105.696081105148,40.9970386472681],[-105.692458052892,40.9970479979208],[-105.63537731382,40.9971805237943],[-105.634445551851,40.9971824568175],[-105.629982803316,40.9971864184406],[-105.625230519175,40.9972220179022],[-105.624963246002,40.9972230743337],[-105.610821462124,40.9972781018245],[-105.59184015773,40.997358647208],[-105.586979409319,40.9973632085443],[-105.583951358675,40.9973609490094],[-105.249984646682,40.9983521486911],[-105.201162286422,40.998417212511],[-105.199632474477,40.9984136035666],[-105.193421602352,40.9984058268691],[-105.193423730842,40.9978927809098],[-105.19341750021,40.9970759279147],[-105.193166348942,40.9933725581558],[-105.192915232461,40.9896691886843],[-105.192651884708,40.9860714480656],[-105.192387658194,40.9824740387778],[-105.192123461549,40.9788762788877],[-105.191860199667,40.9752785201621],[-105.191790741702,40.9714726773656],[-105.191722198001,40.9676668303099],[-105.191676871061,40.9651495664519],[-105.191653663624,40.9638606371613],[-105.191585133884,40.960055119028],[-105.1915669063,40.9569619278871],[-105.19156274397,40.9562555544537],[-105.19154043207,40.9526367799896],[-105.191575317704,40.9494926681328],[-105.191610208388,40.94634855246],[-105.211063398836,40.9463278085565],[-105.211060449091,40.9425924345358],[-105.211056593691,40.9388570475011],[-105.21105273723,40.9351220017804],[-105.211049788569,40.93138661169],[-105.211103004208,40.9276331694622],[-105.21115622076,40.9238800613394],[-105.211209424498,40.9201266137626],[-105.211261717531,40.9163734935704],[-105.211165906837,40.912565107383],[-105.211069201068,40.9087570646072],[-105.210972507729,40.9049486714445],[-105.210875832161,40.90114061768],[-105.210670735341,40.8973116990681],[-105.210535956183,40.8947957516539],[-105.210465660096,40.8934834608072],[-105.210260618234,40.8896545360351],[-105.210054685827,40.8858259436066],[-105.209794577872,40.8819572262882],[-105.209458808544,40.8780917752085],[-105.209158809799,40.8741970539264],[-105.208863075282,40.8703575882461],[-105.208914394508,40.867059669144],[-105.208990385333,40.8636990226908],[-105.209067272625,40.8603380330839],[-105.209107056994,40.8585781079372],[-105.209143248522,40.8569770371118],[-105.209176159696,40.8531779657717],[-105.209208139308,40.8494866467169],[-105.209239671698,40.8457412746989],[-105.209272105311,40.8419958936379],[-105.209246724892,40.8384572510765],[-105.209221346852,40.8349189453724],[-105.209195066946,40.8313806266998],[-105.209170597614,40.8278423144356],[-105.204459880758,40.8277978930986],[-105.199750066011,40.8277536243611],[-105.195039359714,40.8277095036464],[-105.192232259492,40.827682914912],[-105.190329564491,40.8276648548581],[-105.190350539865,40.8259759006644],[-105.190374027215,40.8240845137587],[-105.19041848088,40.8205038214724],[-105.190463838518,40.8169234738128],[-105.1905082965,40.8133431193218],[-105.185614588936,40.813247357385],[-105.18072180675,40.8131513873465],[-105.176974659477,40.8130780130454],[-105.176118315453,40.8130612273727],[-105.175829043974,40.8130555561971],[-105.170935381994,40.8129598685526],[-105.170850992806,40.8093444939621],[-105.17076660433,40.8057291246945],[-105.170683135063,40.8021137408442],[-105.170598774651,40.7984980131377],[-105.165523466916,40.7984664208078],[-105.161017915941,40.7984355826155],[-105.160004776955,40.7984312590035],[-105.158405117203,40.798424414103],[-105.15191822355,40.7983964375946],[-105.152018003731,40.7948107475475],[-105.152041998783,40.7939638031602],[-105.152119578416,40.7912253943176],[-105.152220240078,40.7876396935676],[-105.152315589047,40.7840327044788],[-105.15234651771,40.7768110266268],[-105.152381122468,40.7695752736696],[-105.152435663839,40.7623220667393],[-105.152489289942,40.7550688397465],[-105.152504792734,40.7496980388586],[-105.152505032438,40.7496131453602],[-105.152509952564,40.7479077919958],[-105.152520282844,40.7443276022541],[-105.152529705702,40.7407470652597],[-105.152530392245,40.7404883270911],[-105.152532295525,40.7397711814347],[-105.152539297807,40.7371332459784],[-105.152544852133,40.734824558015],[-105.152547992199,40.7335197548122],[-105.152561894737,40.7281313894195],[-105.152565058373,40.7269050828281],[-105.152566639818,40.7262918784721],[-105.143037081346,40.7262471721946],[-105.143043654908,40.7216318284479],[-105.143048873376,40.717865718629],[-105.143052826929,40.7148253930945],[-105.143056784794,40.7117841821459],[-105.145429911282,40.7117917736387],[-105.145467336309,40.7091203118259],[-105.145510712797,40.7060231397699],[-105.145531587161,40.7045329065957],[-105.142966092674,40.7045278303119],[-105.133592352704,40.7045081566025],[-105.133600759452,40.7039133128755],[-105.124029018625,40.7039711943189],[-105.114786067576,40.7039253829531],[-105.114693211698,40.7039805773547],[-105.114690219261,40.704188831062],[-105.114569835732,40.7042475031269],[-105.114465444595,40.704250030457],[-105.105201517155,40.7044261733258],[-105.105198781544,40.70470485274],[-105.102815040676,40.7046774676711],[-105.100419914337,40.7046512816436],[-105.098762089125,40.7046331510866],[-105.095620211352,40.70459875519],[-105.09562251506,40.7042249765796],[-105.095625496247,40.7037450457756],[-105.09562950378,40.7030999467809],[-105.094185030638,40.7022602410242],[-105.094051816275,40.7016351850181],[-105.094073262444,40.7015086000645],[-105.094137714461,40.7013875050639],[-105.094406265859,40.7010095580106],[-105.095452455469,40.6999393361044],[-105.095649631665,40.6998669019259],[-105.095659018848,40.6980911727199],[-105.095014841924,40.6980581002223],[-105.094230813458,40.698017842623],[-105.094211029345,40.6963079189482],[-105.094201935857,40.6955221006424],[-105.094083325877,40.692299984554],[-105.094496834431,40.6923490844468],[-105.09446586853,40.6908548030908],[-105.094423807601,40.6888437719995],[-105.094373046462,40.6863764865814],[-105.094312391827,40.6834477122189],[-105.094442334809,40.6827856637829],[-105.094505273966,40.6792398057611],[-105.094548086608,40.6760390356455],[-105.094564702342,40.674797103736],[-105.085154577492,40.6717107852206],[-105.085306500955,40.6551920550759],[-105.085443790851,40.6551584304659],[-105.085448400389,40.6548443929439],[-105.085454539704,40.6544256068366],[-105.085457511143,40.6542233488762],[-105.085315418504,40.6542221827832],[-105.085396115871,40.6454443161602],[-105.08603704321,40.6451906229289],[-105.086830951785,40.6447256011951],[-105.086362230159,40.6428748984976],[-105.087814527997,40.6426741811161],[-105.087092029684,40.639920693544],[-105.087072614705,40.6398284265713],[-105.085479347191,40.6398147588901],[-105.083137604576,40.6397913707598],[-105.081343005028,40.639781464055],[-105.080782047844,40.6397781430119],[-105.076731201769,40.6397442347957],[-105.076607833618,40.6397421237328],[-105.076417356708,40.6397371081395],[-105.076314322645,40.6397336073648],[-105.075920595373,40.6397070105094],[-105.075696422617,40.639681498763],[-105.075525370526,40.6396565288138],[-105.075408742413,40.6396408436732],[-105.075300975858,40.6396265001444],[-105.075133823616,40.6396031071991],[-105.074948040353,40.6395813894461],[-105.074704567448,40.6395646063724],[-105.074218212135,40.6395501333884],[-105.074076806394,40.6395461849853],[-105.073662505984,40.6395336888478],[-105.073407579569,40.6395324117856],[-105.072535620169,40.6395261250565],[-105.072005263386,40.6395228605679],[-105.071448322727,40.6395183133754],[-105.071253901478,40.6390344979778],[-105.069946795045,40.635641202108],[-105.069137969545,40.6355274379098],[-105.069234900612,40.636798949772],[-105.069137805052,40.636796846044],[-105.067789945381,40.6367828777976],[-105.066669090962,40.6367712512717],[-105.066443524354,40.6368293964348],[-105.064291168676,40.6368063430029],[-105.064285693586,40.6373163065844],[-105.064280789227,40.6376576857277],[-105.064279722186,40.6377116822943],[-105.063565255566,40.6377042678955],[-105.063083815213,40.6376982868532],[-105.062855471988,40.6376964254285],[-105.061894845451,40.6376848998305],[-105.060706518715,40.6376730376251],[-105.059517556998,40.6376596209438],[-105.058328833942,40.6376446575842],[-105.057235997042,40.6376338147509],[-105.057144760226,40.6376256247828],[-105.057129109859,40.6389979609178],[-105.057011675179,40.6389973726816],[-105.056912966874,40.6389451325368],[-105.05620273972,40.6385692525971],[-105.055478071499,40.6381857331767],[-105.055033875383,40.6379506350666],[-105.054683938793,40.6377654207322],[-105.054408130312,40.6377727700889],[-105.053759603643,40.6377665313056],[-105.053736615868,40.63930357934],[-105.053736063368,40.6394011661983],[-105.053550030051,40.6393985193707],[-105.053340149018,40.6393966984019],[-105.052848928384,40.6393941812094],[-105.052626779319,40.6393911924446],[-105.052559267753,40.6392933079562],[-105.051971804142,40.6382657487603],[-105.051299143871,40.6379784758543],[-105.050402237099,40.6375954754149],[-105.049317546017,40.6364973522481],[-105.049494838626,40.6359537204376],[-105.048986371603,40.6352379359337],[-105.048230448352,40.6356155143063],[-105.048137814057,40.6357682096837],[-105.038906184388,40.6356647305075],[-105.038814268828,40.6356654101018],[-105.038722370533,40.6356673693756],[-105.038673565216,40.637679006562],[-105.038329102048,40.6376767601312],[-105.037833168857,40.6370171628561],[-105.036980138335,40.6364371560782],[-105.036327584872,40.635815052892],[-105.035436527108,40.6353111300176],[-105.034730740595,40.6351558169186],[-105.034444940418,40.6348735137421],[-105.034153938682,40.634438695831],[-105.033839011829,40.6338596118986],[-105.033766872988,40.6334221084164],[-105.033714623655,40.632835751138],[-105.033149021836,40.631769816797],[-105.024764169431,40.6317618385645],[-105.024783187922,40.6304399712805],[-105.019847365204,40.6303990612721],[-105.019791490026,40.6318924738423],[-105.01029618846,40.6318218021136],[-105.010234964024,40.6390720607282],[-105.010124156526,40.63907262379],[-105.007250683016,40.6390519178424],[-105.002686851462,40.6390149809311],[-105.001174104706,40.6390009894873],[-105.000729470357,40.6389985798415],[-105.001028695518,40.6317858940031],[-105.001137806425,40.6295947506302],[-105.001174428688,40.6278064351879],[-105.001286771945,40.625701242236],[-105.001308500283,40.6245551090603],[-105.001324795988,40.6229897205144],[-105.001272285547,40.6172992348825],[-105.001288571119,40.6143402506352],[-105.001322635839,40.610095753752],[-105.002401316135,40.6101017443037],[-105.004751362043,40.6101148588261],[-105.019798102799,40.6101803328117],[-105.029303750046,40.6102191751551],[-105.036520450527,40.6102639288844],[-105.038490526535,40.6102758770817],[-105.038550849437,40.6102768025579],[-105.038564393098,40.6102713664679],[-105.03856890687,40.6102696688054],[-105.038571615133,40.6102686502077],[-105.038574325739,40.6102672885067],[-105.038577034002,40.610266269909],[-105.038585154105,40.610263900322],[-105.038587862368,40.610262881724],[-105.038592376139,40.6102611840605],[-105.038595084402,40.6102601654624],[-105.038598690733,40.6102594935381],[-105.038603202161,40.6102581389775],[-105.038607713589,40.6102567844168],[-105.038614028182,40.6102550938935],[-105.03863026604,40.6102506978172],[-105.038654609941,40.610245990767],[-105.038662723012,40.6102446504846],[-105.038671738837,40.6102429706684],[-105.038683453553,40.6102416446647],[-105.03868252304,40.6101781939556],[-105.038683150081,40.6101593882856],[-105.038750115736,40.6066266472741],[-105.038786929858,40.6049253639758],[-105.03880103265,40.6043265252915],[-105.038819836813,40.6033399628213],[-105.038837193472,40.6010982574103],[-105.038893615456,40.5984121876201],[-105.038931103909,40.5968100359699],[-105.038938223734,40.5964097006498],[-105.038940831756,40.596361462499],[-105.038941716926,40.5962819221029],[-105.039880608087,40.5962653687628],[-105.042001688529,40.5962279454203],[-105.043748495179,40.5961970959227],[-105.046183368553,40.5961540517241],[-105.048534983308,40.5961124310027],[-105.049777847285,40.5960984396121],[-105.053123094117,40.5960607152086],[-105.057672280081,40.5960092594503],[-105.057648294859,40.5978860020168],[-105.057586679912,40.6026300464975],[-105.057766277917,40.6026303438848],[-105.058151127045,40.6026331794893],[-105.058254051857,40.6026317791292],[-105.058375351384,40.6026263094601],[-105.058515421434,40.6026158632625],[-105.058623978276,40.6026054675506],[-105.058856291802,40.6025773389697],[-105.059018972883,40.6025576409059],[-105.059116884903,40.6025411130046],[-105.059242180043,40.6025180858672],[-105.059365708062,40.6024899007047],[-105.05948657093,40.602456563128],[-105.059605214146,40.6024182414352],[-105.059721188723,40.6023749330332],[-105.059832476968,40.602326940989],[-105.059941530744,40.6022736910279],[-105.060046340311,40.6022164435431],[-105.060124966036,40.6021705944039],[-105.060492132265,40.6025039145913],[-105.063607524633,40.6003426084666],[-105.065815928166,40.5988098990841],[-105.0662520755,40.5984656661448],[-105.066390940276,40.5982901649268],[-105.066436854387,40.5982903360539],[-105.066564986207,40.5980200935595],[-105.066628539711,40.5978803437185],[-105.066957135986,40.5976079367763],[-105.067125648529,40.5976114772501],[-105.067130816074,40.5976114964785],[-105.067380689834,40.5976114443773],[-105.067450825558,40.597486451716],[-105.06753743807,40.5973615517823],[-105.067659698445,40.5972199582091],[-105.067782910459,40.5971040601138],[-105.067958957814,40.5969697750687],[-105.068167105863,40.5968217195843],[-105.068306081209,40.5967014045598],[-105.068427765091,40.5965706507672],[-105.068547828222,40.5963911183013],[-105.068621289183,40.5962804732535],[-105.068633411369,40.5962622161222],[-105.068690768553,40.5961289018487],[-105.068714993621,40.5960170754535],[-105.068746182605,40.5958731050561],[-105.070465202123,40.5958654541882],[-105.070514312806,40.5958652356666],[-105.070526013504,40.5958656219783],[-105.070535013539,40.5958659983186],[-105.070557512535,40.5958671107189],[-105.070571013677,40.5958675036727],[-105.070578211089,40.5958682164686],[-105.070582712197,40.5958682330841],[-105.070595308758,40.5958693089228],[-105.070600707908,40.5958696719659],[-105.070616007314,40.5958704146658],[-105.070621404284,40.5958711208133],[-105.070625905391,40.5958711374272],[-105.070644799146,40.5958729227303],[-105.070648400032,40.5958729360206],[-105.070664593123,40.5958747113527],[-105.070672692938,40.5958750843599],[-105.070683489059,40.5958761535441],[-105.070687085587,40.595876853044],[-105.070689786252,40.5958768630108],[-105.070721274397,40.5958800672338],[-105.070733866605,40.5958818292681],[-105.07073656727,40.5958818392339],[-105.070740163798,40.5958825387321],[-105.07074556295,40.5958829017686],[-105.070759953423,40.595885013549],[-105.070762654089,40.5958850235141],[-105.070773448028,40.5958864366959],[-105.070778842822,40.5958874859416],[-105.070794135699,40.595889257934],[-105.070799532672,40.5958899640733],[-105.07081392097,40.5958924189525],[-105.070823816875,40.5958934848024],[-105.070832810379,40.5958948904357],[-105.07084360333,40.5958966458202],[-105.070855295323,40.5958984045203],[-105.070869683625,40.5959008593925],[-105.070873280156,40.5959015588866],[-105.07164875352,40.5960687412409],[-105.071768700359,40.5960946002568],[-105.071769587542,40.5960966622028],[-105.071773181919,40.5960977047744],[-105.071782171123,40.5960997965449],[-105.071810939187,40.5961060784795],[-105.071853201936,40.596113782528],[-105.071881080654,40.5961183456052],[-105.07188827376,40.5961197445307],[-105.071899967992,40.5961211600203],[-105.071905362822,40.5961222092136],[-105.071924254508,40.5961243374141],[-105.07193864507,40.5961264490486],[-105.071948543199,40.5961271716975],[-105.071952139753,40.5961278711582],[-105.071995326655,40.5961318043086],[-105.072016025314,40.5961329098024],[-105.072028623129,40.5961339854901],[-105.072045723061,40.5961347346256],[-105.072055623365,40.59613511416],[-105.072066423894,40.5961354970051],[-105.072081727721,40.5961355533014],[-105.07223120511,40.59613631289],[-105.073549984361,40.5961430037132],[-105.07584394421,40.5961598503548],[-105.076407255064,40.5961639805082],[-105.076582352007,40.5961652636628],[-105.076713309381,40.5961662229504],[-105.07671974175,40.5952828070623],[-105.076720696478,40.5951299683993],[-105.076721214662,40.595047596062],[-105.076731116441,40.5937538531328],[-105.076733226223,40.5934169224504],[-105.076724430611,40.5932401869796],[-105.076722836526,40.5930634768037],[-105.076727543718,40.5928867904487],[-105.07674035036,40.5927104757693],[-105.076757056271,40.5925583661274],[-105.076786664343,40.592358609726],[-105.076809443515,40.5921710085466],[-105.076905702918,40.5917493280126],[-105.076943032344,40.5915381057557],[-105.076973164547,40.5913261701732],[-105.076996997592,40.591113869451],[-105.077011723737,40.5909183472691],[-105.077012503076,40.5907937998095],[-105.077024420409,40.5888892145469],[-105.07703170874,40.5877243663246],[-105.07703600122,40.5870384959756],[-105.07704595472,40.5855912738295],[-105.077055376641,40.584229141542],[-105.077064826086,40.5828625483562],[-105.07707344166,40.5814853141712],[-105.077082933281,40.5801118578152],[-105.077094597035,40.5781033022071],[-105.077091897483,40.5769521388196],[-105.077091479629,40.5767311711902],[-105.077082461986,40.5753610813962],[-105.077089100737,40.5743029011372],[-105.077084245075,40.5737151557154],[-105.078932698554,40.573721863361],[-105.079036801095,40.5736241092664],[-105.079045561794,40.572361473602],[-105.079051044937,40.571480714159],[-105.079055182294,40.5708161133713],[-105.080332105038,40.5708241599061],[-105.082604938314,40.5708793470946],[-105.08322653616,40.5709185844514],[-105.083733101606,40.5709321918197],[-105.084173191754,40.570926825723],[-105.084875943923,40.5709396300538],[-105.085960185987,40.5709644256584],[-105.08596378555,40.5709644384748],[-105.085985372422,40.5709662309107],[-105.086014164723,40.5709670196484],[-105.086028562974,40.5709670709067],[-105.086057367878,40.5709658009858],[-105.086071774531,40.5709644798067],[-105.086086183283,40.5709628155178],[-105.086115007085,40.5709584576108],[-105.086128522245,40.5709557607899],[-105.086142941493,40.570952380954],[-105.086169982306,40.5709452717641],[-105.08619613372,40.5709364438255],[-105.086245741058,40.5709180921091],[-105.086264676538,40.5709119834036],[-105.086284509805,40.5709062210047],[-105.08630433887,40.5709011448183],[-105.086344886387,40.5708927111765],[-105.086365608119,40.570889010617],[-105.086367150673,40.5708887864597],[-105.08638632447,40.5708859962656],[-105.086427746675,40.5708816830917],[-105.086576228458,40.5708822110783],[-105.086774051527,40.5708839300609],[-105.087383488031,40.5708892217981],[-105.087970829596,40.5708943194841],[-105.088239485557,40.5708966498599],[-105.088447944087,40.5708984576879],[-105.089840347017,40.570910719606],[-105.091831430125,40.5709282251809],[-105.095869359268,40.5709523193457],[-105.095991571394,40.5709530466002],[-105.095982063648,40.5717912459169],[-105.095973242364,40.5726651314014],[-105.095965372158,40.573379813698],[-105.095952487041,40.5746324845039],[-105.096652996724,40.5746387274563],[-105.097020130849,40.5746419976998],[-105.097151125759,40.5746431648032],[-105.09847494228,40.5746549458474],[-105.098698139712,40.574653657587],[-105.098873676082,40.574646371557],[-105.099049241751,40.5746339386398],[-105.09926719379,40.574609580366],[-105.099396873928,40.5745922473275],[-105.099749755862,40.5745756204322],[-105.10071995775,40.5745679759347],[-105.104974753725,40.5746041229219],[-105.105520086525,40.5746114638945],[-105.105990656427,40.5746302149304],[-105.109851198637,40.574679600968],[-105.110547765402,40.5746802202306],[-105.110795237112,40.5746640758117],[-105.110988010398,40.5746514996529],[-105.111984637227,40.5745868925351],[-105.112537172136,40.574593881516],[-105.112984418071,40.5745998312904],[-105.113976098652,40.574612734561],[-105.114831551347,40.5746246658339],[-105.114911982513,40.5746257877366],[-105.114915580322,40.5746261427649],[-105.114928169722,40.5746279000255],[-105.114932667472,40.5746282580332],[-105.114938959241,40.5746296513249],[-105.114942555097,40.5746303494606],[-105.114946150952,40.5746310475961],[-105.114959634433,40.5746338371575],[-105.114992873633,40.5746442406459],[-105.115014427283,40.5746522036377],[-105.115019815208,40.5746542801621],[-105.115076322031,40.5746877493298],[-105.115123007668,40.5747074613817],[-105.11512929359,40.5747098839876],[-105.115131985604,40.5747112653553],[-105.115135577559,40.5747126497012],[-105.115139169515,40.5747140340471],[-105.115142761471,40.5747154183928],[-105.11514635538,40.5747164596303],[-105.115149047394,40.5747178409976],[-105.11515263935,40.574719225343],[-105.115157131249,40.5747206126665],[-105.115160723205,40.5747219970116],[-105.115163419125,40.5747226921623],[-105.115167011082,40.5747240765073],[-105.115169707003,40.5747247716578],[-105.11517329896,40.5747261560026],[-105.115176894823,40.574726854131],[-105.11518048678,40.5747282384756],[-105.115185878622,40.5747296287759],[-105.11518857259,40.5747306670341],[-105.115191268511,40.5747313621842],[-105.115197558343,40.57473309857],[-105.115200254264,40.5747337937198],[-105.115211039902,40.5747362312103],[-105.11521373387,40.5747372694679],[-105.115218229677,40.5747379705728],[-105.115220923646,40.5747390088303],[-105.115224519509,40.5747397069571],[-105.115230811295,40.5747411002331],[-105.11524249883,40.5747431975901],[-105.115246992684,40.5747442418019],[-105.115250590501,40.5747445968199],[-105.115254186366,40.5747452949459],[-105.115256882288,40.5747459900944],[-105.115260480105,40.5747463451121],[-105.115267673016,40.5747477413672],[-105.115272168823,40.57474844247],[-105.115274866698,40.5747487945099],[-105.115277564572,40.5747491465498],[-105.115280262447,40.5747494985896],[-105.115282960322,40.5747498506294],[-105.115285658197,40.5747502026691],[-105.115288356072,40.5747505547087],[-105.1153018474,40.5747519717977],[-105.11530634516,40.574752329791],[-105.115309942977,40.5747526848071],[-105.11531983844,40.5747534037698],[-105.115325236142,40.5747537647393],[-105.115332437634,40.5747534454458],[-105.11564167152,40.574758048551],[-105.116202583478,40.5747663968409],[-105.11930273266,40.5748124878688],[-105.120301606732,40.5748274194198],[-105.12039068002,40.5748287395573],[-105.12306336215,40.5748683135213],[-105.123947051426,40.5748814678926],[-105.12451758315,40.5748894874774],[-105.126322762035,40.5749158897686],[-105.127440424402,40.5749325140868],[-105.130229184921,40.5749736676103],[-105.131265861521,40.5749886251637],[-105.13230073564,40.5750039108895],[-105.133840451139,40.5750266109928],[-105.134364151828,40.5749745131814],[-105.134369158533,40.5749740345142],[-105.134374164057,40.5749735558431],[-105.134379135477,40.5749730500476],[-105.134384141147,40.5749725443596],[-105.134389112864,40.5749719836304],[-105.134394118831,40.5749714230086],[-105.134399090548,40.5749708622789],[-105.13440406138,40.5749702466119],[-105.134409032213,40.5749696309447],[-105.134414003045,40.5749690152773],[-105.134418975356,40.57496834468],[-105.134423909873,40.5749676739638],[-105.134428882334,40.5749669754491],[-105.134433816998,40.5749662777159],[-105.134438753144,40.5749655241524],[-105.134443689285,40.5749647714892],[-105.134448625426,40.5749640188259],[-105.134453561868,40.5749632103283],[-105.134458497125,40.5749624027274],[-105.134463398136,40.574961594118],[-105.134548288857,40.5749471214161],[-105.13482072373,40.5749006544799],[-105.13482746183,40.5748995229188],[-105.134834235214,40.5748984184849],[-105.134841009482,40.5748973689877],[-105.134847782418,40.5748963474034],[-105.13485459182,40.5748953529501],[-105.134861399739,40.5748944143266],[-105.134868208698,40.5748935018222],[-105.134875017507,40.5748926172344],[-105.134881861595,40.5748917606744],[-105.134888669955,40.5748909589362],[-105.1348955136,40.5748901843252],[-105.134902356949,40.5748894646471],[-105.134909236763,40.5748887721001],[-105.134916079815,40.5748881073546],[-105.134922959328,40.5748874706406],[-105.134929837367,40.5748868879554],[-105.134936716437,40.5748863331904],[-105.134943595211,40.5748858333583],[-105.134950473984,40.5748853335259],[-105.134957351133,40.5748849156391],[-105.135470283183,40.5748534487547],[-105.135469101426,40.5749361680064],[-105.136481229246,40.574874197657],[-105.143345036429,40.5744522571269],[-105.146347733426,40.574281531084],[-105.147741505576,40.5742022585142],[-105.150433871583,40.5740225553287],[-105.153355993584,40.5738274458385],[-105.153289340274,40.5750201996628],[-105.168166492794,40.574943825016],[-105.168039102414,40.5745218871835],[-105.167736812102,40.5740549474348],[-105.167468855708,40.5734658366898],[-105.167301309558,40.5727683651816],[-105.167119231539,40.5722883931908],[-105.166914156275,40.5716758318928],[-105.166674068511,40.5710206470256],[-105.166463621205,40.5706184199146],[-105.166078029076,40.5701337807151],[-105.165446314388,40.569704771493],[-105.164980068889,40.5693035397714],[-105.165060458999,40.5689050580778],[-105.165331005809,40.5684260082491],[-105.164618534013,40.5678993587349],[-105.164381532807,40.5674498631607],[-105.164176208706,40.5670867748041],[-105.163851568802,40.5665617540139],[-105.163818876952,40.5660139305876],[-105.164073116795,40.5656280111702],[-105.16360854823,40.5651884655711],[-105.163460117978,40.5647755094654],[-105.163686024629,40.5643440897289],[-105.16355151115,40.5636797445513],[-105.163410567978,40.5630059677826],[-105.163106187895,40.5626675836098],[-105.162691027446,40.5623375551085],[-105.162770160517,40.561862576647],[-105.162678639161,40.5614789489676],[-105.162527758439,40.5610782849229],[-105.162295070985,40.5605788342507],[-105.162006653795,40.5599614604713],[-105.161832661598,40.5592382862352],[-105.161586526173,40.5585934489228],[-105.161326732715,40.5578088322406],[-105.161575194055,40.5573490299604],[-105.162507729172,40.5575227130924],[-105.163104130978,40.5578448198862],[-105.163509368524,40.5582897587115],[-105.164137474657,40.5586829740297],[-105.164166751261,40.558137351207],[-105.163922760063,40.5577730339098],[-105.163692415178,40.5572861525482],[-105.163529618792,40.5568260544688],[-105.163592652737,40.5563253188385],[-105.163796407034,40.5558005884058],[-105.164439314266,40.5556058027679],[-105.165040306727,40.5557234549126],[-105.165555503978,40.5556053096759],[-105.166196323014,40.5557090125708],[-105.166853401395,40.5558548779772],[-105.167408268098,40.5555648868873],[-105.166838719045,40.5548879821196],[-105.166328482724,40.5550295502888],[-105.165637412997,40.5550068986011],[-105.164807850251,40.5550830319231],[-105.164047086195,40.5550018527664],[-105.163294288467,40.5551954129713],[-105.162665551406,40.5550244694198],[-105.162601337197,40.5554842192567],[-105.162584396819,40.5559276519769],[-105.162115733676,40.5562672099482],[-105.161399568754,40.5562418377255],[-105.160866409388,40.5559652004471],[-105.160579205457,40.5553812638282],[-105.160382348259,40.554895247756],[-105.160151855278,40.5542956444888],[-105.159850429415,40.553656248736],[-105.159646431522,40.5531140824553],[-105.159239988381,40.5521753342521],[-105.162510936272,40.5521469000639],[-105.167429946482,40.5520090822088],[-105.172348943742,40.5518710508289],[-105.177174569253,40.5518548715303],[-105.182013769193,40.5518386344255],[-105.182011219327,40.5531946699424],[-105.181927161609,40.5589809390837],[-105.188636208182,40.5589895845746],[-105.18893300365,40.5589891794825],[-105.191603001934,40.5589932836587],[-105.196325821902,40.5589844403259],[-105.201047732272,40.5589757486284],[-105.210312516625,40.5589580311033],[-105.210282649222,40.5625685532466],[-105.210252792781,40.5661790764202],[-105.210272496139,40.5697687932403],[-105.210292216668,40.5733588461173],[-105.212325940402,40.5733656698774],[-105.215001525669,40.573374601147],[-105.219710846318,40.5733901609884],[-105.224375161836,40.5734057683693],[-105.229039473768,40.5734208491445],[-105.229083485562,40.5770390883091],[-105.229119163775,40.5799723502499],[-105.22913548709,40.5806569111141],[-105.229176502535,40.5841489464827],[-105.229224621871,40.5876409211645],[-105.229320881416,40.5946248477586],[-105.234086595288,40.5946396127263],[-105.238852303988,40.5946545273483],[-105.247007281579,40.5947378463295],[-105.248236757952,40.5947503585983],[-105.257740713971,40.5946796142469],[-105.264557471622,40.5946645401633],[-105.267184951209,40.5946587561424],[-105.27639086536,40.5943086570007],[-105.279936718886,40.5941772742221],[-105.280822463784,40.5941445390679],[-105.286223455268,40.5938876140315],[-105.295852098046,40.5938884412275],[-105.300471874028,40.5938809972913],[-105.305455377145,40.5938727612139],[-105.305512508775,40.5896119040718],[-105.305528903039,40.58653704957],[-105.305568900158,40.5792020631052],[-105.30555875773,40.5720872598925],[-105.305607552935,40.5688871240198],[-105.305668723568,40.5616924720216],[-105.305680202227,40.5576976124884],[-105.305679711246,40.5571172765536],[-105.305677790305,40.5548516839661],[-105.30567689409,40.5536817453869],[-105.305675330588,40.5510756476964],[-105.305674954184,40.5504451874061],[-105.31108752428,40.5504855361188],[-105.315145950638,40.5505151454968],[-105.324614506465,40.5505905916784],[-105.343435705745,40.550600648321],[-105.36309055486,40.5498702629666],[-105.382660884118,40.5499074530015],[-105.385107982023,40.5497768906806],[-105.387553461165,40.5496463698454],[-105.392446904933,40.5493864603557],[-105.397341211353,40.5491266860696],[-105.402244783362,40.5488633184129],[-105.402650231505,40.5488416660482],[-105.402841695221,40.5451941700481],[-105.403052443767,40.5410926357983],[-105.403234487622,40.5378679595223],[-105.403337857237,40.5360206637814],[-105.403440312813,40.534189584581],[-105.408126349772,40.5341254448201],[-105.413306880511,40.5340477101002],[-105.418033618996,40.5339290466757],[-105.423253944276,40.5337953624086],[-105.426249082155,40.5337877656017],[-105.430324162949,40.5338248636523],[-105.432680600245,40.5338344899743],[-105.433727821358,40.5339394105859],[-105.43738227399,40.5343054732243],[-105.44208851646,40.534771803457],[-105.445055637199,40.5348963602585],[-105.445261644254,40.5349056855531],[-105.451455033308,40.5351858690507],[-105.460935399368,40.5356127526059],[-105.464131049564,40.5355322538434],[-105.466171763781,40.5354824233572],[-105.469141626257,40.535409840374],[-105.4702570477,40.5353825604174],[-105.471603900713,40.535349601647],[-105.475785278114,40.5352471795335],[-105.479687797652,40.5351371784571],[-105.482381168582,40.535128601559],[-105.485850697692,40.5350979955151],[-105.489034405028,40.5350698195824],[-105.498484897918,40.5349612102868],[-105.507361714188,40.5347626855943],[-105.508064184491,40.5347469988864],[-105.50916901911,40.5347223189788],[-105.510967242745,40.5346821268421],[-105.517464422968,40.5345365034775],[-105.521018287711,40.5346340118557],[-105.526880548982,40.5347942841544],[-105.532594077551,40.5349505436105],[-105.536608813558,40.5350604510588],[-105.555701584412,40.535882522215],[-105.565244833187,40.5361246015198],[-105.5691409356,40.5362247361073],[-105.57691923411,40.5363959514197],[-105.590138729142,40.5366857428634],[-105.591181811522,40.5367085438435],[-105.599386118938,40.5368910914173],[-105.60335818105,40.5369792622176],[-105.605015870751,40.5370160196465],[-105.618874132615,40.5373895403247],[-105.632728712366,40.5377723908397],[-105.646441117729,40.538013203668],[-105.658859640818,40.5381403916935],[-105.661095767107,40.5381627080566],[-105.670679838421,40.5382598574094],[-105.675456141181,40.5383048944937],[-105.680231542573,40.5383497421118],[-105.685008752273,40.5383950777903],[-105.687186079589,40.5384156799855],[-105.689785068895,40.5384402185861],[-105.699368301965,40.5385306883143],[-105.708949769141,40.5386212779839],[-105.709717467953,40.5386239415882],[-105.718528372461,40.5386541458332],[-105.720005613814,40.5386593020413],[-105.728106988417,40.5386872446364],[-105.737670491388,40.5387672744874],[-105.747217830047,40.5388468985909],[-105.754356100543,40.5384867324947],[-105.754177785394,40.5381618403998],[-105.753632093191,40.5363366870628],[-105.753076697169,40.5350321392472],[-105.752666633154,40.5345867999863],[-105.752472862437,40.5343774211358],[-105.75238387804,40.5332554379468],[-105.752144874919,40.5327064451775],[-105.752136857351,40.5322140091803],[-105.7524459027,40.5317914570053],[-105.752565659129,40.5314503927806],[-105.752445779271,40.5313170844804],[-105.752445919311,40.5312448486504],[-105.75220591086,40.5311298510783],[-105.751835101294,40.5310919505407],[-105.750553172261,40.5309611687676],[-105.750148815484,40.5309204785675],[-105.749855807281,40.5303714862761],[-105.749825811421,40.5298224936398],[-105.749434797488,40.5293184987965],[-105.749224796638,40.5284725096705],[-105.748623779027,40.5275575198258],[-105.74808291817,40.5263678694854],[-105.748201629814,40.5251790788598],[-105.747751771423,40.5244455607914],[-105.747690778318,40.523393574232],[-105.747599778341,40.5230045784918],[-105.747329771089,40.5225235841456],[-105.74660974335,40.5219295904238],[-105.74549970054,40.5212665964629],[-105.745244469907,40.5208995556625],[-105.745201599111,40.5207946764761],[-105.744903714652,40.5200659132199],[-105.743008613286,40.5187506252395],[-105.742708603775,40.5183846287294],[-105.742407890104,40.5171728078366],[-105.742678059123,40.5164786405247],[-105.742351190471,40.5160966057775],[-105.742191453357,40.5159260372866],[-105.742141060598,40.5158722268661],[-105.742062100416,40.5157879114249],[-105.741314194575,40.5155826075305],[-105.740487532271,40.5154336620609],[-105.739737508207,40.5145186726467],[-105.738927478158,40.5139476789309],[-105.737727430707,40.5133296829904],[-105.737172410097,40.5127921893169],[-105.737097461911,40.5118674504568],[-105.73769644866,40.5113627081179],[-105.737995468777,40.5109277144659],[-105.738145313894,40.5101276344726],[-105.737934484393,40.509073739032],[-105.737842503537,40.5068087681758],[-105.737599167377,40.5043517753216],[-105.737256763663,40.5030389148383],[-105.737118820788,40.5025470475975],[-105.736990109163,40.5020891787269],[-105.736939520341,40.5015930226952],[-105.736070488043,40.5007458403927],[-105.735679953004,40.4999987577235],[-105.735830987724,40.4996262577255],[-105.735710790171,40.4991744568381],[-105.736310513485,40.4988068562187],[-105.736399521081,40.4980968592153],[-105.736833427831,40.4976506260989],[-105.73669888063,40.4968856555709],[-105.736757480244,40.4955124993619],[-105.736426541164,40.4948248708356],[-105.736426541707,40.494391661001],[-105.73663593455,40.493795912768],[-105.736614537205,40.4936116226666],[-105.736545670779,40.4930184997091],[-105.73711458674,40.4921468840921],[-105.737119968029,40.491052647213],[-105.737696825174,40.4891770019181],[-105.737717127029,40.4891110011346],[-105.737944648887,40.4886663016928],[-105.738140577683,40.4882870422071],[-105.738225308005,40.4881230289514],[-105.738339142776,40.487432964125],[-105.738177595029,40.4869961772768],[-105.737889652378,40.486403907568],[-105.737619644006,40.486014909622],[-105.737019717753,40.4856489713836],[-105.737049622723,40.4850999112038],[-105.737498187478,40.4845046693966],[-105.737299930659,40.4839426432222],[-105.736175840684,40.4830846923942],[-105.73619711317,40.4818820703091],[-105.735523108893,40.4813250068981],[-105.735112240662,40.4809857238239],[-105.734867133273,40.4803574881305],[-105.734633479586,40.4793009920809],[-105.73338546766,40.478434329161],[-105.733298491534,40.4783739282019],[-105.733058484501,40.478030927916],[-105.732908481666,40.4771159320777],[-105.732518467781,40.4766349318984],[-105.731973446016,40.475991163869],[-105.732516189288,40.4756076440404],[-105.732627211525,40.4755291909244],[-105.732531198947,40.475220751461],[-105.732464535849,40.4750065944042],[-105.732412519981,40.4748394885567],[-105.732564227246,40.474499487452],[-105.732686402255,40.4742256686697],[-105.732074437497,40.4736682052176],[-105.73182671087,40.4721744833381],[-105.731975478989,40.4716493326607],[-105.733772567082,40.4703903416858],[-105.734326095355,40.4695428471588],[-105.73730673299,40.468992356421],[-105.738744795157,40.4691983587952],[-105.740153856908,40.4693113632851],[-105.740872889906,40.4692883652459],[-105.741531917862,40.4695633660318],[-105.742520963025,40.4694253677963],[-105.743420001425,40.469722369972],[-105.744348042674,40.469790371605],[-105.744858066478,40.4696303740856],[-105.746145126616,40.4689423796528],[-105.748002213144,40.4682553871709],[-105.749231269099,40.4682093896757],[-105.750020548852,40.4678863683679],[-105.750552331494,40.4677623951149],[-105.751283677333,40.4677303848059],[-105.752490639135,40.4665612247218],[-105.752686434749,40.4654873951373],[-105.752835624106,40.465100523644],[-105.754365518045,40.4634513963838],[-105.754607467107,40.4631034729234],[-105.754875545535,40.4624223978665],[-105.755381545235,40.4618537196293],[-105.756644621189,40.461002012697],[-105.757304653712,40.4603390127911],[-105.758515890675,40.4593177180295],[-105.759972791176,40.4576653957087],[-105.760504538546,40.4572353088325],[-105.760572821942,40.4568183969801],[-105.761650871677,40.4563613943035],[-105.76296993226,40.4552183935114],[-105.763281748672,40.4548551755966],[-105.763716007941,40.454434635574],[-105.764858020869,40.4541663905091],[-105.765308042671,40.4538003903079],[-105.767110012776,40.4516694737057],[-105.767526150446,40.451238392323],[-105.768061570614,40.4510558283915],[-105.768694205186,40.4506213904091],[-105.769626083755,40.4505270391446],[-105.770098246763,40.4501651778574],[-105.770310911981,40.4500021916297],[-105.770483163367,40.4498701767254],[-105.770688003209,40.4497574923274],[-105.771660330666,40.4492240020129],[-105.773518421807,40.4473250033293],[-105.774267455327,40.4471420014846],[-105.775286502435,40.4464790004007],[-105.77753260058,40.446021993817],[-105.778491645854,40.4453589942861],[-105.779060670684,40.445312991703],[-105.77959969561,40.4451069906648],[-105.780199723424,40.4446269906074],[-105.780977758904,40.4444439886849],[-105.781444618529,40.4435501369827],[-105.782086807583,40.4439869856299],[-105.785201950881,40.4423859825857],[-105.787059037463,40.4411279806962],[-105.78792807595,40.4407849790493],[-105.791642250998,40.4382229793864],[-105.793260325714,40.4372389773004],[-105.795510536122,40.435603295884],[-105.797936878458,40.433637613002],[-105.79988400839,40.431871836792],[-105.801180006085,40.4305647136109],[-105.801795743259,40.4298283690319],[-105.80300981547,40.4287182271134],[-105.80338282049,40.4281123728214],[-105.803802844234,40.4271283755377],[-105.804311869972,40.4265103766238],[-105.805838942791,40.4252523787864],[-105.806102930651,40.424804891796],[-105.806171958934,40.4246878810391],[-105.806137923522,40.4241737173245],[-105.806129463716,40.424045907538],[-105.806147516502,40.4239531743775],[-105.808098027696,40.4160749816102],[-105.808201760925,40.4156559489011],[-105.810551619704,40.4194286927305],[-105.811246560002,40.419830737506],[-105.811382565537,40.4199024904207],[-105.812959941756,40.4204386384636],[-105.814763054849,40.4215153356352],[-105.815213190298,40.4221066157864],[-105.815427648925,40.4230400071973],[-105.81554888268,40.4235676474506],[-105.815856817857,40.4240252805706],[-105.816600250492,40.424289416968],[-105.81665514785,40.4265202295826],[-105.815795976148,40.4269488977313],[-105.81543237018,40.4275471874536],[-105.815241839086,40.4276276653351],[-105.814968752247,40.427728123339],[-105.814868932805,40.427765242929],[-105.813889081018,40.4285446855689],[-105.813797668528,40.4290737800849],[-105.81373327134,40.4294924958795],[-105.814121825589,40.4307437255874],[-105.813763949501,40.4313660983234],[-105.813984852608,40.4321164032818],[-105.814854606487,40.434000867093],[-105.815792653706,40.4355508021444],[-105.815472586474,40.4365605336406],[-105.815205557419,40.4374646201591],[-105.815347725765,40.4379666550141],[-105.812443709954,40.4391926807494],[-105.811833356217,40.440661342559],[-105.811482404284,40.4423588859131],[-105.811154339443,40.4428853161771],[-105.809826820174,40.4432629708921],[-105.808781591352,40.444151797341],[-105.807240450796,40.4450711421342],[-105.805981597531,40.4462346268103],[-105.805195766696,40.4473637786728],[-105.805112053044,40.4479135499023],[-105.805584866088,40.4489239943293],[-105.805890041786,40.4498128199447],[-105.806652982743,40.4506940176735],[-105.806912384187,40.4513882936424],[-105.80820986299,40.4523546948318],[-105.805188350734,40.4569208850088],[-105.80535575375,40.4579080167773],[-105.804562524184,40.4592656600521],[-105.804280234928,40.461485818716],[-105.804230823741,40.4616648613379],[-105.803918106026,40.4627980690136],[-105.803993655988,40.4644225249654],[-105.806939717485,40.4666610009916],[-105.805558862441,40.4669704954427],[-105.806584326867,40.4679693857315],[-105.807606668024,40.4689001728715],[-105.808441564175,40.4694057534916],[-105.808973146344,40.4697381381856],[-105.809456039072,40.4700400753687],[-105.810261515321,40.4705628692697],[-105.811451900737,40.4711355690838],[-105.809992096744,40.4710252184656],[-105.808285685202,40.4711127027404],[-105.807743995976,40.4714751001035],[-105.807286231752,40.4722761885999],[-105.806553808089,40.4724440346365],[-105.806134388115,40.4731151061238],[-105.806218103298,40.4739446461426],[-105.806767420078,40.4745588134234],[-105.807965239093,40.4750928731644],[-105.8090333548,40.4753522726976],[-105.81047531429,40.475802408428],[-105.812214819923,40.4758863311975],[-105.813420267813,40.4757184851287],[-105.814846968336,40.4753713465744],[-105.819539056025,40.4760045884862],[-105.821551885891,40.4767322115989],[-105.822050620065,40.4769124924732],[-105.823543642455,40.4769386819235],[-105.826870921274,40.4781331942765],[-105.82958699218,40.479449268347],[-105.832005516631,40.4798879596165],[-105.833691617198,40.4797658898405],[-105.834591886326,40.4804601661724],[-105.836315279307,40.4810721935868],[-105.836247469409,40.4823904082793],[-105.836995150263,40.4830236480521],[-105.837324882848,40.4830214110366],[-105.838674146129,40.483018145097],[-105.839511906178,40.4833263684494],[-105.840314043403,40.4836077888476],[-105.842176495002,40.4835356110048],[-105.842373886642,40.4829931305807],[-105.845044181329,40.4826459932316],[-105.846821959579,40.4828308260052],[-105.846500251989,40.4831774165584],[-105.84673028095,40.483962066187],[-105.854352063787,40.4862852238317],[-105.855244704343,40.4877691441399],[-105.855420181353,40.4888677795186],[-105.856908464171,40.4900594036578],[-105.855524493306,40.4904564811455],[-105.855344978228,40.4917325349664],[-105.855207001597,40.4927046518113],[-105.854626722006,40.4943952871708],[-105.854191844803,40.4951391554695],[-105.854519475434,40.4956564598795],[-105.852101384814,40.4967298868461],[-105.851452886335,40.497599639825],[-105.851216537231,40.498504921392],[-105.851353590627,40.4995079066239],[-105.851292666546,40.5000143480224],[-105.851178412572,40.5005074742898],[-105.851269778622,40.5010138008747],[-105.851429995028,40.502211617754],[-105.851719919993,40.5035679422238],[-105.851727546331,40.5065876814643],[-105.852040360337,40.5070319733768],[-105.853001665718,40.5074363328099],[-105.854153707032,40.5078254325843],[-105.855238523932,40.5078697728141],[-105.855394889269,40.5078761632886],[-105.855552693719,40.5078620438926],[-105.855961878306,40.5078254323923],[-105.856464962093,40.5078889899321],[-105.856791454652,40.5083260251287],[-105.857067688156,40.5089011084997],[-105.857625077206,40.5096617383622],[-105.858599268632,40.5104346568068],[-105.858753777115,40.5105572409941],[-105.859427918016,40.5104970332025],[-105.860880173013,40.5115106150211],[-105.860219090922,40.5125823701639],[-105.860768406209,40.5135818235117],[-105.86132535373,40.514482095049],[-105.863123381586,40.5150628252198],[-105.86288741337,40.5156785588611],[-105.863669094803,40.5159968371046],[-105.864074242233,40.5164089328084],[-105.864201628985,40.5165396529744],[-105.86478224537,40.5168541229367],[-105.865346424882,40.5170998196488],[-105.86576110114,40.5172804070866],[-105.866231066956,40.5187888962638],[-105.866932972197,40.5197502032378],[-105.867567810702,40.5201611682946],[-105.868512260142,40.5207725440529],[-105.869877924785,40.5213142328206],[-105.870674043683,40.5215908535832],[-105.871228330025,40.5217834417643],[-105.871849195456,40.5218678316878],[-105.872013899708,40.5218667704659],[-105.872873301332,40.5218612304504],[-105.873019769728,40.5218602857559],[-105.87316467933,40.5218696412597],[-105.874002572294,40.5219237314206],[-105.874252314831,40.5219398527461],[-105.874358287558,40.5219848112282],[-105.87498963179,40.5222526500573],[-105.876126413394,40.5224472007605],[-105.877469191148,40.5225006059411],[-105.878461014122,40.52321014292],[-105.879506244093,40.5233055091079],[-105.880355762427,40.523411493148],[-105.881392532496,40.5228716969591],[-105.881917138249,40.5224357569499],[-105.882674830656,40.522247592509],[-105.883284588182,40.5218110172351],[-105.883796819832,40.5217181441201],[-105.886615690038,40.5213478270328],[-105.887168098641,40.5212901646547],[-105.890263720977,40.52105842578],[-105.890393382902,40.521048716994],[-105.890515837244,40.5210209081885],[-105.893994498679,40.5202308599454],[-105.898533998382,40.5182586565614],[-105.902011947504,40.5166284959981],[-105.903592299913,40.5144782842315],[-105.903945393018,40.5141597716908],[-105.90423190975,40.5142736196773],[-105.905229179693,40.5146698801071],[-105.906414180969,40.5151671858868],[-105.90713319749,40.5154691802858],[-105.907283923043,40.5155358090633],[-105.907709879939,40.516119745962],[-105.907937758948,40.5165279788091],[-105.908157026506,40.5169779030671],[-105.908188487573,40.5170424585511],[-105.908229444535,40.5171058432333],[-105.909575945026,40.5191896076359],[-105.90983702042,40.5195945503652],[-105.910163884427,40.5202249395602],[-105.910683180732,40.5214639386906],[-105.910596086467,40.5222121243542],[-105.909975783803,40.5228111484186],[-105.909828468461,40.5229504172295],[-105.909138481567,40.5236027047508],[-105.909066946784,40.5237128881696],[-105.909421410734,40.5246361724797],[-105.908174280616,40.5250081848705],[-105.907380191403,40.5261294516782],[-105.907282778352,40.526269974066],[-105.906547147869,40.5278880015925],[-105.905871264971,40.5293783638336],[-105.905350229654,40.5305388061799],[-105.905091930403,40.5327591420168],[-105.905080019478,40.5328627810872],[-105.904515529733,40.5353172900024],[-105.90600083825,40.5363590168597],[-105.904957961612,40.5370537109861],[-105.905858232131,40.5387741424211],[-105.906209184541,40.5398308156149],[-105.907399264251,40.5410821259595],[-105.906583010311,40.5416671220795],[-105.906468727398,40.5429223248374],[-105.907262029051,40.5437423212823],[-105.908208076458,40.5445167067909],[-105.909640068036,40.5451120703251],[-105.9086505817,40.545495059329],[-105.908650580985,40.5462371399938],[-105.908970544351,40.5468062356754],[-105.908943679717,40.5479828279804],[-105.909366965206,40.5486999962888],[-105.909851119898,40.5496301088969],[-105.910024311991,40.5499989697835],[-105.911422403044,40.5505033144276],[-105.910644165963,40.5513232777047],[-105.910692214091,40.5514336511486],[-105.910808284971,40.5517006572098],[-105.911216043683,40.5526389377773],[-105.911231753912,40.5527254035491],[-105.911297862781,40.5536179314311],[-105.911026560545,40.5540583004271],[-105.911309373185,40.5552717314502],[-105.910446168045,40.5556525636937],[-105.910298473806,40.5563978915764],[-105.910227527452,40.5567559118102],[-105.91019725838,40.5568386980281],[-105.910618510409,40.5585272206828],[-105.909349886772,40.558812387863],[-105.909497341562,40.5606419993561],[-105.909207695167,40.5621682996908],[-105.909512701771,40.5638725219479],[-105.910069648412,40.5647651633606],[-105.91154806774,40.5659668885878],[-105.910878365786,40.5672599812038],[-105.911839671609,40.5681068464138],[-105.912047541056,40.5681721854416],[-105.91264767858,40.5683696038199],[-105.913335337426,40.5693907249953],[-105.913576365139,40.5697441235844],[-105.914222767759,40.5706918700837],[-105.914748657509,40.5715112393255],[-105.916241094469,40.5706395114001],[-105.917037626878,40.570676625515],[-105.917866906638,40.5707351787513],[-105.919232572787,40.5714485283973],[-105.920303514516,40.5723030096384],[-105.920723754097,40.5730282994305],[-105.921689230007,40.5742729642305],[-105.92180369853,40.5748154817336],[-105.921666703301,40.5753368193424],[-105.922169909216,40.5761773315152],[-105.922848926212,40.5770737865221],[-105.923283803035,40.578218198742],[-105.923545627734,40.579328621706],[-105.923569589374,40.5794302459292],[-105.923993336881,40.5802743240833],[-105.924397183187,40.5809677206229],[-105.924115392567,40.5818168973966],[-105.923810372899,40.582180910158],[-105.924438657895,40.5831450646761],[-105.9244393457,40.5846156776863],[-105.924735410076,40.5853720799094],[-105.925141708513,40.5872705648741],[-105.925202810015,40.5877375062525],[-105.92604564806,40.5892121800642],[-105.925986125327,40.5906430326328],[-105.926344855669,40.5909569021651],[-105.926483254571,40.5910779921889],[-105.926603481375,40.5912030039946],[-105.927121380326,40.5917427612485],[-105.92725788493,40.5922546620171],[-105.927472148142,40.5930598866555],[-105.927388692362,40.5935378200554],[-105.928265890514,40.5940901253529],[-105.927129025577,40.5949571266974],[-105.927068062809,40.5955553143471],[-105.927121395241,40.5962274234881],[-105.927331203003,40.5970437695969],[-105.92827258232,40.5976943238897],[-105.927590157958,40.5992971515648],[-105.927548720716,40.600093329611],[-105.927998761409,40.6009323870244],[-105.928418378196,40.6012375638374],[-105.928479266404,40.6018024644555],[-105.928242966032,40.6023264238992],[-105.92828105024,40.603312763364],[-105.928372602134,40.603827748169],[-105.928864352721,40.6045518321795],[-105.928908272292,40.6046168931815],[-105.929235584213,40.6055580072094],[-105.929275900216,40.6056739250346],[-105.929343446667,40.6057787573587],[-105.929631470744,40.606225766547],[-105.930342868856,40.6061390109491],[-105.932400945991,40.6064126875891],[-105.93345356038,40.6064451506789],[-105.934132824079,40.6064660938479],[-105.934796582684,40.6068208610728],[-105.935531384151,40.6073403569368],[-105.936436905419,40.6079805309672],[-105.938100117168,40.6088464692108],[-105.938618917217,40.608861728777],[-105.940058616339,40.6094993841189],[-105.941503604874,40.6091288709837],[-105.942044523453,40.6096475581604],[-105.943504926828,40.610748388345],[-105.943471206429,40.6113122024895],[-105.943959488801,40.61212473471],[-105.944157867592,40.6132327852192],[-105.944165482668,40.6142647837692],[-105.94517256605,40.6151612401241],[-105.945610566961,40.6156369789678],[-105.945982274805,40.6160746902911],[-105.946071270535,40.616179565607],[-105.946143053261,40.6162863079597],[-105.946424020301,40.6167043976581],[-105.946423789023,40.6174004730685],[-105.946095724223,40.6181519694393],[-105.945741712338,40.6186910006654],[-105.945475451442,40.6191342801254],[-105.945406251332,40.6192494864414],[-105.945357632643,40.6193718715192],[-105.945233616468,40.6196840488243],[-105.944995045212,40.6201307863854],[-105.944873305062,40.6204197013029],[-105.944655669463,40.6209361897173],[-105.944603000927,40.6210611807801],[-105.944566576095,40.621233288006],[-105.944502061377,40.6215381226405],[-105.944464711025,40.6217146028334],[-105.944617903785,40.6222253244172],[-105.944913180521,40.6227777737329],[-105.945397908706,40.6229981069782],[-105.945818300451,40.6232174653298],[-105.945967507988,40.6232953201933],[-105.946077831648,40.6233877327768],[-105.946674146559,40.6238872314929],[-105.946726125499,40.6239896059604],[-105.94716890369,40.6248616605258],[-105.947253080203,40.6250153209196],[-105.948546543833,40.6251563604961],[-105.947614781677,40.6256546723453],[-105.948254861976,40.6266306275443],[-105.94868211016,40.6273554213825],[-105.94878105525,40.6281203549893],[-105.948537135154,40.6287415906044],[-105.948362096756,40.6293640659715],[-105.948173126446,40.6299833670188],[-105.948137279667,40.630100842508],[-105.948125205932,40.630222466253],[-105.948087007678,40.6306072319583],[-105.948073303824,40.6310516261231],[-105.948051593515,40.6317556576436],[-105.948028992281,40.6324177456479],[-105.948006939858,40.6330637295459],[-105.947995445007,40.6337121519003],[-105.947873375285,40.6344216868949],[-105.947568197839,40.6350701876523],[-105.947524079688,40.635569530842],[-105.94750379456,40.6358016888756],[-105.947484616913,40.6360254549027],[-105.947560584179,40.6370295135694],[-105.947566855772,40.6375375313489],[-105.947575842477,40.6382654781756],[-105.949000675521,40.6395274889957],[-105.947652135481,40.6402186071459],[-105.947743688848,40.6417826372394],[-105.947903906877,40.6423548430851],[-105.948575295085,40.6428126077767],[-105.949493671334,40.6431132581768],[-105.950378373335,40.6434257783806],[-105.950362484712,40.6441124695967],[-105.950322080455,40.6441805164647],[-105.950270215004,40.6442678640796],[-105.949979162933,40.644758023362],[-105.949995438288,40.6449250311125],[-105.950040140317,40.645383719257],[-105.950497906122,40.6459139629702],[-105.951591380207,40.6463276060519],[-105.952546869116,40.6466903765407],[-105.953399238212,40.6471190016783],[-105.953529262504,40.6472234099744],[-105.953847202724,40.6474794242173],[-105.954038001964,40.6481077138945],[-105.954056771138,40.6488936216622],[-105.954072357786,40.6495462174088],[-105.954107289348,40.6497670692046],[-105.954182895393,40.650245086504],[-105.954709324908,40.6512979443513],[-105.955411231262,40.6526292774022],[-105.956794768985,40.6530674497102],[-105.956821478301,40.6531280426637],[-105.957021461527,40.6533880147267],[-105.957058807452,40.6537793924504],[-105.956046079725,40.655509063186],[-105.955985778602,40.6560274248467],[-105.955907141829,40.6567033816384],[-105.955516713485,40.6578725632864],[-105.95535422224,40.6590374596614],[-105.956884879178,40.6595038212692],[-105.958575515068,40.6608979387074],[-105.957654275804,40.6619028262493],[-105.958058634044,40.6630472374009],[-105.95895890613,40.6635851113951],[-105.959225842149,40.6638492854171],[-105.959739667615,40.6643577843995],[-105.959837939897,40.6644550369436],[-105.959938252821,40.6645667485787],[-105.960799350775,40.6655256743336],[-105.960873082848,40.6656102713892],[-105.96110756009,40.6658928054583],[-105.961653983378,40.6665514529953],[-105.961729976564,40.6666061352854],[-105.962720894483,40.6671476432162],[-105.963269538497,40.6674327181147],[-105.964047739653,40.6677684122015],[-105.964459728291,40.6682452499459],[-105.964589427297,40.6693972905723],[-105.96463511856,40.6705509761512],[-105.964490367601,40.6709946717162],[-105.964536004668,40.671454848664],[-105.965314204452,40.6723131573521],[-105.966214113513,40.6719939958836],[-105.965955073853,40.6747583843566],[-105.966084774813,40.6757158746147],[-105.967419657572,40.6759767583476],[-105.967168150547,40.6770853552799],[-105.967984498469,40.6772951631155],[-105.968816104497,40.6777758170767],[-105.969334902701,40.6787256783111],[-105.97005969694,40.6799273100883],[-105.970815010529,40.6808046931523],[-105.971295573243,40.6818934411711],[-105.971242256411,40.6828264861466],[-105.970952337308,40.6834978751389],[-105.970532720696,40.6840700804488],[-105.969646764868,40.6846871497575],[-105.96954775442,40.6847575675966],[-105.969365719881,40.6855673901701],[-105.969543135706,40.6864269117948],[-105.969830830809,40.6868037923586],[-105.970486960657,40.687173819301],[-105.97135671259,40.6877002474189],[-105.972379054296,40.6886348513381],[-105.973004665128,40.6893138686122],[-105.973195797861,40.6897585478385],[-105.973378252042,40.6901830313919],[-105.973218549513,40.6909772571641],[-105.973141461267,40.691158271174],[-105.973032565613,40.691413973349],[-105.972724769263,40.6919273725502],[-105.972350930984,40.6925509167207],[-105.972223044826,40.6928024291613],[-105.972074650381,40.6930955203684],[-105.971791513458,40.6938296454892],[-105.971741655302,40.6939590401334],[-105.971641490304,40.6946684108402],[-105.972012824294,40.6956591553776],[-105.972384065568,40.6960628747431],[-105.972989355707,40.6952388474198],[-105.97340305855,40.6957147564787],[-105.974249217267,40.6965737556461],[-105.973508064462,40.697731662918],[-105.973589847655,40.6978684009986],[-105.973946643825,40.6984649361796],[-105.974309293694,40.6990604413561],[-105.974900621655,40.699890820318],[-105.974963538925,40.6999791719784],[-105.975014923455,40.7000712520082],[-105.975292497973,40.7005695629029],[-105.975602372758,40.7012117817334],[-105.975679752859,40.701372478717],[-105.975738957259,40.7015338748276],[-105.975933764449,40.7020649294546],[-105.975957229264,40.7021288967146],[-105.976506547187,40.7026820280869],[-105.977592247469,40.7029847984061],[-105.977827118687,40.7030508847303],[-105.978040798019,40.7031173871234],[-105.979029232734,40.7034250070272],[-105.979156519437,40.7034941057501],[-105.980016249595,40.7039697070867],[-105.98081007806,40.7050184197878],[-105.981000270648,40.7059321591406],[-105.981870023148,40.7067294315977],[-105.982531456369,40.7062681446418],[-105.983067475919,40.7071057773725],[-105.983948334027,40.7071110376283],[-105.985423102479,40.7076921330085],[-105.985576869457,40.7077527412142],[-105.98571313377,40.7078390657581],[-105.986163499296,40.7081243730844],[-105.987012263515,40.7086620555674],[-105.987667665466,40.7092235201063],[-105.988156677275,40.7096424347986],[-105.988392940082,40.7101438421609],[-105.988446469813,40.7102574433316],[-105.989712088667,40.7113789751717],[-105.988706908287,40.7122029224767],[-105.988891933329,40.7129035122825],[-105.989121353837,40.7137739249191],[-105.989131151081,40.7143078189224],[-105.989009346278,40.7149428400766],[-105.989009013918,40.7150135764102],[-105.989003522158,40.716182272832],[-105.989377363065,40.7175746407307],[-105.989499235839,40.7183494785208],[-105.989194257409,40.7190509313002],[-105.988614421413,40.719794798024],[-105.987806841566,40.7207522643461],[-105.987513852408,40.721267528755],[-105.987783833492,40.7216145321334],[-105.987844111926,40.7216845733678],[-105.988011401259,40.7226388825291],[-105.988255838393,40.723098333546],[-105.988705973876,40.7235560977106],[-105.989941939778,40.7243114090495],[-105.990361555444,40.7248378396505],[-105.991802897868,40.7258361732548],[-105.989972554666,40.726716327939],[-105.990002974653,40.7272182156125],[-105.990300520002,40.7275844275107],[-105.990781173132,40.7279277508298],[-105.990933761167,40.7283626277848],[-105.991679680164,40.7281149004278],[-105.992711414051,40.7299380997017],[-105.993855827094,40.731151177467],[-105.993916861123,40.7317920472247],[-105.994476764566,40.732305591603],[-105.9948348617,40.7325165432132],[-105.994959683254,40.732590074399],[-105.995480991762,40.7329951364251],[-105.996232574939,40.7334442405896],[-105.996910551577,40.7337926785435],[-105.998316330079,40.7342699370842],[-105.998454178489,40.7342841659012],[-105.998554196958,40.7342900562824],[-105.999989873576,40.7343746039223],[-106.00347282325,40.7368161940819],[-106.003544763785,40.7368666225972],[-106.003705875372,40.7369531785374],[-106.004163202038,40.7371988723727],[-106.004395017819,40.7373234128234],[-106.004568711411,40.7374167256069],[-106.004697490452,40.7374022937594],[-106.005733790309,40.7372861546435],[-106.005793166923,40.738325032661],[-106.005963720068,40.738721935859],[-106.006060392403,40.7387488994386],[-106.006358097847,40.7388319355749],[-106.007252583056,40.7387447033883],[-106.006878739776,40.7390243333524],[-106.007145465842,40.7393126391678],[-106.007960083212,40.7401931419688],[-106.008350141206,40.7402480587333],[-106.009057446499,40.7403476368356],[-106.009206941492,40.7404234187569],[-106.009423945379,40.740533419949],[-106.010201348467,40.7402445638107],[-106.010437530308,40.7404231307444],[-106.011270159293,40.7408046297403],[-106.011340195387,40.7414743961362],[-106.009962224334,40.741609127547],[-106.009929389759,40.7417055300738],[-106.009855114558,40.7420166638647],[-106.00983584209,40.7421011462288],[-106.009807707528,40.7422244889611],[-106.010106083125,40.7426813636079],[-106.010544654165,40.7429559103603],[-106.010646699237,40.7430197906269],[-106.010780011472,40.7430991165015],[-106.011258463424,40.7433797985058],[-106.011366045171,40.7434429109279],[-106.011631959656,40.7439830486305],[-106.011899385071,40.744781120652],[-106.01220642996,40.7456028357914],[-106.012208896745,40.7456094375014],[-106.012238307196,40.7456285912114],[-106.012267725992,40.7456477502804],[-106.012591216056,40.7457084034443],[-106.012760884768,40.7457649424128],[-106.01339474776,40.7466808439917],[-106.013654148666,40.747424711837],[-106.013791413677,40.7481432613886],[-106.013768653405,40.7486425414831],[-106.014077769044,40.7493908851225],[-106.014134817651,40.749528994423],[-106.014239152152,40.7496483344798],[-106.014578702064,40.7500367196158],[-106.014853895844,40.7504935061465],[-106.014508642168,40.7509952766669],[-106.014249576804,40.7514161610877],[-106.014386571059,40.7519336948108],[-106.014689083079,40.7528564081016],[-106.015270143888,40.7532507244003],[-106.01641048399,40.7533874723626],[-106.016645932998,40.7533894245377],[-106.017743531401,40.7537442472209],[-106.018308107594,40.7540417938693],[-106.019048160087,40.7541219029974],[-106.020535111656,40.7540274756706],[-106.021672678871,40.7547284417109],[-106.021756290431,40.7552107400588],[-106.022820560198,40.7554386572471],[-106.021336865884,40.7560993990926],[-106.021292193839,40.7572339781241],[-106.020070332509,40.7572418462591],[-106.020093193748,40.7584684940085],[-106.020274891722,40.7585099881684],[-106.020659922206,40.7586047163924],[-106.021191248416,40.7591285035776],[-106.02169197775,40.759694619048],[-106.022677060797,40.7608889697638],[-106.023203763701,40.7614119586904],[-106.023325812543,40.7618520570354],[-106.023073324049,40.7624849943661],[-106.022878661198,40.7630468359974],[-106.02277132727,40.7635752934422],[-106.022916296295,40.7643916962187],[-106.023396984041,40.7650364250303],[-106.024383600279,40.7648346750367],[-106.024981547603,40.7656894374174],[-106.025048145742,40.7663055813468],[-106.025711697172,40.7666242538673],[-106.025984111519,40.7668343881279],[-106.026117987001,40.7670218449591],[-106.026902796579,40.7675792592603],[-106.026878886767,40.7686277891894],[-106.026366749997,40.7692059728424],[-106.026299372089,40.7692820374544],[-106.026102437691,40.76950436413],[-106.02586192884,40.769927146711],[-106.025193598443,40.7711721523588],[-106.025141618693,40.7713042464139],[-106.025211471315,40.7714645174956],[-106.0254112267,40.7716145868197],[-106.027703645285,40.7724946339311],[-106.029374685487,40.7728648340873],[-106.029438271815,40.7729560307897],[-106.029911508824,40.7736347598007],[-106.030243007552,40.7744646372018],[-106.030234143439,40.7747144717346],[-106.030024341398,40.7755848898498],[-106.029552502046,40.7761950450354],[-106.029468964968,40.7765413294744],[-106.029342680064,40.7770647807342],[-106.029475341114,40.7772706002307],[-106.029671676214,40.7775752186757],[-106.030211753285,40.7778349087331],[-106.030367019425,40.7778243134332],[-106.030944385165,40.7777849116656],[-106.031163862613,40.777685093514],[-106.03155196925,40.7779049794071],[-106.031140977914,40.7788166718197],[-106.030934458166,40.7792747818632],[-106.030791696485,40.7804049851214],[-106.030579339122,40.7808794210341],[-106.03031262275,40.7814752975172],[-106.029389234728,40.7817074107832],[-106.029974017588,40.7819367046046],[-106.031575611435,40.7821332669529],[-106.030752273409,40.7831155277822],[-106.031393187894,40.7838098491148],[-106.032377451188,40.7843248697222],[-106.03348379174,40.784954335601],[-106.033994997669,40.7853282033854],[-106.034628282729,40.7855952489563],[-106.035200490426,40.7855221412398],[-106.036215307317,40.7854312039922],[-106.036906681124,40.7857037254072],[-106.038298279503,40.7858279574204],[-106.039076531477,40.7858012522133],[-106.039488549718,40.7862781227502],[-106.040190505627,40.7876133578895],[-106.040678822465,40.7884755387746],[-106.041655456545,40.789211826292],[-106.042326888736,40.7902494934271],[-106.043005956108,40.7905279863867],[-106.043730798657,40.7906233590165],[-106.044791396393,40.7919017386485],[-106.044844770842,40.7924507260631],[-106.0448143885,40.7928837142438],[-106.045066771533,40.7936450022847],[-106.045432281419,40.7943315028725],[-106.045401848278,40.7947994328163],[-106.045477963564,40.7955812717264],[-106.04540174604,40.7964120908011],[-106.045167478968,40.7968856465807],[-106.044687341977,40.7973437903048],[-106.04436263326,40.7977312300977],[-106.044537430474,40.7984448143943],[-106.04512647286,40.7993548145778],[-106.045638301242,40.8001455066453],[-106.046118850474,40.8008358188427],[-106.046271587714,40.8016257114385],[-106.046027431293,40.8020300976173],[-106.04589051955,40.8024902777867],[-106.046157123548,40.8030615701948],[-106.046790408145,40.8039733465904],[-106.047393173509,40.8046829282084],[-106.04807224013,40.8051216491391],[-106.04901072148,40.8055489233936],[-106.050147580081,40.8054764366004],[-106.051078432442,40.805476435483],[-106.051772561273,40.8059053698146],[-106.051726976553,40.806296652597],[-106.051438682687,40.8066943647973],[-106.051093695419,40.8071702792935],[-106.050819126434,40.8083125645411],[-106.050873038807,40.8087530435617],[-106.050925860856,40.8091831492966],[-106.051498106287,40.8098545813919],[-106.052201509832,40.8102896148841],[-106.052277022446,40.8103204889487],[-106.052711267426,40.8104611590553],[-106.05275682091,40.8109170058579],[-106.05276467867,40.8114454201358],[-106.053080826959,40.8118637564766],[-106.053072257999,40.8120263456908],[-106.053054618252,40.8123610105993],[-106.053382704928,40.812818805457],[-106.053985471465,40.8133681596545],[-106.054519565933,40.8136771713656],[-106.05578613443,40.8135550914354],[-106.056293525745,40.8140109785704],[-106.056734526047,40.8143226444757],[-106.057286830561,40.8146499341762],[-106.057281744347,40.8151078521234],[-106.05728057673,40.8152130106441],[-106.057250330895,40.8156745714036],[-106.057197676853,40.816244637385],[-106.05709085884,40.8167443981774],[-106.057136639938,40.8171640446563],[-106.058021713053,40.8175989487422],[-106.058575005185,40.8178184820023],[-106.059204353025,40.818068187107],[-106.060075227804,40.8186378609427],[-106.060726525037,40.8192183987777],[-106.060955467065,40.8192808059224],[-106.061951131317,40.8195522059116],[-106.063187180708,40.820463980624],[-106.063675499962,40.8212651218679],[-106.064255373221,40.821612283126],[-106.065117554654,40.8215626889495],[-106.065956848245,40.8217801394307],[-106.066826661343,40.8218373629707],[-106.067856703232,40.8222417482731],[-106.069092751221,40.8221501861291],[-106.070740816926,40.8223752684116],[-106.0712367621,40.8228673984639],[-106.071847157967,40.8236265739095],[-106.072327844596,40.8241263336739],[-106.072549113496,40.8246795032506],[-106.073464705932,40.8251220377876],[-106.074122388715,40.8253973946906],[-106.074731274896,40.8256523170866],[-106.075166018727,40.8261896674647],[-106.07555069992,40.8271611749395],[-106.075813194108,40.8279626941701],[-106.076316794811,40.8284557179359],[-106.077137975285,40.8285136129385],[-106.077805714222,40.829253001238],[-106.077898699896,40.8293559618875],[-106.077985445224,40.8294520140845],[-106.078089571791,40.8295374217545],[-106.079004045888,40.8302874919264],[-106.079744149741,40.8307071378362],[-106.080285875863,40.8309512938509],[-106.081315916542,40.8312145244475],[-106.081892968086,40.831286596644],[-106.083393724898,40.8315286583952],[-106.083514982955,40.8316156406322],[-106.084337350169,40.8322116589308],[-106.084563507103,40.8322887938856],[-106.085704702889,40.8326782595104],[-106.085808876589,40.8327138109466],[-106.085916568601,40.8327646909877],[-106.086712411064,40.8331476678036],[-106.087241404813,40.8334025264914],[-106.087866554471,40.8345906180514],[-106.087755768743,40.8358289356524],[-106.088022634263,40.8361815995884],[-106.089167126364,40.8368263265035],[-106.089928429098,40.8372353862966],[-106.090502364753,40.8379326648304],[-106.090685075438,40.8383254935149],[-106.090883863573,40.8387528818578],[-106.091349290268,40.8392717162174],[-106.091913906359,40.8398287007318],[-106.091799460042,40.8403704246753],[-106.092051070199,40.8408415162587],[-106.092875281071,40.8409655580659],[-106.093391790707,40.8410762639675],[-106.09366945527,40.8411825027782],[-106.094985472088,40.8416873285722],[-106.096443117085,40.8416533774454],[-106.09724599644,40.8416808404595],[-106.098124882509,40.8417408399149],[-106.098961543574,40.8420740287353],[-106.099116545543,40.84213817487],[-106.099559081587,40.8428401293557],[-106.100687344183,40.8436080533667],[-106.100268668678,40.8440914369494],[-106.099986362107,40.8447857599109],[-106.099895982454,40.8452594572353],[-106.09973046776,40.8461269529182],[-106.099559091328,40.8470251446467],[-106.09841460404,40.8480933357007],[-106.097972069845,40.8488906638779],[-106.097941626692,40.8497795865199],[-106.098681655064,40.8501267097765],[-106.099242438178,40.8506939157851],[-106.099694171787,40.8511442281536],[-106.100219662828,40.8514065780331],[-106.100874015308,40.8518242511656],[-106.101863340024,40.8523813494037],[-106.10268737348,40.8522745294264],[-106.103656373483,40.8520303714672],[-106.105128951106,40.8521028530435],[-106.10591222267,40.8521128970901],[-106.106919215157,40.8521286820191],[-106.107524771188,40.8524180598621],[-106.107166163639,40.853070420549],[-106.106457028067,40.8535827878338],[-106.105708850293,40.8541233505017],[-106.105466026174,40.854604721952],[-106.105060308318,40.8554089938861],[-106.104846674221,40.8562902506182],[-106.104600953868,40.8570861860234],[-106.104320212941,40.8579955409417],[-106.103702375607,40.859311307534],[-106.10377849059,40.859838169893],[-106.104320216116,40.8604695440915],[-106.105823314619,40.8608300566645],[-106.107189071894,40.8614175600249],[-106.107250114924,40.8622148877807],[-106.107387454027,40.8629588037807],[-106.10782999083,40.8633059652708],[-106.109317826595,40.8635386773684],[-106.11094300369,40.8638934651909],[-106.112613959178,40.8643283693225],[-106.113550860408,40.864981030842],[-106.11406364682,40.8650608411565],[-106.114507323606,40.865339678817],[-106.114811381999,40.8658619831597],[-106.115185249477,40.8661824381297],[-106.115833792671,40.8664017981646],[-106.116562167594,40.8664533855708],[-106.117283480691,40.8664075192502],[-106.117989461013,40.8660202354481],[-106.11818488481,40.8659130286507],[-106.118822576796,40.8661161018298],[-106.119351866978,40.8670189245865],[-106.120228635543,40.8676817125773],[-106.121151760653,40.8675406266343],[-106.12197589086,40.8674146638365],[-106.122594931362,40.8675459852061],[-106.123025678412,40.867842393855],[-106.123684972884,40.8682973499446],[-106.124094687701,40.8688614763551],[-106.125189880273,40.8692285473293],[-106.125288501492,40.8692615069871],[-106.125410360948,40.869302233166],[-106.126304183236,40.8696017252937],[-106.126752232779,40.8704132182171],[-106.126763384762,40.8708109627235],[-106.126775124277,40.8712296215594],[-106.127118470819,40.8718323847128],[-106.128255703956,40.8726299264195],[-106.129195678451,40.8732891081273],[-106.130094149347,40.8739191653547],[-106.130544316954,40.8749110548264],[-106.131117127818,40.8757465992478],[-106.131581991216,40.8761432873546],[-106.131849038247,40.8766010829932],[-106.131467518007,40.8769269768068],[-106.131320118059,40.8770170940414],[-106.130680063451,40.8774072984162],[-106.130139936505,40.8776273096154],[-106.129407465198,40.8782644109908],[-106.129201457233,40.8786878713233],[-106.129033599713,40.8792143354726],[-106.128644475806,40.8796187220246],[-106.128392687985,40.8800612589387],[-106.128003563464,40.8812629725134],[-106.127673251278,40.8820606484515],[-106.127431323215,40.8828347393309],[-106.12720481975,40.8837940545635],[-106.127073485751,40.8847186297979],[-106.127042343709,40.8849389554464],[-106.127301598942,40.8861017801767],[-106.127591538596,40.8870707802798],[-106.128118427848,40.8874922019169],[-106.128469004368,40.8879925680015],[-106.128613973938,40.8885495525076],[-106.128490282071,40.8889727794305],[-106.128438655335,40.8891494210322],[-106.129170941442,40.890191418821],[-106.129537179322,40.8906759177711],[-106.129772369817,40.8912670586637],[-106.129828668097,40.8914085610695],[-106.129994957042,40.8919386172814],[-106.130530731804,40.8925792560446],[-106.130822848962,40.8930779109053],[-106.130777714252,40.8932363680565],[-106.13064354841,40.8937073806146],[-106.130345982421,40.8942643658016],[-106.130155438286,40.8955448447392],[-106.130452804284,40.8961451427329],[-106.130674073006,40.8966601631865],[-106.131072498151,40.897030140114],[-106.131597106483,40.8973320604196],[-106.132070309256,40.897605711064],[-106.132155234989,40.8977008912123],[-106.132351288021,40.8979354475749],[-106.132474737337,40.8980831396604],[-106.133564590707,40.8987694516798],[-106.134771350435,40.89900635975],[-106.135628096174,40.8992754645237],[-106.136071614537,40.8996650778994],[-106.13633453738,40.900060931869],[-106.136442309299,40.9005704923384],[-106.136243015125,40.90112163595],[-106.135992145858,40.9016119782033],[-106.136190523682,40.9019953822132],[-106.136351704114,40.9020566812472],[-106.136907739065,40.9022681509687],[-106.13780710496,40.9024017756171],[-106.138881343955,40.9025292246341],[-106.138994307868,40.9025744398354],[-106.139255933301,40.9026794677921],[-106.139761333853,40.9028823563697],[-106.140137762904,40.9031947284782],[-106.141203392891,40.9040153976922],[-106.141996906734,40.9043778189074],[-106.142782790907,40.904709719721],[-106.14349237432,40.9049538763394],[-106.144606344202,40.9048508709819],[-106.145683499175,40.9046925985464],[-106.146475796462,40.9046339196171],[-106.147307340068,40.9046906399512],[-106.147723361675,40.9049308522182],[-106.148184782624,40.9053277374522],[-106.148493753023,40.9057754589096],[-106.148940147411,40.9061670269759],[-106.149520022202,40.9064836689558],[-106.150115157028,40.906765975125],[-106.150839999548,40.906857533562],[-106.151769252831,40.9069527059458],[-106.151879032764,40.9070748141544],[-106.152293211889,40.9075349226747],[-106.152778005176,40.9080363555577],[-106.153541001682,40.9091579535727],[-106.154245531059,40.909504266214],[-106.154359023548,40.9095600532759],[-106.154599555737,40.9096001447974],[-106.155356927467,40.9097263805123],[-106.156056051708,40.9100122326045],[-106.156661646199,40.9103176980232],[-106.157421518518,40.9104719338373],[-106.157973994081,40.9106724888501],[-106.15832422577,40.9111550100972],[-106.158556491387,40.9115205011172],[-106.15884375153,40.9119725231857],[-106.159004039106,40.9128203113727],[-106.158757771133,40.913410497878],[-106.158378386262,40.9138923169229],[-106.158332772002,40.9143177519171],[-106.158630177303,40.9147773881481],[-106.159469469871,40.9149986550783],[-106.160026455799,40.9150978428995],[-106.160591070646,40.9151588820354],[-106.161270136328,40.9156853470345],[-106.161544812966,40.9161698459243],[-106.162313065339,40.9166551487306],[-106.162399367068,40.9167096637415],[-106.163481220645,40.9170732329603],[-106.165779427969,40.917737791731],[-106.167595353605,40.9184511868443],[-106.168480426465,40.9192599581488],[-106.168915310622,40.9202334668059],[-106.168877189064,40.9203636871163],[-106.168655794467,40.9211199369009],[-106.168427110773,40.921784595891],[-106.168458595928,40.9222110743306],[-106.168510930989,40.922919939638],[-106.168861909927,40.9235646681491],[-106.170294054052,40.9240518339938],[-106.171838294643,40.9244147007648],[-106.171921959737,40.9244495114741],[-106.172878052136,40.9248570816179],[-106.173335815634,40.9254076915719],[-106.173657983045,40.9257967924698],[-106.174012060985,40.9263046795779],[-106.174631946327,40.9271983723829],[-106.174669467619,40.9272546175939],[-106.175316842,40.9283066588813],[-106.176331623568,40.9291917302589],[-106.177012259966,40.9297706812833],[-106.177965290072,40.9305238977545],[-106.178135034504,40.9306580514571],[-106.178209423674,40.9307240859399],[-106.178267428451,40.9307755763792],[-106.178702239386,40.9311615429845],[-106.179397313435,40.9315528656565],[-106.179499197895,40.9316102246365],[-106.179623795978,40.9316406416274],[-106.180354773957,40.9318190745449],[-106.180549319289,40.9318960757657],[-106.181032862203,40.9320874596813],[-106.181834048726,40.9325001177659],[-106.182588199422,40.9329518437586],[-106.183005497845,40.9332751639499],[-106.183450382855,40.9335279023816],[-106.183958213055,40.9337258975056],[-106.184732211757,40.934027661565],[-106.185258679185,40.9348669515759],[-106.185424863571,40.9358149623761],[-106.185594399918,40.9367820637481],[-106.186242722761,40.9370404456433],[-106.186368732499,40.9379041311311],[-106.186586282826,40.939395269433],[-106.186670229359,40.9401926387105],[-106.186594086815,40.9408779131156],[-106.186815198551,40.941340942004],[-106.18702096259,40.9418393348159],[-106.187081397445,40.9419857190582],[-106.187501894829,40.9425731746209],[-106.187738426693,40.9433819482605],[-106.187807096058,40.9441144201527],[-106.188014944658,40.9444996541647],[-106.188061911928,40.944573242683],[-106.188547202765,40.945277982912],[-106.188641841018,40.9456400808993],[-106.188682266513,40.9457947483443],[-106.188621430394,40.9464325488128],[-106.188606223083,40.9465919813301],[-106.18847090605,40.9471244245458],[-106.18829415349,40.947511783385],[-106.188112301864,40.9479103080163],[-106.187809858364,40.9485043647759],[-106.187594598627,40.9491130746726],[-106.187501734584,40.9493765463391],[-106.187443802116,40.9495409111986],[-106.18735969248,40.9496961307091],[-106.187074636987,40.9502221766117],[-106.186075117493,40.9510691003746],[-106.185052709123,40.9523051502575],[-106.184400952621,40.9532309509417],[-106.183992152522,40.9539951795419],[-106.18378703172,40.9546555165334],[-106.183729777638,40.9549173490767],[-106.183648996774,40.955287173568],[-106.183885337182,40.9557481562434],[-106.184338936691,40.9561929250813],[-106.184816191474,40.956493980318],[-106.185179867467,40.9568742819144],[-106.186174296869,40.9575864908411],[-106.186419251719,40.958140063097],[-106.186639677746,40.9593068510256],[-106.186565286619,40.9594373637592],[-106.186335617563,40.95984030003],[-106.185785201298,40.9602974977245],[-106.185190065984,40.960534026102],[-106.184679256133,40.9610905824627],[-106.184717013798,40.9615106567723],[-106.184899901016,40.9621823540076],[-106.184817265053,40.9623651866629],[-106.184598269327,40.9628502707762],[-106.184308273628,40.9635609446246],[-106.184881062247,40.9641735017934],[-106.18579284071,40.9642536142186],[-106.186317906624,40.9643367598108],[-106.1868762909,40.9646084044216],[-106.187126661868,40.9649608087703],[-106.187032518031,40.9654904983863],[-106.186784734093,40.966142019609],[-106.186502428662,40.9671110213279],[-106.186238807825,40.9679332789897],[-106.186210390953,40.9680219108641],[-106.186206597558,40.9681111429812],[-106.18619863646,40.9682984447528],[-106.186166274802,40.9690597497543],[-106.186137763897,40.9698726014657],[-106.186166719659,40.9702736258402],[-106.186379646043,40.9708376524243],[-106.186525329751,40.9712235518605],[-106.18728069373,40.9717652754898],[-106.18795975784,40.9720895462348],[-106.188708629124,40.9724491396853],[-106.189154218414,40.9731407949234],[-106.189462858676,40.9741534399712],[-106.189631382677,40.9746031639964],[-106.189783319384,40.9753742279254],[-106.189836557445,40.97615342828],[-106.18965358893,40.9769703148823],[-106.189470472386,40.9779622063265],[-106.189470492222,40.978695125297],[-106.189890147773,40.9799559992249],[-106.190143509104,40.9804849804813],[-106.190454765501,40.9811348213609],[-106.190965972819,40.982023707084],[-106.191293389871,40.9822112748723],[-106.191420941808,40.9822843454004],[-106.191633593945,40.9827580872158],[-106.191214924555,40.983116207328],[-106.190691299015,40.9833780200364],[-106.190122106687,40.98385224717],[-106.190086090311,40.9839703719362],[-106.189981716693,40.9843126871291],[-106.190091368394,40.9847247458259],[-106.190240793823,40.9851816151787],[-106.190294039233,40.9853443101345],[-106.190348909523,40.9855018223395],[-106.190553964685,40.986090458348],[-106.190927834503,40.986395655177],[-106.191400888934,40.9865673275336],[-106.19211810251,40.9867199258896],[-106.192835316481,40.9868191137052],[-106.193796689257,40.98684200285],[-106.194368933991,40.986994601321],[-106.194758187427,40.9876171933485],[-106.194837990124,40.9887347644647],[-106.194622934233,40.9904117492692],[-106.194108931143,40.9914392168245],[-106.193422809522,40.9922034600833],[-106.192476178907,40.9932031412459],[-106.191704914897,40.9939356069149],[-106.19165123373,40.9940448900534],[-106.191339116813,40.9946802835241],[-106.19129676317,40.9948458491083],[-106.191186358858,40.9952774227966],[-106.191161454204,40.9953747757522],[-106.191166157381,40.9954764768335],[-106.191187273429,40.9959330635424],[-106.19097169397,40.9963512270323],[-106.190277287961,40.9969148469941],[-106.191303917366,40.9975289040835],[-106.182336918124,40.9975006903109],[-106.163550180568,40.9974344422602],[-106.160020174133,40.9974236103868],[-106.144514590343,40.9973830115773],[-106.131765803969,40.997361032132],[-106.125637732195,40.9973513158203],[-106.106569112616,40.9973415836474],[-106.087893277618,40.9973984840463],[-106.016057480671,40.9973060971812],[-106.011584328552,40.997302752883],[-106.007878189306,40.9973074023413],[-106.001280588023,40.9973080391179],[-105.999988821227,40.9973081196238]]]},"properties":{"FID":4,"OG_CODE":3644,"CDE_Code":"7124","School":"Poudre","SchoolFull":"Poudre High","Address":"201 N Impala Dr","City":"Fort Collins","State":"CO","Zip":80521,"Phone":"970-488-6000","BldID":93500,"Loc_Code":"350","Shape_Leng":1143447.93939,"Shape_Area":41689088215.1,"Shape__Area":6759389929.453125,"Shape__Length":460021.31435305177,"RIC":48,"RICNC":54,"NSC":57,"FCI":33,"FCA":19.12,"FCA_Remain":10.879999999999999}},{"type":"Feature","id":5,"geometry":{"type":"Polygon","coordinates":[[[-105.061340507018,40.5236946989552],[-105.05848450132,40.5236764131007],[-105.058055604281,40.5236769825919],[-105.056893722394,40.5236648136429],[-105.05573220163,40.5236569786987],[-105.053430849026,40.523641420111],[-105.051032932021,40.5236251588735],[-105.048770909457,40.5236097744036],[-105.047107424485,40.5235984323665],[-105.044611834557,40.5235666862607],[-105.043540884635,40.5234691439332],[-105.043599358672,40.5232263073266],[-105.043704122895,40.5228940805898],[-105.043981901744,40.5220131702131],[-105.044045814182,40.5218104826879],[-105.044169445721,40.5214184059844],[-105.044230828503,40.5212237389963],[-105.04446506062,40.5204808904257],[-105.044953030872,40.5191103448606],[-105.045216485185,40.5183703622092],[-105.045289672728,40.5181647920781],[-105.04535047969,40.5179896070075],[-105.045395800594,40.5178590389236],[-105.045517048005,40.517509718402],[-105.045941095938,40.5162879884757],[-105.046376258726,40.5150341911137],[-105.046628033144,40.5143087483098],[-105.04684771435,40.51367576438],[-105.04688911321,40.5135564790463],[-105.047068653198,40.5130391486853],[-105.047097063317,40.5129568263423],[-105.047187118526,40.5126854703842],[-105.047400205199,40.5120784154693],[-105.048015756883,40.5102946641592],[-105.048259738416,40.5095876250637],[-105.048436297793,40.5090759616018],[-105.048496791243,40.5089009979783],[-105.048137920575,40.5088995056371],[-105.047839750868,40.5089010123212],[-105.046521859464,40.5089158155241],[-105.045888839141,40.5089246254568],[-105.045602467907,40.5088589986361],[-105.045393102953,40.5087068581157],[-105.045184675841,40.508568724155],[-105.045116748832,40.5084892676469],[-105.045047314451,40.508398458923],[-105.044964657767,40.5082640746809],[-105.044946276439,40.508058196265],[-105.044885765922,40.5079421137864],[-105.044724229969,40.5078595632097],[-105.043451411535,40.5075916446894],[-105.04308282918,40.5074766917818],[-105.04269598228,40.507356039647],[-105.042320306828,40.5071544860043],[-105.042246273072,40.5071147654619],[-105.041830719608,40.507010880645],[-105.041769088891,40.5069922398541],[-105.04140166177,40.5068811060179],[-105.04101693669,40.5067647380505],[-105.040320676768,40.506557139975],[-105.040076109534,40.5064278391679],[-105.039481610767,40.5060758922937],[-105.03930153179,40.5060744087689],[-105.039301791403,40.5091035326122],[-105.03932816055,40.5148722105659],[-105.039340098262,40.5174775828876],[-105.039355293265,40.5207935716566],[-105.039367264214,40.5233210141448],[-105.03605583243,40.5232967088921],[-105.032051197691,40.5232717091749],[-105.026822600292,40.5232175504865],[-105.023663633273,40.5231905697975],[-105.02132665079,40.5232517188177],[-105.020614468229,40.523369739342],[-105.020319292607,40.5233829517334],[-105.015554001316,40.523348752741],[-105.010664970688,40.5233073660848],[-105.007451007909,40.5232912652354],[-105.003171862391,40.523260087796],[-105.001320821765,40.5232399820341],[-104.995663370446,40.5233437795698],[-104.993472803473,40.5233219749102],[-104.992298995552,40.5233007315439],[-104.992035393915,40.5166101367117],[-104.991845952697,40.5115211829817],[-104.991719774433,40.50858247425],[-104.981764787287,40.5084529020994],[-104.976050592985,40.5085177588962],[-104.975760081415,40.5081559631837],[-104.975534606076,40.5078033956474],[-104.975331953334,40.5073938278141],[-104.975191116362,40.5069896867511],[-104.975082078853,40.5064259519868],[-104.975062676141,40.5060538033446],[-104.975078152317,40.5057543634952],[-104.975145872713,40.5053114553809],[-104.975222234902,40.5049306772499],[-104.975357347809,40.5044603478874],[-104.975579062801,40.5039079105951],[-104.975593978428,40.5037974355686],[-104.975607540293,40.5036312968076],[-104.975606649165,40.5034585894354],[-104.975584147265,40.5032156837637],[-104.975524695861,40.5029419530261],[-104.975478639237,40.502798346844],[-104.975400946643,40.5026083621161],[-104.9753261592,40.5024453310625],[-104.975226559392,40.5022597674736],[-104.975142762745,40.5021230956499],[-104.975059662293,40.5020015780056],[-104.974968362019,40.5018806168393],[-104.974899265404,40.50179495495],[-104.97478801265,40.5016701730158],[-104.974669412574,40.5015493990958],[-104.97454371491,40.5014328832149],[-104.97447744709,40.5013768762567],[-104.974381775614,40.5012980280418],[-104.974294368638,40.5012301280093],[-104.974173070024,40.5011428846594],[-104.974072136217,40.5010756941831],[-104.973954954581,40.501002318404],[-104.973807912047,40.5009169627769],[-104.973706855171,40.5008621862901],[-104.973624840782,40.5008267633504],[-104.973521136571,40.5007929374241],[-104.973449455503,40.500774552425],[-104.973357678223,40.5007582398752],[-104.973264283078,40.500748673387],[-104.973170119874,40.5007459403971],[-104.973076042907,40.5007500648141],[-104.972982908273,40.5007610097506],[-104.972891562185,40.5007786754741],[-104.972802834686,40.5008029021394],[-104.972717533362,40.5008334684229],[-104.972636433458,40.5008700969873],[-104.972560271593,40.5009124551651],[-104.972497443422,40.5009549471988],[-104.972457610326,40.5009864642524],[-104.972425480283,40.501012770803],[-104.97236807614,40.5010698156536],[-104.972300910005,40.5011651979073],[-104.972203468847,40.5013035738956],[-104.97206134998,40.5015114348195],[-104.971924533867,40.5017143155422],[-104.971725098891,40.5020203704575],[-104.971617954132,40.50219187183],[-104.971510809373,40.5023633734471],[-104.97130400372,40.5027090427023],[-104.971256506197,40.5027664638406],[-104.971214700401,40.5028074560757],[-104.971201856289,40.5028200502557],[-104.971140581305,40.5028692842011],[-104.971073274134,40.5029136916466],[-104.971000582461,40.5029528422775],[-104.970961895615,40.5029696010111],[-104.970915021524,40.5029891349883],[-104.970841899558,40.5030139202762],[-104.970757439955,40.5030352568185],[-104.97067064563,40.5030501644571],[-104.970582352916,40.5030584990723],[-104.970493415211,40.5030601800661],[-104.970404691306,40.5030551910457],[-104.970317036395,40.5030435805066],[-104.970231297591,40.5030254604659],[-104.970148301344,40.5030010057803],[-104.97006884895,40.5029704520964],[-104.96999370847,40.5029340951685],[-104.969916788427,40.5028873257327],[-104.969849209067,40.5028386136548],[-104.969713662273,40.5027487344333],[-104.969567598903,40.5026641207793],[-104.96937855474,40.5025698881947],[-104.969178782895,40.502489581002],[-104.968971687985,40.5024209287609],[-104.968684695116,40.5023515838264],[-104.968600487041,40.5023471364203],[-104.968516279865,40.5023426890139],[-104.968394732417,40.5023317798546],[-104.968304748175,40.5023220640005],[-104.968099590032,40.502292851539],[-104.967935537,40.5022626076424],[-104.967773572551,40.5022263937737],[-104.967534980011,40.5021617822599],[-104.967379810419,40.5021110225159],[-104.967228007713,40.5020546411222],[-104.967116042594,40.5020078601442],[-104.967079922235,40.5019927685297],[-104.967231632415,40.501416979301],[-104.966354879392,40.501430121564],[-104.965613679451,40.5008549204154],[-104.965083831537,40.5004437281388],[-104.964801100276,40.5002243095752],[-104.964509822444,40.5000198327603],[-104.964218545509,40.4998153553221],[-104.964102670024,40.4997409897376],[-104.96391838244,40.4996398169717],[-104.963766555479,40.4995682743983],[-104.963606322084,40.4995034301232],[-104.963341178039,40.4994187966646],[-104.963165037277,40.4993753514295],[-104.963018192372,40.4993472668341],[-104.962869497837,40.4993255800593],[-104.962744162193,40.4993063838285],[-104.962664415152,40.4992874225757],[-104.962586894136,40.4992636824076],[-104.962512091423,40.4992353129161],[-104.962433560701,40.4991990024633],[-104.962359484724,40.4991575940689],[-104.962290432126,40.4991114026294],[-104.962226929321,40.4990607833438],[-104.962169462295,40.4990061214675],[-104.962122021367,40.4989518953611],[-104.962089354131,40.4989075269618],[-104.962048503244,40.4988619193971],[-104.962026802642,40.4988427626533],[-104.962005102938,40.4988236052208],[-104.961984753401,40.4988090381911],[-104.96195670171,40.4987889565193],[-104.961903830466,40.498758352417],[-104.961847064126,40.4987321262709],[-104.961750211366,40.4986453004606],[-104.961653358605,40.498558474538],[-104.961479445664,40.4983491720012],[-104.961376436749,40.498225201331],[-104.96130553452,40.4981398694946],[-104.961252171897,40.498088281518],[-104.961192542627,40.4980408604378],[-104.961128942803,40.4979991876501],[-104.961056762272,40.4979602438413],[-104.961019318694,40.4979440214601],[-104.960983377998,40.4979284500745],[-104.960942558552,40.4979144081585],[-104.960903241088,40.4979010165563],[-104.960821590517,40.4978801449423],[-104.960737684276,40.4978653796069],[-104.960652304798,40.4978568578586],[-104.960554800759,40.497846450736],[-104.960472500706,40.497833475815],[-104.960336891929,40.4978051111836],[-104.960235965309,40.4977763517044],[-104.960090847864,40.497722250979],[-104.960044571153,40.4977028213497],[-104.959953281658,40.4976576699654],[-104.959882717196,40.4976168562903],[-104.959826961462,40.4975808564592],[-104.959786507629,40.4975537069723],[-104.959710986263,40.4974950606547],[-104.959621209532,40.4974142992661],[-104.959474681733,40.4972824867928],[-104.959238378999,40.4970699122573],[-104.958890412082,40.4966721487457],[-104.958542448759,40.496274384242],[-104.958370675605,40.4960432063987],[-104.958198904248,40.4958120277588],[-104.95795601866,40.4954851391073],[-104.957650999298,40.4950490321068],[-104.957408029268,40.4946964311991],[-104.957354885835,40.4946421462752],[-104.957295697637,40.494591638385],[-104.957230922817,40.49454529761],[-104.957123861601,40.4944850002449],[-104.957009008399,40.4944337482959],[-104.956926555632,40.4944082425396],[-104.956812158774,40.4943783284614],[-104.956773133263,40.4943681236923],[-104.956707571519,40.4943538050419],[-104.95661253605,40.4943332458866],[-104.956576171349,40.4943268264009],[-104.956459211597,40.4943061784289],[-104.956284563835,40.4942830848003],[-104.9560935847,40.4942666231132],[-104.955895817896,40.4942587519428],[-104.95567301684,40.4942606128237],[-104.955456371042,40.4942745974372],[-104.955132612823,40.4943164426407],[-104.955060383783,40.4943413076448],[-104.95490010098,40.4944036087924],[-104.954789966628,40.4944557406497],[-104.954684552923,40.4945132802043],[-104.954584314412,40.4945759794626],[-104.954395893679,40.4946458673324],[-104.95410734942,40.4947407689096],[-104.953911844573,40.4947981429005],[-104.953813450303,40.4948255571934],[-104.953614328839,40.4948752301147],[-104.953212703754,40.4951030140731],[-104.952835355639,40.495343227524],[-104.952783147351,40.4953776662344],[-104.952724510719,40.4954065032525],[-104.952665874087,40.4954353395751],[-104.95260544891,40.4954619365836],[-104.952513466815,40.4955008838919],[-104.952430960149,40.4955331761276],[-104.952357326144,40.49555904898],[-104.952294815078,40.4955806167417],[-104.952163970067,40.4956200052823],[-104.952031813516,40.4956541050189],[-104.951923935731,40.4956914120249],[-104.951812308379,40.4957353296375],[-104.951685031477,40.4957946968261],[-104.951593434759,40.4958427486536],[-104.951530600299,40.4958781065955],[-104.951445754421,40.4959038385909],[-104.951358528007,40.4959244129769],[-104.951269457351,40.4959397033799],[-104.951179089529,40.4959496155322],[-104.951087982393,40.495954087955],[-104.951008354828,40.4959532210687],[-104.950992449257,40.4959527920659],[-104.950905794172,40.495946638471],[-104.950789041032,40.4959270457437],[-104.950613574006,40.4958976009671],[-104.950321353841,40.495848562061],[-104.950253486121,40.4958359699877],[-104.950183253137,40.4958161668249],[-104.950133106483,40.4957974559765],[-104.950099752935,40.4957822700595],[-104.950062940873,40.4957641678682],[-104.950021047041,40.4957387869469],[-104.949986404411,40.4957141280821],[-104.94996155162,40.4956953994439],[-104.94991691074,40.4956535277753],[-104.949878529322,40.4956081837357],[-104.949833247045,40.4955371922474],[-104.949795457616,40.4954636901796],[-104.949765395495,40.4953881372712],[-104.949743250226,40.4953110076089],[-104.949726185829,40.4951933673859],[-104.949724328113,40.4951144811622],[-104.94973064327,40.4950357287401],[-104.949756621649,40.4949121877882],[-104.949780825856,40.4948424320411],[-104.949815128924,40.4947679407121],[-104.949890097826,40.4946915938966],[-104.950238260575,40.4943370257111],[-104.9504781943,40.4940926756341],[-104.950644499408,40.4939233081994],[-104.950687141536,40.4938798812662],[-104.950729329117,40.4938296030229],[-104.95076204037,40.4937772445572],[-104.950774084083,40.4937497355616],[-104.950785596892,40.4937234384597],[-104.950793677238,40.4936938007513],[-104.950801226679,40.4936653749358],[-104.950807113339,40.4936075402167],[-104.950803698843,40.4935495893123],[-104.950791034394,40.493492391873],[-104.950769310435,40.4934368038889],[-104.950738851259,40.4933836594923],[-104.950700114107,40.4933337552445],[-104.950676897149,40.4933107965454],[-104.950621800778,40.4932632340916],[-104.950600243906,40.4932465972671],[-104.950540608347,40.4932106504265],[-104.950475665542,40.4931805363334],[-104.950342343876,40.4931324279471],[-104.950277366935,40.4931058231837],[-104.950238680987,40.4930899828785],[-104.950212389994,40.4930792177266],[-104.950149265379,40.4930501303566],[-104.950086140764,40.4930210429741],[-104.950025030171,40.4929895481383],[-104.949963919579,40.4929580526047],[-104.949904980215,40.4929242315921],[-104.949846041749,40.4928904098793],[-104.949789426327,40.4928543494438],[-104.949732810904,40.4928182889889],[-104.949678664052,40.4927800820328],[-104.949624518099,40.4927418743719],[-104.949588072549,40.4927138375534],[-104.949516513652,40.4926567896966],[-104.949481399406,40.4926277793406],[-104.949427936172,40.4925829845662],[-104.949374472938,40.4925381904452],[-104.949318024602,40.4924955844579],[-104.949261576266,40.4924529784437],[-104.949202295542,40.4924126760232],[-104.949171176104,40.4923915191897],[-104.949143015716,40.4923723735785],[-104.9490810652,40.4923344854053],[-104.949019114683,40.4922965965276],[-104.948954661459,40.4922612244014],[-104.948890208236,40.4922258515734],[-104.948823428376,40.4921930925114],[-104.948756648516,40.4921603327503],[-104.948687722581,40.4921302748886],[-104.948618796646,40.4921002170134],[-104.948547912383,40.4920729430222],[-104.948477029019,40.4920456683367],[-104.948404379567,40.4920212513218],[-104.948368055291,40.4920090431525],[-104.948331731014,40.4919968342978],[-104.948271345362,40.491976108411],[-104.948241152985,40.4919657454652],[-104.948210960609,40.4919553825178],[-104.948152406622,40.4919317921013],[-104.948093852635,40.4919082016765],[-104.948065607806,40.4918950213404],[-104.948037362078,40.4918818410015],[-104.94798087242,40.491855479633],[-104.947927919429,40.4918271671277],[-104.947874966438,40.4917988539273],[-104.947824395779,40.4917681065871],[-104.94777382512,40.4917373585495],[-104.947725829033,40.4917042938727],[-104.947677832945,40.4916712284963],[-104.947632592889,40.4916359708129],[-104.947587353732,40.491600713111],[-104.947545042183,40.4915633963157],[-104.947502730635,40.4915260794995],[-104.947463506597,40.4914868456849],[-104.947424283456,40.4914476118473],[-104.947388296946,40.4914066092551],[-104.947352311334,40.491365607321],[-104.94728708556,40.491280376068],[-104.947254707582,40.491235756653],[-104.947228854068,40.4911922412174],[-104.947199942689,40.4911501624694],[-104.94717103131,40.4911080843782],[-104.947105320445,40.4910273720053],[-104.947068696131,40.4909889529281],[-104.946991874005,40.4909142585167],[-104.946908118681,40.4908440422509],[-104.94685530403,40.490803869351],[-104.94681787752,40.4907786771601],[-104.946771193872,40.4907472530057],[-104.946672068373,40.4906897737573],[-104.94656771468,40.4906379682667],[-104.946458688849,40.4905921139181],[-104.94634557209,40.490552453936],[-104.946228966275,40.4905192008006],[-104.946109493935,40.4904925307821],[-104.945987791977,40.4904725866732],[-104.945851679245,40.4904440877591],[-104.945652239778,40.4903900296274],[-104.945522594017,40.4903475445659],[-104.94539621004,40.4902996705298],[-104.945273472324,40.4902465543919],[-104.945154753671,40.4901883573713],[-104.945096444925,40.4901580089561],[-104.945040413407,40.4901252550333],[-104.944984382788,40.4900925010945],[-104.944958440341,40.4900658466197],[-104.944932497894,40.4900391921343],[-104.944887570451,40.4899823196321],[-104.944853533285,40.4899280199635],[-104.944825509442,40.4898711555653],[-104.944798354269,40.489795731631],[-104.944784224668,40.4897238868389],[-104.944779422274,40.4896638433869],[-104.944782497208,40.4895974687578],[-104.944787437942,40.4895667702818],[-104.944800285647,40.4894869517189],[-104.944806650211,40.489442276456],[-104.944808846592,40.4893973681949],[-104.944811042074,40.4893524605869],[-104.944809983859,40.4893285023808],[-104.944807074215,40.4892626329833],[-104.944800919857,40.4892179398081],[-104.944794765499,40.4891732472864],[-104.944784472603,40.4891290008612],[-104.944774179706,40.4890847544068],[-104.944760384279,40.4890564263854],[-104.944746588851,40.4890280983521],[-104.944729029482,40.4890010116744],[-104.944711470113,40.4889739256691],[-104.944690335449,40.48894837138],[-104.944684139769,40.4889408801265],[-104.944677866833,40.4889332959573],[-104.944669200786,40.4889228177645],[-104.944644717203,40.4888990698298],[-104.94462023362,40.4888753218866],[-104.944606448073,40.4888644788572],[-104.944592662527,40.4888536351429],[-104.944565093231,40.4888319483921],[-104.944534732869,40.4888125558139],[-104.944504372507,40.4887931625469],[-104.944471547169,40.4887762718307],[-104.944438722728,40.4887593804271],[-104.94440378545,40.4887451726245],[-104.944368848172,40.4887309641357],[-104.944332172654,40.4887195916036],[-104.944295498034,40.4887082190696],[-104.944257479535,40.4886998047869],[-104.944219461035,40.48869138982],[-104.944180505593,40.488686022605],[-104.944141550151,40.4886806553896],[-104.944127902047,40.4886795158127],[-104.944121078444,40.4886789460243],[-104.944114253942,40.4886783762358],[-104.944190299925,40.4576220338133],[-104.945447546064,40.4576042234443],[-104.950390233064,40.4575415040047],[-104.953366280633,40.4575156021441],[-104.957547161238,40.4575201106202],[-104.96331819644,40.457530411899],[-104.963317986234,40.4575468655075],[-104.982136903614,40.4575867172352],[-104.992015599538,40.4575934341464],[-104.992161332328,40.4575973855518],[-104.99252928137,40.4575964751087],[-104.993222273221,40.4575954600876],[-104.993928060676,40.4575943486907],[-104.994215547618,40.4575940007811],[-104.999539361047,40.4575860220994],[-105.001467875977,40.4575830747784],[-105.001468191285,40.4575524505197],[-105.002463089836,40.4575842271864],[-105.007324563744,40.4577676518745],[-105.010932215891,40.4579036368756],[-105.018583865157,40.458191682205],[-105.020057694213,40.4582841842604],[-105.020394575919,40.4582871500054],[-105.020490172835,40.4582879914049],[-105.020998359673,40.4582617966066],[-105.021532979438,40.4582634178902],[-105.022067306352,40.4582643823215],[-105.022587725549,40.458265318729],[-105.025451399266,40.4582704327437],[-105.029159359095,40.4582783190704],[-105.029919796457,40.4582929406923],[-105.02991774201,40.4585835768903],[-105.02986319451,40.4657321522634],[-105.029588694512,40.4729442539809],[-105.03287393771,40.4729383012342],[-105.03701758135,40.4729336830886],[-105.039286373618,40.4729316904113],[-105.039359152427,40.4729333578094],[-105.039438747653,40.4729324653414],[-105.039438081103,40.4730003366062],[-105.039421072402,40.4747317741544],[-105.039416709284,40.475175911877],[-105.039411110983,40.4757458863211],[-105.039399900009,40.4768516410386],[-105.039379622338,40.4801932439004],[-105.039365497228,40.485020077609],[-105.039364386012,40.4860177988565],[-105.039361643456,40.4876530286387],[-105.039358917967,40.4881151434644],[-105.039357259677,40.4883963091858],[-105.039356289497,40.4885607182357],[-105.039354569223,40.4888523664446],[-105.039351342474,40.4893993890776],[-105.039350781027,40.4894946109765],[-105.039347547092,40.4900429038822],[-105.039345834903,40.4903331212138],[-105.039344608703,40.4905404203938],[-105.039342971973,40.4908163421293],[-105.039341353208,40.4910892376315],[-105.03933596691,40.4919974710083],[-105.039334632013,40.492222640022],[-105.039333465102,40.492419463916],[-105.039332940486,40.492497174856],[-105.039328343806,40.4930975850231],[-105.039324442423,40.493614402452],[-105.039320177222,40.4946461091636],[-105.039319481926,40.4947483572044],[-105.04841206484,40.4946432174369],[-105.04880362071,40.4946387353628],[-105.048947027762,40.4946370944632],[-105.058203200177,40.4945324661931],[-105.063239307475,40.4946518133724],[-105.066354043246,40.4947285680665],[-105.067921492924,40.4947642592836],[-105.069142157869,40.4947711972288],[-105.077400140307,40.4948049674415],[-105.077465958969,40.502038923832],[-105.077439608687,40.5044667588901],[-105.077417968272,40.5063490487997],[-105.077415939876,40.5065298663964],[-105.077391966536,40.5086968768167],[-105.077273656616,40.5146283942195],[-105.077237097879,40.5163936249458],[-105.077127077613,40.5216817446083],[-105.077088242545,40.5235790600807],[-105.070736632464,40.5235756711251],[-105.068272607538,40.5235740917065],[-105.067563077703,40.5235735119718],[-105.067552292529,40.5235724426378],[-105.067531609718,40.5235723654763],[-105.067520820952,40.5235719824007],[-105.067468663868,40.5235717877901],[-105.067458774315,40.5235714081287],[-105.067416508581,40.5235712503917],[-105.067406619028,40.5235708707303],[-105.067364354192,40.5235707136762],[-105.067354464639,40.5235703333319],[-105.067312198905,40.5235701762778],[-105.067302309352,40.5235697959335],[-105.06722857204,40.5235691786423],[-105.067218682487,40.523568798298],[-105.067103580452,40.5235676832134],[-105.067062219321,40.5235668433149],[-105.067030745048,40.5235667258657],[-105.066989383918,40.5235658852844],[-105.066842812999,40.5235639664919],[-105.066832923446,40.5235635868305],[-105.066811341422,40.5235635062548],[-105.066780770854,40.5235627059613],[-105.066728615567,40.5235621685628],[-105.066697146684,40.523561364855],[-105.066676462975,40.5235612876936],[-105.066644994092,40.5235604839858],[-105.066572156892,40.5235595266381],[-105.066498426767,40.5235578789346],[-105.066477743058,40.5235578017732],[-105.066261945269,40.5235532219359],[-105.065375295507,40.5235464781641],[-105.063973215791,40.523653969408],[-105.062880571555,40.5236780109537],[-105.061340507018,40.5236946989552]]]},"properties":{"FID":5,"OG_CODE":1250,"CDE_Code":"3105","School":"Fossil Ridge","SchoolFull":"Fossil Ridge High","Address":"5400 Zeigler Rd","City":"Fort Collins","State":"CO","Zip":85028,"Phone":"970-488-6260","BldID":99710,"Loc_Code":"345","Shape_Leng":108727.641057,"Shape_Area":400258023.902,"Shape__Area":98258904.6328125,"Shape__Length":53958.739202781173,"RIC":69,"RICNC":56,"NSC":81,"FCI":33,"FCA":20.03,"FCA_Remain":9.9699999999999989}},{"type":"Feature","id":6,"geometry":{"type":"Polygon","coordinates":[[[-104.943314674802,40.9983183289596],[-104.943313628113,40.9971455999377],[-104.943310446277,40.9935825635641],[-104.943304246707,40.9863523115928],[-104.943298047991,40.9791223836585],[-104.943291850616,40.9718924341086],[-104.943285655018,40.9646621235893],[-104.943070453874,40.9574776286565],[-104.942897341786,40.9502799308392],[-104.942934905605,40.9429931276037],[-104.942972460089,40.935706304799],[-104.943010010472,40.9284191176894],[-104.943047548171,40.9211326027924],[-104.943085081105,40.9138453744413],[-104.943122756156,40.906558471698],[-104.943145487586,40.9021609109141],[-104.943160420643,40.8992715526755],[-104.943198081772,40.8919846076215],[-104.943235733537,40.8846976456311],[-104.943273370031,40.8774106640936],[-104.943311000719,40.8701236667746],[-104.943323660324,40.862849985435],[-104.943336317178,40.8555762868199],[-104.943348972499,40.8483025674513],[-104.943361623901,40.8410288292369],[-104.943374272541,40.8337550759023],[-104.943386918479,40.8264813003618],[-104.943399408267,40.8192078549994],[-104.943411897051,40.811934042783],[-104.943424381955,40.8046602123111],[-104.943437166362,40.7973863597459],[-104.943449949819,40.7901128439776],[-104.943462729856,40.7828389600117],[-104.943482671608,40.7755681983357],[-104.943502606161,40.7682977702021],[-104.943522536899,40.7610269787432],[-104.943542465753,40.7537561644817],[-104.943563069887,40.746485342474],[-104.943583662572,40.7392144915504],[-104.943647897923,40.7318803381864],[-104.943712121719,40.7245461621637],[-104.943776325628,40.7172119698673],[-104.943840520782,40.7098774165655],[-104.943904255429,40.7025431882324],[-104.943968875413,40.6952089456068],[-104.943183113861,40.6949740472968],[-104.943177138724,40.6946631528475],[-104.94317790942,40.6945720316708],[-104.943176007378,40.6944750288901],[-104.943170534408,40.694371450397],[-104.94316873726,40.694262022443],[-104.943167069625,40.6940300584476],[-104.943170869875,40.6937950146028],[-104.943170948599,40.6936783462368],[-104.943172845027,40.6935613425477],[-104.943172932284,40.6934436394919],[-104.943172121845,40.6933248956179],[-104.943172230226,40.6932047756009],[-104.943171436872,40.6930839614546],[-104.943168838397,40.692962103053],[-104.943165333699,40.6928402394146],[-104.943163788067,40.6925937798801],[-104.943162118159,40.6924695097445],[-104.943161347617,40.692345933718],[-104.943161619689,40.692099137026],[-104.943160856026,40.6919748712031],[-104.943161011171,40.6918492283359],[-104.94316027029,40.6917222015506],[-104.943160620439,40.6914660845742],[-104.943162775654,40.6912110127296],[-104.943162939323,40.6910843360512],[-104.943163986436,40.6909604237524],[-104.943167699261,40.6908430828397],[-104.943169544841,40.6907319467391],[-104.943169652697,40.6905044774793],[-104.943167483683,40.6901171834646],[-104.943167760761,40.6899770450766],[-104.943174220874,40.6895345646714],[-104.9431746142,40.6893806196945],[-104.943176851931,40.6892232317465],[-104.94318092599,40.6890630915043],[-104.943183203558,40.6889008714188],[-104.943186392997,40.6887379649677],[-104.943190493808,40.6885747188571],[-104.943195503631,40.6884111312748],[-104.943198702744,40.6882471892209],[-104.943203298763,40.6879179177428],[-104.943206485263,40.6877553561362],[-104.943208564386,40.6876166067928],[-104.943208742795,40.6875955520471],[-104.943210066157,40.6874388503589],[-104.943212285481,40.6872835325778],[-104.943216306902,40.6871296057369],[-104.943219420969,40.6869756736511],[-104.94322345375,40.6868203654163],[-104.943225690099,40.686662977338],[-104.943228852043,40.6865035224262],[-104.943235718268,40.6860127203241],[-104.943238958208,40.6858439460277],[-104.943243116838,40.6856737964808],[-104.94324963648,40.6853314166171],[-104.943254351153,40.6849879915646],[-104.943255803166,40.6848161026939],[-104.94325815964,40.6846445630455],[-104.943261032312,40.6843045818027],[-104.943265685885,40.6839684057306],[-104.943268901698,40.6838023922817],[-104.943271198803,40.6836377558683],[-104.943274383261,40.6834755407484],[-104.94327709167,40.6831548869824],[-104.943281596359,40.6828363139231],[-104.943285666932,40.6826765191594],[-104.943288830209,40.682516719151],[-104.943291084527,40.6823572596991],[-104.943318797833,40.6806255067409],[-104.943342988933,40.6788961116749],[-104.943344845667,40.6786762442533],[-104.943344921222,40.6785599211427],[-104.943344145991,40.6784370352881],[-104.94334253018,40.6783062062011],[-104.943341879699,40.6781684790396],[-104.943344917883,40.6780235210089],[-104.943347106943,40.6778716544292],[-104.943348442359,40.6777135717976],[-104.943347590332,40.6773849612409],[-104.943348637624,40.6770463510605],[-104.943355540206,40.6765510593966],[-104.943356925139,40.6763871089795],[-104.94336147857,40.6760626666378],[-104.943362828149,40.67590285764],[-104.94336509629,40.6757416733875],[-104.943366465783,40.6755794474028],[-104.94337607137,40.6750862405948],[-104.943376587228,40.6749177976273],[-104.943378041564,40.6747455624319],[-104.943390115485,40.6738526559888],[-104.943393374375,40.6736814649913],[-104.943395639525,40.6735206255256],[-104.943396922346,40.6733687544078],[-104.943397511354,40.6732990314698],[-104.943399070112,40.6732217206528],[-104.943400300512,40.6730760630456],[-104.943402463675,40.6729273030023],[-104.943408744877,40.6726128799617],[-104.94341012107,40.6724499640366],[-104.943414743446,40.6721172384037],[-104.943417562399,40.6717834684891],[-104.943417162453,40.6716160566067],[-104.943417666801,40.6714489939473],[-104.943420458918,40.6711183307266],[-104.94342098032,40.6709491977646],[-104.943423960902,40.6705960982475],[-104.943426412709,40.6704131681862],[-104.943430691788,40.6702285204973],[-104.943440811583,40.6696742185715],[-104.94344027192,40.6693086754321],[-104.943439079336,40.6691277982433],[-104.943441504263,40.6689479739634],[-104.943441197683,40.6687695171602],[-104.943442339446,40.6684195155155],[-104.943444682312,40.6682493554906],[-104.943446086782,40.6680829876845],[-104.943449270093,40.6679207708944],[-104.943450581132,40.6677654487535],[-104.943454737143,40.6674879474667],[-104.943457570718,40.6673671506111],[-104.943457622317,40.6671462390673],[-104.943482673179,40.6660991222593],[-104.94348238872,40.6643200643211],[-104.943485787011,40.6641323051894],[-104.943493092134,40.6635890349407],[-104.943496318977,40.6634216399794],[-104.943500385029,40.6632621891673],[-104.943506909851,40.6628114222323],[-104.943507412841,40.6625370099732],[-104.943508499885,40.6624082644428],[-104.943508766543,40.6621618103982],[-104.943507985518,40.6620396137313],[-104.943509025848,40.6619163919328],[-104.943509316328,40.6617745260591],[-104.943508478885,40.6616588887159],[-104.943509632521,40.6615222042194],[-104.943512661061,40.6613782810493],[-104.943514820752,40.6612298662787],[-104.943514283395,40.6610786757237],[-104.943515557172,40.6609278405294],[-104.943518636871,40.660777704681],[-104.943520822139,40.6606261822065],[-104.943523025634,40.6604725903472],[-104.943524333516,40.6603176127562],[-104.943523837149,40.6601615900017],[-104.9435242506,40.6600052275778],[-104.943528735511,40.659688723468],[-104.943535157809,40.6593573866098],[-104.943539861865,40.6590149944498],[-104.94354171172,40.6587958164046],[-104.943542821389,40.6586643097495],[-104.943543970989,40.658313271452],[-104.943546328648,40.6581413855279],[-104.943546843952,40.6579729417025],[-104.943548259331,40.6578051928929],[-104.943549336604,40.6574627832426],[-104.943554124107,40.6571103825605],[-104.943557158597,40.6567507240245],[-104.943563829321,40.6563900471934],[-104.943564425381,40.6562119389463],[-104.943563050599,40.6555157113406],[-104.943560866173,40.6553448383011],[-104.943559585833,40.655174314485],[-104.943557405451,40.655003096536],[-104.943557954819,40.6548305119784],[-104.943556704119,40.6546565364618],[-104.943556359144,40.6544825661654],[-104.943557497235,40.6541329070231],[-104.943556542656,40.6536016756932],[-104.943558024515,40.6534259877143],[-104.943560405899,40.6532513405611],[-104.943560611085,40.6532270113171],[-104.943561870674,40.653077723753],[-104.943504903166,40.6529681352145],[-104.943503145638,40.6522520001896],[-104.943509001827,40.6520880213228],[-104.943515741994,40.6519261044361],[-104.943521544411,40.651768644398],[-104.943529302231,40.6514832125275],[-104.943540554374,40.6511017263425],[-104.943543331553,40.6509833664263],[-104.943543388918,40.6508670521708],[-104.943544352882,40.650750056023],[-104.943547132874,40.6506313520967],[-104.943549148412,40.6503867237659],[-104.943549282098,40.6502611449632],[-104.943550336502,40.6501331696816],[-104.943552320106,40.6500017677283],[-104.943556139491,40.6498662572142],[-104.943559086204,40.649727310515],[-104.943563851718,40.6495863147384],[-104.943567713457,40.6494456577471],[-104.943570682742,40.6493039662514],[-104.94357456989,40.6491602213718],[-104.943579366425,40.6490154514997],[-104.943585333152,40.6487286383922],[-104.943589203278,40.6485869520723],[-104.943598745313,40.6483035871253],[-104.943615800504,40.647873749661],[-104.943619707259,40.6477276030366],[-104.943624520553,40.6475807745163],[-104.943630246041,40.6474325770042],[-104.943639914914,40.6471337734668],[-104.943642963079,40.6469824751401],[-104.943646920595,40.6468301527195],[-104.94365178747,40.6466768044038],[-104.94365756651,40.6465220888961],[-104.943662453115,40.646366339783],[-104.943666447297,40.6462095561638],[-104.943669551874,40.6460513967418],[-104.943669696002,40.6460338987595],[-104.943674461024,40.645892902825],[-104.943681177569,40.6457337304147],[-104.943695944371,40.6452534443261],[-104.943736469291,40.6442036848871],[-104.943770401945,40.642228924362],[-104.943775417951,40.6420573916349],[-104.943781340403,40.6418851779076],[-104.943786370482,40.6417119296722],[-104.943792301351,40.6415386866325],[-104.943797328544,40.6413657823777],[-104.943803248062,40.641193910812],[-104.943807351784,40.6410237470208],[-104.943812344998,40.640854959918],[-104.943825903523,40.6405211760826],[-104.943829967605,40.6403558147324],[-104.943835821969,40.6401918352754],[-104.943849306798,40.6398669719289],[-104.943855127176,40.6397071096276],[-104.943864858925,40.6394004132318],[-104.943888370586,40.6388316010193],[-104.943890595862,40.6387758357009],[-104.945005834535,40.6387885996241],[-104.945158965402,40.6387896727394],[-104.945311202305,40.6387900551695],[-104.945459829248,40.6387911064267],[-104.945744455246,40.638795206916],[-104.946224525025,40.6388036677909],[-104.946329010653,40.6388048510449],[-104.946535297609,40.6388051458373],[-104.946729890019,40.638803326009],[-104.946821806787,40.638799302402],[-104.946914610285,40.6387969984949],[-104.947011909283,40.6387957452059],[-104.947219986557,40.6387974197375],[-104.947333485673,40.6387979586693],[-104.947455080646,40.6387999083673],[-104.947854119121,40.6388031742873],[-104.947996415391,40.6388072802829],[-104.948140532873,40.6388089929559],[-104.948286444712,40.6388117432906],[-104.948434170962,40.6388127864807],[-104.948730532663,40.6388138472689],[-104.948876458533,40.6388148813713],[-104.949021493633,40.6388145386273],[-104.949443051946,40.6388179056915],[-104.949578186778,40.6388164860926],[-104.949712415228,40.6388157482755],[-104.949844833718,40.6388160310847],[-104.949974541466,40.6388173302698],[-104.950344727059,40.6388238824305],[-104.950553709689,40.6388248690537],[-104.950581495796,40.6388238357872],[-104.950623062021,40.6388222902951],[-104.95089338789,40.6388122386163],[-104.950992740675,40.6388216974954],[-104.953312091185,40.6388179532467],[-104.95632732606,40.6387653782552],[-104.956130048553,40.6382644196292],[-104.955995253749,40.6379221225382],[-104.956263972662,40.637319697741],[-104.95709568052,40.6368181392976],[-104.957077673903,40.6365100201478],[-104.957028262702,40.635664524105],[-104.956246290562,40.6344546927901],[-104.955942974645,40.6334896139898],[-104.955652224091,40.632564490237],[-104.955990381968,40.6318535206861],[-104.957381248967,40.6314945283885],[-104.957790358109,40.6309600855215],[-104.958637870077,40.6304446359365],[-104.960517252233,40.6306705434733],[-104.96215034615,40.6288945845793],[-104.962929577039,40.6293242322686],[-104.962942147516,40.6281695295062],[-104.96400866395,40.6287104615799],[-104.964114561238,40.6286840252491],[-104.965897612823,40.6297627562924],[-104.966010186018,40.6296562956431],[-104.966079383187,40.6296954073052],[-104.967564385585,40.6307551459109],[-104.968036620474,40.6309566020592],[-104.969177308748,40.631316256507],[-104.969331491483,40.6313648682964],[-104.970123632378,40.6316094139554],[-104.970468889048,40.6317159973269],[-104.970328884493,40.6318196744328],[-104.971117361297,40.6321630074176],[-104.971854211619,40.6324670949525],[-104.972673464642,40.632791967631],[-104.972836652424,40.6327555895327],[-104.972778580823,40.6316303463445],[-104.972745742098,40.6303820650439],[-104.972948712441,40.6303652208646],[-104.973151683872,40.6303483754362],[-104.973712189351,40.6306543285941],[-104.974259558236,40.6309531061696],[-104.974884582121,40.6312942640664],[-104.975250711499,40.6314941061548],[-104.975531135178,40.6316168380246],[-104.975836843608,40.631756686481],[-104.976478943821,40.6319271176229],[-104.976772300158,40.6319583703284],[-104.977152350787,40.631998857929],[-104.97754158689,40.631981821083],[-104.977831194735,40.6319691449847],[-104.978489385192,40.6318391288888],[-104.978862036962,40.6317013415322],[-104.978981404841,40.6316580512831],[-104.979091079636,40.6316176866638],[-104.979644456656,40.6313018109616],[-104.981713725553,40.6298707160704],[-104.982736990968,40.63097593504],[-104.982965095415,40.6312207227239],[-104.983134671635,40.631568034967],[-104.983194961988,40.6316915167153],[-104.988704309146,40.6317184553372],[-104.988899629218,40.63171940235],[-104.98910318979,40.6317202960517],[-104.990034501929,40.6317250665186],[-104.990303584465,40.6313985754435],[-104.991218230161,40.6305060221269],[-104.991370671595,40.6303570953289],[-104.991355817526,40.6317315354484],[-105.000645641328,40.6317747314536],[-105.001028695518,40.6317858940031],[-105.000729470357,40.6389985798415],[-105.001174104706,40.6390009894873],[-105.002686851462,40.6390149809311],[-105.007250683016,40.6390519178424],[-105.010124156526,40.63907262379],[-105.010234964024,40.6390720607282],[-105.01029618846,40.6318218021136],[-105.019791490026,40.6318924738423],[-105.019847365204,40.6303990612721],[-105.024783187922,40.6304399712805],[-105.024764169431,40.6317618385645],[-105.033149021836,40.631769816797],[-105.033714623655,40.632835751138],[-105.033766872988,40.6334221084164],[-105.033839011829,40.6338596118986],[-105.034153938682,40.634438695831],[-105.034444940418,40.6348735137421],[-105.034730740595,40.6351558169186],[-105.035436527108,40.6353111300176],[-105.036327584872,40.635815052892],[-105.036980138335,40.6364371560782],[-105.037833168857,40.6370171628561],[-105.038329102048,40.6376767601312],[-105.038673565216,40.637679006562],[-105.038722370533,40.6356673693756],[-105.038814268828,40.6356654101018],[-105.038906184388,40.6356647305075],[-105.048137814057,40.6357682096837],[-105.048230448352,40.6356155143063],[-105.048986371603,40.6352379359337],[-105.049494838626,40.6359537204376],[-105.049317546017,40.6364973522481],[-105.050402237099,40.6375954754149],[-105.051299143871,40.6379784758543],[-105.051971804142,40.6382657487603],[-105.052559267753,40.6392933079562],[-105.052626779319,40.6393911924446],[-105.052848928384,40.6393941812094],[-105.053340149018,40.6393966984019],[-105.053550030051,40.6393985193707],[-105.053736063368,40.6394011661983],[-105.053736615868,40.63930357934],[-105.053759603643,40.6377665313056],[-105.054408130312,40.6377727700889],[-105.054683938793,40.6377654207322],[-105.055033875383,40.6379506350666],[-105.055478071499,40.6381857331767],[-105.05620273972,40.6385692525971],[-105.056912966874,40.6389451325368],[-105.057011675179,40.6389973726816],[-105.057129109859,40.6389979609178],[-105.057144760226,40.6376256247828],[-105.057235997042,40.6376338147509],[-105.058328833942,40.6376446575842],[-105.059517556998,40.6376596209438],[-105.060706518715,40.6376730376251],[-105.061894845451,40.6376848998305],[-105.062855471988,40.6376964254285],[-105.063083815213,40.6376982868532],[-105.063565255566,40.6377042678955],[-105.064279722186,40.6377116822943],[-105.064280789227,40.6376576857277],[-105.064285693586,40.6373163065844],[-105.064291168676,40.6368063430029],[-105.066443524354,40.6368293964348],[-105.066669090962,40.6367712512717],[-105.067789945381,40.6367828777976],[-105.069137805052,40.636796846044],[-105.069234900612,40.636798949772],[-105.069137969545,40.6355274379098],[-105.069946795045,40.635641202108],[-105.071253901478,40.6390344979778],[-105.071448322727,40.6395183133754],[-105.072005263386,40.6395228605679],[-105.072535620169,40.6395261250565],[-105.073407579569,40.6395324117856],[-105.073662505984,40.6395336888478],[-105.074076806394,40.6395461849853],[-105.074218212135,40.6395501333884],[-105.074704567448,40.6395646063724],[-105.074948040353,40.6395813894461],[-105.075133823616,40.6396031071991],[-105.075300975858,40.6396265001444],[-105.075408742413,40.6396408436732],[-105.075525370526,40.6396565288138],[-105.075696422617,40.639681498763],[-105.075920595373,40.6397070105094],[-105.076314322645,40.6397336073648],[-105.076417356708,40.6397371081395],[-105.076607833618,40.6397421237328],[-105.076731201769,40.6397442347957],[-105.080782047844,40.6397781430119],[-105.081343005028,40.639781464055],[-105.083137604576,40.6397913707598],[-105.085479347191,40.6398147588901],[-105.087072614705,40.6398284265713],[-105.087092029684,40.639920693544],[-105.087814527997,40.6426741811161],[-105.086362230159,40.6428748984976],[-105.086830951785,40.6447256011951],[-105.08603704321,40.6451906229289],[-105.085396115871,40.6454443161602],[-105.085315418504,40.6542221827832],[-105.085457511143,40.6542233488762],[-105.085454539704,40.6544256068366],[-105.085448400389,40.6548443929439],[-105.085443790851,40.6551584304659],[-105.085306500955,40.6551920550759],[-105.085154577492,40.6717107852206],[-105.094564702342,40.674797103736],[-105.094548086608,40.6760390356455],[-105.094505273966,40.6792398057611],[-105.094442334809,40.6827856637829],[-105.094312391827,40.6834477122189],[-105.094373046462,40.6863764865814],[-105.094423807601,40.6888437719995],[-105.09446586853,40.6908548030908],[-105.094496834431,40.6923490844468],[-105.094083325877,40.692299984554],[-105.094201935857,40.6955221006424],[-105.094211029345,40.6963079189482],[-105.094230813458,40.698017842623],[-105.095014841924,40.6980581002223],[-105.095659018848,40.6980911727199],[-105.095649631665,40.6998669019259],[-105.095452455469,40.6999393361044],[-105.094406265859,40.7010095580106],[-105.094137714461,40.7013875050639],[-105.094073262444,40.7015086000645],[-105.094051816275,40.7016351850181],[-105.094185030638,40.7022602410242],[-105.09562950378,40.7030999467809],[-105.095625496247,40.7037450457756],[-105.09562251506,40.7042249765796],[-105.095620211352,40.70459875519],[-105.098762089125,40.7046331510866],[-105.100419914337,40.7046512816436],[-105.102815040676,40.7046774676711],[-105.105198781544,40.70470485274],[-105.105201517155,40.7044261733258],[-105.114465444595,40.704250030457],[-105.114569835732,40.7042475031269],[-105.114690219261,40.704188831062],[-105.114693211698,40.7039805773547],[-105.114786067576,40.7039253829531],[-105.124029018625,40.7039711943189],[-105.133600759452,40.7039133128755],[-105.133592352704,40.7045081566025],[-105.142966092674,40.7045278303119],[-105.145531587161,40.7045329065957],[-105.145510712797,40.7060231397699],[-105.145467336309,40.7091203118259],[-105.145429911282,40.7117917736387],[-105.143056784794,40.7117841821459],[-105.143052826929,40.7148253930945],[-105.143048873376,40.717865718629],[-105.143043654908,40.7216318284479],[-105.143037081346,40.7262471721946],[-105.152566639818,40.7262918784721],[-105.152565058373,40.7269050828281],[-105.152561894737,40.7281313894195],[-105.152547992199,40.7335197548122],[-105.152544852133,40.734824558015],[-105.152539297807,40.7371332459784],[-105.152532295525,40.7397711814347],[-105.152530392245,40.7404883270911],[-105.152529705702,40.7407470652597],[-105.152520282844,40.7443276022541],[-105.152509952564,40.7479077919958],[-105.152505032438,40.7496131453602],[-105.152504792734,40.7496980388586],[-105.152489289942,40.7550688397465],[-105.152435663839,40.7623220667393],[-105.152381122468,40.7695752736696],[-105.15234651771,40.7768110266268],[-105.152315589047,40.7840327044788],[-105.152220240078,40.7876396935676],[-105.152119578416,40.7912253943176],[-105.152041998783,40.7939638031602],[-105.152018003731,40.7948107475475],[-105.15191822355,40.7983964375946],[-105.158405117203,40.798424414103],[-105.160004776955,40.7984312590035],[-105.161017915941,40.7984355826155],[-105.165523466916,40.7984664208078],[-105.170598774651,40.7984980131377],[-105.170683135063,40.8021137408442],[-105.17076660433,40.8057291246945],[-105.170850992806,40.8093444939621],[-105.170935381994,40.8129598685526],[-105.175829043974,40.8130555561971],[-105.176118315453,40.8130612273727],[-105.176974659477,40.8130780130454],[-105.18072180675,40.8131513873465],[-105.185614588936,40.813247357385],[-105.1905082965,40.8133431193218],[-105.190463838518,40.8169234738128],[-105.19041848088,40.8205038214724],[-105.190374027215,40.8240845137587],[-105.190350539865,40.8259759006644],[-105.190329564491,40.8276648548581],[-105.192232259492,40.827682914912],[-105.195039359714,40.8277095036464],[-105.199750066011,40.8277536243611],[-105.204459880758,40.8277978930986],[-105.209170597614,40.8278423144356],[-105.209195066946,40.8313806266998],[-105.209221346852,40.8349189453724],[-105.209246724892,40.8384572510765],[-105.209272105311,40.8419958936379],[-105.209239671698,40.8457412746989],[-105.209208139308,40.8494866467169],[-105.209176159696,40.8531779657717],[-105.209143248522,40.8569770371118],[-105.209107056994,40.8585781079372],[-105.209067272625,40.8603380330839],[-105.208990385333,40.8636990226908],[-105.208914394508,40.867059669144],[-105.208863075282,40.8703575882461],[-105.209158809799,40.8741970539264],[-105.209458808544,40.8780917752085],[-105.209794577872,40.8819572262882],[-105.210054685827,40.8858259436066],[-105.210260618234,40.8896545360351],[-105.210465660096,40.8934834608072],[-105.210535956183,40.8947957516539],[-105.210670735341,40.8973116990681],[-105.210875832161,40.90114061768],[-105.210972507729,40.9049486714445],[-105.211069201068,40.9087570646072],[-105.211165906837,40.912565107383],[-105.211261717531,40.9163734935704],[-105.211209424498,40.9201266137626],[-105.21115622076,40.9238800613394],[-105.211103004208,40.9276331694622],[-105.211049788569,40.93138661169],[-105.21105273723,40.9351220017804],[-105.211056593691,40.9388570475011],[-105.211060449091,40.9425924345358],[-105.211063398836,40.9463278085565],[-105.191610208388,40.94634855246],[-105.191575317704,40.9494926681328],[-105.19154043207,40.9526367799896],[-105.19156274397,40.9562555544537],[-105.1915669063,40.9569619278871],[-105.191585133884,40.960055119028],[-105.191653663624,40.9638606371613],[-105.191676871061,40.9651495664519],[-105.191722198001,40.9676668303099],[-105.191790741702,40.9714726773656],[-105.191860199667,40.9752785201621],[-105.192123461549,40.9788762788877],[-105.192387658194,40.9824740387778],[-105.192651884708,40.9860714480656],[-105.192915232461,40.9896691886843],[-105.193166348942,40.9933725581558],[-105.19341750021,40.9970759279147],[-105.193423730842,40.9978927809098],[-105.193421602352,40.9984058268691],[-105.081979472489,40.9983728643496],[-105.077075048869,40.998368451894],[-105.076507337634,40.9983679280594],[-105.038380596254,40.998326430767],[-105.035883421885,40.9983232795823],[-104.999987454852,40.9983019555557],[-104.993236662139,40.9982967158302],[-104.962407124669,40.9983585190696],[-104.9473676127,40.9982507988266],[-104.943314674802,40.9983183289596]]]},"properties":{"FID":6,"OG_CODE":3644,"CDE_Code":"7124","School":"Wellington Middle-High School","SchoolFull":"Wellington Middle High School","Address":"2856 Cleveland Ave","City":"Wellington","State":"CO","Zip":80549,"Phone":" ","BldID":0,"Loc_Code":" ","Shape_Leng":431757.577049,"Shape_Area":8184081220.4,"Shape__Area":1329493255.5742188,"Shape__Length":174081.45184623761,"RIC":70,"RICNC":81,"NSC":87,"FCI":0,"FCA":10.37,"FCA_Remain":19.630000000000003}}]}