{"type":"FeatureCollection","crs":{"type":"name","properties":{"name":"EPSG:4326"}},"features":[{"type":"Feature","id":1,"geometry":{"type":"Point","coordinates":[-105.007188097859,40.5081291087544]},"properties":{"FID":1,"OBJECTID":1,"ShortName":"Zach","Full_Name":"Zach Elementary","Long_Name":"ZACH ELEMENTARY","ADDRESS":"3715 Kechter Rd","City":"Fort Collins","State":"CO","Zip":"80528","School_Bas":"Home","SchoolType":"ES","Program":"Core","CDE":"0477","BldgID":91930,"LocCode":"193","GradeConfi":"K-5","ArticArea":"Fossil Ridge","Yr_Built":2002,"Yr_Remod":0,"Modulars":4,"Phone":"970-488-5100","EMGNCY_PWR":"Y","Capacity":575,"Capacity_M":550,"Capacity_1":650,"Utilizatio":0.991304,"Utiliz_Mod":1.03636,"Utiliz_M_1":0.876923,"En_2005_06":588,"En_2006_07":573,"En_2007_08":609,"En_2008_09":621,"En_2009_10":609,"En_2010_11":607,"En_2011_12":609,"En_2012_13":616,"En_2013_14":641,"En_2014_15":666,"En_2015_16":638,"En_2016_17":602,"En_2017_18":604,"Temp_Txt":" ","Notes":" ","Ch_In_13":18.2000007629,"Ch_In_14":11.5,"Ch_In_15":5.5,"Ch_In_16":4.30000019073,"Ch_In_17":0,"Ch_Out_13":6.09999990463,"Ch_Out_14":7.5,"Ch_Out_15":6.80000019073,"Ch_Out_16":8.10000038147,"Ch_Out_17":0,"Bld_SqFtOr":63092,"Bld_SqFtTo":63092,"Parking_Re":81,"Parking_Ad":4,"S_Asphalt":82040,"S_Concrete":35580,"F_Baseball":0,"F_Basketba":4,"F_Football":0,"F_Soccer":0,"F_Tennis":0,"F_Track":0,"F_Notes":" ","S_Area_Mai":13.0699996948,"S_Area_Tur":7.23999977112,"S_Area_Tot":14.1300001144,"S_BikeRack":0,"DecadeBuil":2000,"FullAddres":"3715 Kechter Rd, Fort Collins, CO, 80528","GreatSchoo":9,"L_Size":0,"L_Acquired":" ","L_OrigPric":" ","En_2018_19":570,"En_2019_20":562,"Full_Name_":"Zach Elementary","En_2020_21":514,"En_2021_22":492,"Ch_In_18":0,"Ch_In_19":6.94,"Ch_In_20":11.48,"Ch_In_21":0,"Ch_Out_18":0,"Ch_Out_19":8.41,"Ch_Out_20":8.45,"Ch_Out_21":0,"En_2022_23":475,"En_2023_24":470,"En_2024_25":492}},{"type":"Feature","id":2,"geometry":{"type":"Point","coordinates":[-105.037593562414,40.5036171572186]},"properties":{"FID":2,"OBJECTID":2,"ShortName":"Bacon","Full_Name":"Bacon Elementary","Long_Name":"BACON ELEMENTARY","ADDRESS":"5844 South Timberline Rd","City":"Fort Collins","State":"CO","Zip":"80528","School_Bas":"Home","SchoolType":"ES","Program":" ","CDE":"0490","BldgID":91010,"LocCode":"101","GradeConfi":"K-5","ArticArea":"Fossil Ridge","Yr_Built":2003,"Yr_Remod":0,"Modulars":0,"Phone":"970-488-5300","EMGNCY_PWR":"Y","Capacity":575,"Capacity_M":500,"Capacity_1":500,"Utilizatio":0.918261,"Utiliz_Mod":1.056,"Utiliz_M_1":1.056,"En_2005_06":443,"En_2006_07":447,"En_2007_08":492,"En_2008_09":485,"En_2009_10":433,"En_2010_11":474,"En_2011_12":519,"En_2012_13":530,"En_2013_14":503,"En_2014_15":519,"En_2015_16":524,"En_2016_17":525,"En_2017_18":500,"Temp_Txt":" ","Notes":" ","Ch_In_13":28.7000007629,"Ch_In_14":27.7000007629,"Ch_In_15":25.6000003815,"Ch_In_16":21.5,"Ch_In_17":21.5,"Ch_Out_13":33.5,"Ch_Out_14":32.2000007629,"Ch_Out_15":27.6000003815,"Ch_Out_16":27.2999992371,"Ch_Out_17":27.3,"Bld_SqFtOr":65299,"Bld_SqFtTo":65299,"Parking_Re":84,"Parking_Ad":2,"S_Asphalt":63130,"S_Concrete":44000,"F_Baseball":0,"F_Basketba":4,"F_Football":0,"F_Soccer":2,"F_Tennis":0,"F_Track":0,"F_Notes":" ","S_Area_Mai":9.5,"S_Area_Tur":5.51000022888,"S_Area_Tot":11.5,"S_BikeRack":62,"DecadeBuil":2000,"FullAddres":"5844 South Timberline Rd, Fort Collins, CO, 80528","GreatSchoo":8,"L_Size":0,"L_Acquired":" ","L_OrigPric":" ","En_2018_19":528,"En_2019_20":557,"Full_Name_":"Bacon Elementary","En_2020_21":479,"En_2021_22":409,"Ch_In_18":0,"Ch_In_19":15.08,"Ch_In_20":16.08,"Ch_In_21":0,"Ch_Out_18":0,"Ch_Out_19":25.04,"Ch_Out_20":31.86,"Ch_Out_21":0,"En_2022_23":384,"En_2023_24":380,"En_2024_25":377}},{"type":"Feature","id":3,"geometry":{"type":"Point","coordinates":[-105.056364808353,40.6152655412862]},"properties":{"FID":3,"OBJECTID":3,"ShortName":"Tavelli","Full_Name":"Tavelli Elementary","Long_Name":"TAVELLI ELEMENTARY","ADDRESS":"1118 Miramont Dr","City":"Fort Collins","State":"CO","Zip":"80524","School_Bas":"Home","SchoolType":"ES","Program":" ","CDE":"8460","BldgID":91840,"LocCode":"184","GradeConfi":"K-5","ArticArea":"Poudre","Yr_Built":1968,"Yr_Remod":1993,"Modulars":2,"Phone":"970-488-6725","EMGNCY_PWR":"Y","Capacity":675,"Capacity_M":650,"Capacity_1":700,"Utilizatio":0.866667,"Utiliz_Mod":0.9,"Utiliz_M_1":0.835714,"En_2005_06":597,"En_2006_07":607,"En_2007_08":606,"En_2008_09":637,"En_2009_10":536,"En_2010_11":540,"En_2011_12":520,"En_2012_13":532,"En_2013_14":550,"En_2014_15":582,"En_2015_16":595,"En_2016_17":579,"En_2017_18":589,"Temp_Txt":" ","Notes":" ","Ch_In_13":35.9000015259,"Ch_In_14":34.7000007629,"Ch_In_15":30.2999992371,"Ch_In_16":27.6000003815,"Ch_In_17":0,"Ch_Out_13":26.7000007629,"Ch_Out_14":23.1000003815,"Ch_Out_15":20.2999992371,"Ch_Out_16":18,"Ch_Out_17":0,"Bld_SqFtOr":30181,"Bld_SqFtTo":62537,"Parking_Re":70,"Parking_Ad":3,"S_Asphalt":51411,"S_Concrete":8732,"F_Baseball":0,"F_Basketba":6,"F_Football":0,"F_Soccer":0,"F_Tennis":0,"F_Track":0,"F_Notes":" ","S_Area_Mai":6.59999990463,"S_Area_Tur":3.31999993324,"S_Area_Tot":8.03999996185,"S_BikeRack":0,"DecadeBuil":1960,"FullAddres":"1118 Miramont Dr, Fort Collins, CO, 80524","GreatSchoo":8,"L_Size":0,"L_Acquired":" ","L_OrigPric":" ","En_2018_19":585,"En_2019_20":575,"Full_Name_":"Tavelli Elementary","En_2020_21":535,"En_2021_22":542,"Ch_In_18":0,"Ch_In_19":22.96,"Ch_In_20":20.93,"Ch_In_21":0,"Ch_Out_18":0,"Ch_Out_19":17.5,"Ch_Out_20":18.18,"Ch_Out_21":0,"En_2022_23":526,"En_2023_24":487,"En_2024_25":494}},{"type":"Feature","id":4,"geometry":{"type":"Point","coordinates":[-105.106896331421,40.5995929032727]},"properties":{"FID":4,"OBJECTID":4,"ShortName":"Lincoln","Full_Name":"Lincoln Middle","Long_Name":"LINCOLN MIDDLE SCHOOL","ADDRESS":"1600 Lancer Dr","City":"Fort Collins","State":"CO","Zip":"80521","School_Bas":"Home","SchoolType":"MS","Program":"IB","CDE":"5168","BldgID":92500,"LocCode":"250","GradeConfi":"6-8","ArticArea":"Poudre","Yr_Built":1974,"Yr_Remod":2016,"Modulars":0,"Phone":"970-488-5700","EMGNCY_PWR":"Y","Capacity":864,"Capacity_M":804,"Capacity_1":804,"Utilizatio":0.711806,"Utiliz_Mod":0.764925,"Utiliz_M_1":0.764925,"En_2005_06":524,"En_2006_07":483,"En_2007_08":406,"En_2008_09":409,"En_2009_10":436,"En_2010_11":478,"En_2011_12":506,"En_2012_13":493,"En_2013_14":488,"En_2014_15":504,"En_2015_16":548,"En_2016_17":532,"En_2017_18":568,"Temp_Txt":" ","Notes":" ","Ch_In_13":12,"Ch_In_14":9.19999980927,"Ch_In_15":10.1999998093,"Ch_In_16":9.19999980927,"Ch_In_17":0,"Ch_Out_13":43.9000015259,"Ch_Out_14":42,"Ch_Out_15":41.4000015259,"Ch_Out_16":39.9000015259,"Ch_Out_17":0,"Bld_SqFtOr":93500,"Bld_SqFtTo":100660,"Parking_Re":84,"Parking_Ad":2,"S_Asphalt":125029,"S_Concrete":38134,"F_Baseball":3,"F_Basketba":0,"F_Football":1,"F_Soccer":1,"F_Tennis":3,"F_Track":0,"F_Notes":" ","S_Area_Mai":88.3700027466,"S_Area_Tur":22.9699993134,"S_Area_Tot":90.6800003052,"S_BikeRack":0,"DecadeBuil":1970,"FullAddres":"1600 Lancer Dr, Fort Collins, CO, 80521","GreatSchoo":4,"L_Size":0,"L_Acquired":" ","L_OrigPric":" ","En_2018_19":615,"En_2019_20":607,"Full_Name_":"Lincoln Middle","En_2020_21":579,"En_2021_22":539,"Ch_In_18":0,"Ch_In_19":11.2,"Ch_In_20":10.36,"Ch_In_21":0,"Ch_Out_18":0,"Ch_Out_19":34.59,"Ch_Out_20":37.84,"Ch_Out_21":0,"En_2022_23":539,"En_2023_24":549,"En_2024_25":550}},{"type":"Feature","id":5,"geometry":{"type":"Point","coordinates":[-105.121930635463,40.594421234897]},"properties":{"FID":5,"OBJECTID":5,"ShortName":"Irish","Full_Name":"Irish Elementary","Long_Name":"IRISH ELEMENTARY","ADDRESS":"515 Irish Dr","City":"Fort Collins","State":"CO","Zip":"80521","School_Bas":"Home","SchoolType":"ES","Program":" ","CDE":"4282","BldgID":91300,"LocCode":"130","GradeConfi":"K-5","ArticArea":"Poudre","Yr_Built":1968,"Yr_Remod":2014,"Modulars":4,"Phone":"970-488-6900","EMGNCY_PWR":"Y","Capacity":525,"Capacity_M":425,"Capacity_1":525,"Utilizatio":0.64,"Utiliz_Mod":0.790588,"Utiliz_M_1":0.64,"En_2005_06":355,"En_2006_07":359,"En_2007_08":373,"En_2008_09":348,"En_2009_10":337,"En_2010_11":321,"En_2011_12":326,"En_2012_13":317,"En_2013_14":305,"En_2014_15":309,"En_2015_16":325,"En_2016_17":337,"En_2017_18":322,"Temp_Txt":" ","Notes":" ","Ch_In_13":27.2000007629,"Ch_In_14":26.7999992371,"Ch_In_15":19.7000007629,"Ch_In_16":17.2000007629,"Ch_In_17":0,"Ch_Out_13":43.7000007629,"Ch_Out_14":43.2999992371,"Ch_Out_15":37.7000007629,"Ch_Out_16":36,"Ch_Out_17":0,"Bld_SqFtOr":30181,"Bld_SqFtTo":52291,"Parking_Re":74,"Parking_Ad":3,"S_Asphalt":53556,"S_Concrete":6692,"F_Baseball":1,"F_Basketba":5,"F_Football":0,"F_Soccer":0,"F_Tennis":0,"F_Track":0,"F_Notes":" ","S_Area_Mai":13.0200004578,"S_Area_Tur":5.46000003815,"S_Area_Tot":14.2299995422,"S_BikeRack":0,"DecadeBuil":1960,"FullAddres":"515 Irish Dr, Fort Collins, CO, 80521","GreatSchoo":3,"L_Size":0,"L_Acquired":" ","L_OrigPric":" ","En_2018_19":336,"En_2019_20":328,"Full_Name_":"Irish Elementary","En_2020_21":304,"En_2021_22":319,"Ch_In_18":0,"Ch_In_19":25,"Ch_In_20":29.93,"Ch_In_21":0,"Ch_Out_18":0,"Ch_Out_19":40.58,"Ch_Out_20":41.32,"Ch_Out_21":0,"En_2022_23":289,"En_2023_24":303,"En_2024_25":311}},{"type":"Feature","id":6,"geometry":{"type":"Point","coordinates":[-105.102075411639,40.5917317395256]},"properties":{"FID":6,"OBJECTID":6,"ShortName":"Putnam","Full_Name":"Putnam Elementary","Long_Name":"PUTNAM ELEMENTARY","ADDRESS":"1400 Maple St","City":"Fort Collins","State":"CO","Zip":"80521","School_Bas":"Home","SchoolType":"ES","Program":"Science","CDE":"7218","BldgID":91690,"LocCode":"169","GradeConfi":"K-5","ArticArea":"Poudre","Yr_Built":1956,"Yr_Remod":2014,"Modulars":0,"Phone":"970-488-7700","EMGNCY_PWR":"Y","Capacity":550,"Capacity_M":475,"Capacity_1":475,"Utilizatio":0.512727,"Utiliz_Mod":0.593684,"Utiliz_M_1":0.593684,"En_2005_06":351,"En_2006_07":379,"En_2007_08":387,"En_2008_09":368,"En_2009_10":322,"En_2010_11":356,"En_2011_12":332,"En_2012_13":313,"En_2013_14":318,"En_2014_15":317,"En_2015_16":329,"En_2016_17":279,"En_2017_18":297,"Temp_Txt":" ","Notes":" ","Ch_In_13":29.3999996185,"Ch_In_14":24,"Ch_In_15":23.1000003815,"Ch_In_16":22.2000007629,"Ch_In_17":0,"Ch_Out_13":52.7999992371,"Ch_Out_14":49.0999984741,"Ch_Out_15":43.2999992371,"Ch_Out_16":46.7000007629,"Ch_Out_17":0,"Bld_SqFtOr":29420,"Bld_SqFtTo":59101,"Parking_Re":73,"Parking_Ad":4,"S_Asphalt":59850,"S_Concrete":21039,"F_Baseball":1,"F_Basketba":4,"F_Football":0,"F_Soccer":0,"F_Tennis":0,"F_Track":0,"F_Notes":" ","S_Area_Mai":6.51999998093,"S_Area_Tur":3.26999998093,"S_Area_Tot":7.88000011444,"S_BikeRack":0,"DecadeBuil":1950,"FullAddres":"1400 Maple St, Fort Collins, CO, 80521","GreatSchoo":4,"L_Size":0,"L_Acquired":" ","L_OrigPric":" ","En_2018_19":282,"En_2019_20":268,"Full_Name_":"Putnam Elementary","En_2020_21":261,"En_2021_22":253,"Ch_In_18":0,"Ch_In_19":23.51,"Ch_In_20":28.74,"Ch_In_21":0,"Ch_Out_18":0,"Ch_Out_19":51.07,"Ch_Out_20":47.9,"Ch_Out_21":0,"En_2022_23":236,"En_2023_24":200,"En_2024_25":203}},{"type":"Feature","id":7,"geometry":{"type":"Point","coordinates":[-105.088812170855,40.5896486026481]},"properties":{"FID":7,"OBJECTID":7,"ShortName":"Fullana","Full_Name":"Fullana Elementary","Long_Name":"FULLANA ELEMENTARY","ADDRESS":"220 N Grant Ave","City":"Fort Collins","State":"CO","Zip":"80521","School_Bas":"Preschool","SchoolType":"PreK","Program":" ","CDE":" ","BldgID":91970,"LocCode":"197","GradeConfi":"PreK","ArticArea":"Districtwide","Yr_Built":1975,"Yr_Remod":2000,"Modulars":0,"Phone":" ","EMGNCY_PWR":"Y","Capacity":0,"Capacity_M":0,"Capacity_1":0,"Utilizatio":0,"Utiliz_Mod":0,"Utiliz_M_1":0,"En_2005_06":0,"En_2006_07":0,"En_2007_08":0,"En_2008_09":0,"En_2009_10":0,"En_2010_11":0,"En_2011_12":0,"En_2012_13":0,"En_2013_14":0,"En_2014_15":0,"En_2015_16":0,"En_2016_17":0,"En_2017_18":0,"Temp_Txt":" ","Notes":" ","Ch_In_13":0,"Ch_In_14":0,"Ch_In_15":0,"Ch_In_16":0,"Ch_In_17":0,"Ch_Out_13":0,"Ch_Out_14":0,"Ch_Out_15":0,"Ch_Out_16":0,"Ch_Out_17":0,"Bld_SqFtOr":24109,"Bld_SqFtTo":24109,"Parking_Re":40,"Parking_Ad":3,"S_Asphalt":29797,"S_Concrete":17641,"F_Baseball":1,"F_Basketba":2,"F_Football":0,"F_Soccer":1,"F_Tennis":0,"F_Track":0,"F_Notes":" ","S_Area_Mai":2.5,"S_Area_Tur":1,"S_Area_Tot":3.04999995232,"S_BikeRack":50,"DecadeBuil":1970,"FullAddres":"220 N Grant Ave, Fort Collins, CO, 80521","GreatSchoo":0,"L_Size":0,"L_Acquired":" ","L_OrigPric":" ","En_2018_19":0,"En_2019_20":0,"Full_Name_":"Fullana Elementary","En_2020_21":0,"En_2021_22":0,"Ch_In_18":0,"Ch_In_19":0,"Ch_In_20":0,"Ch_In_21":0,"Ch_Out_18":0,"Ch_Out_19":0,"Ch_Out_20":0,"Ch_Out_21":0,"En_2022_23":null,"En_2023_24":null,"En_2024_25":null}},{"type":"Feature","id":8,"geometry":{"type":"Point","coordinates":[-105.121816373022,40.5887735213861]},"properties":{"FID":8,"OBJECTID":8,"ShortName":"ITC","Full_Name":"Information Technology Center","Long_Name":"INFORMATION TECHNOLOGY CENTER","ADDRESS":"2413 Laporte Ave","City":"Fort Collins","State":"CO","Zip":"80521","School_Bas":"Admin","SchoolType":"Admin","Program":" ","CDE":" ","BldgID":0,"LocCode":"600","GradeConfi":"Admin","ArticArea":"Admin","Yr_Built":1967,"Yr_Remod":1998,"Modulars":null,"Phone":" ","EMGNCY_PWR":"Y","Capacity":0,"Capacity_M":0,"Capacity_1":0,"Utilizatio":0,"Utiliz_Mod":0,"Utiliz_M_1":0,"En_2005_06":0,"En_2006_07":0,"En_2007_08":0,"En_2008_09":0,"En_2009_10":0,"En_2010_11":0,"En_2011_12":0,"En_2012_13":0,"En_2013_14":0,"En_2014_15":0,"En_2015_16":0,"En_2016_17":0,"En_2017_18":0,"Temp_Txt":" ","Notes":" ","Ch_In_13":0,"Ch_In_14":0,"Ch_In_15":0,"Ch_In_16":0,"Ch_In_17":0,"Ch_Out_13":0,"Ch_Out_14":0,"Ch_Out_15":0,"Ch_Out_16":0,"Ch_Out_17":0,"Bld_SqFtOr":15633,"Bld_SqFtTo":29877,"Parking_Re":77,"Parking_Ad":2,"S_Asphalt":179447,"S_Concrete":10773,"F_Baseball":0,"F_Basketba":0,"F_Football":0,"F_Soccer":0,"F_Tennis":0,"F_Track":0,"F_Notes":" ","S_Area_Mai":6.06,"S_Area_Tur":0,"S_Area_Tot":6.75,"S_BikeRack":0,"DecadeBuil":1970,"FullAddres":"2413 Laporte Ave, Fort Collins, CO, 80521","GreatSchoo":0,"L_Size":0,"L_Acquired":" ","L_OrigPric":" ","En_2018_19":0,"En_2019_20":0,"Full_Name_":"Information Technology Center","En_2020_21":0,"En_2021_22":0,"Ch_In_18":0,"Ch_In_19":0,"Ch_In_20":0,"Ch_In_21":0,"Ch_Out_18":0,"Ch_Out_19":0,"Ch_Out_20":0,"Ch_Out_21":0,"En_2022_23":null,"En_2023_24":null,"En_2024_25":null}},{"type":"Feature","id":9,"geometry":{"type":"Point","coordinates":[-105.111344480841,40.5781135048363]},"properties":{"FID":9,"OBJECTID":9,"ShortName":"Polaris","Full_Name":"Polaris Expeditionary Learning School","Long_Name":"POLARIS EXPEDITIONARY LEARNING SCHOOL","ADDRESS":"1905 Orchard Pl","City":"Fort Collins","State":"CO","Zip":"80521","School_Bas":"Option","SchoolType":"Option","Program":" ","CDE":"3791","BldgID":91570,"LocCode":"505","GradeConfi":"K-5","ArticArea":"Districtwide","Yr_Built":1956,"Yr_Remod":2005,"Modulars":0,"Phone":"970-488-8260","EMGNCY_PWR":"Y","Capacity":150,"Capacity_M":150,"Capacity_1":150,"Utilizatio":2.62,"Utiliz_Mod":2.62,"Utiliz_M_1":2.62,"En_2005_06":131,"En_2006_07":119,"En_2007_08":190,"En_2008_09":184,"En_2009_10":208,"En_2010_11":232,"En_2011_12":261,"En_2012_13":278,"En_2013_14":284,"En_2014_15":295,"En_2015_16":385,"En_2016_17":398,"En_2017_18":401,"Temp_Txt":" ","Notes":" ","Ch_In_13":0,"Ch_In_14":0,"Ch_In_15":0,"Ch_In_16":0,"Ch_In_17":0,"Ch_Out_13":0,"Ch_Out_14":0,"Ch_Out_15":0,"Ch_Out_16":0,"Ch_Out_17":0,"Bld_SqFtOr":16400,"Bld_SqFtTo":51670,"Parking_Re":56,"Parking_Ad":2,"S_Asphalt":53828,"S_Concrete":3487,"F_Baseball":2,"F_Basketba":5,"F_Football":0,"F_Soccer":0,"F_Tennis":0,"F_Track":0,"F_Notes":" ","S_Area_Mai":7.71000003815,"S_Area_Tur":4.32999992371,"S_Area_Tot":8.89999961853,"S_BikeRack":0,"DecadeBuil":1950,"FullAddres":"1905 Orchard Pl, Fort Collins, CO, 80521","GreatSchoo":6,"L_Size":0,"L_Acquired":" ","L_OrigPric":" ","En_2018_19":393,"En_2019_20":393,"Full_Name_":"Lab - Polaris","En_2020_21":361,"En_2021_22":383,"Ch_In_18":0,"Ch_In_19":0,"Ch_In_20":0,"Ch_In_21":0,"Ch_Out_18":0,"Ch_Out_19":0,"Ch_Out_20":0,"Ch_Out_21":0,"En_2022_23":381,"En_2023_24":378,"En_2024_25":397}},{"type":"Feature","id":10,"geometry":{"type":"Point","coordinates":[-105.062387890125,40.5759064463161]},"properties":{"FID":10,"OBJECTID":10,"ShortName":"Laurel","Full_Name":"Laurel Elementary","Long_Name":"LAUREL ELEMENTARY","ADDRESS":"1000 Locust Ct","City":"Fort Collins","State":"CO","Zip":"80524","School_Bas":"Home","SchoolType":"ES","Program":" ","CDE":"5014","BldgID":91420,"LocCode":"142","GradeConfi":"K-5","ArticArea":"Fort Collins","Yr_Built":1993,"Yr_Remod":2015,"Modulars":0,"Phone":"970-488-5925","EMGNCY_PWR":"Y","Capacity":525,"Capacity_M":475,"Capacity_1":475,"Utilizatio":0.881905,"Utiliz_Mod":0.974737,"Utiliz_M_1":0.974737,"En_2005_06":351,"En_2006_07":307,"En_2007_08":349,"En_2008_09":400,"En_2009_10":355,"En_2010_11":382,"En_2011_12":406,"En_2012_13":413,"En_2013_14":421,"En_2014_15":423,"En_2015_16":436,"En_2016_17":445,"En_2017_18":447,"Temp_Txt":" ","Notes":" ","Ch_In_13":39.5,"Ch_In_14":30,"Ch_In_15":21.6000003815,"Ch_In_16":20.8999996185,"Ch_In_17":0,"Ch_Out_13":50.4000015259,"Ch_Out_14":43,"Ch_Out_15":39.5,"Ch_Out_16":37.0999984741,"Ch_Out_17":0,"Bld_SqFtOr":51384,"Bld_SqFtTo":51384,"Parking_Re":66,"Parking_Ad":2,"S_Asphalt":160924,"S_Concrete":17593,"F_Baseball":1,"F_Basketba":6,"F_Football":0,"F_Soccer":0,"F_Tennis":0,"F_Track":0,"F_Notes":" ","S_Area_Mai":9.22000026703,"S_Area_Tur":3.44000005722,"S_Area_Tot":10.3999996185,"S_BikeRack":0,"DecadeBuil":1990,"FullAddres":"1000 Locust Ct, Fort Collins, CO, 80524","GreatSchoo":5,"L_Size":0,"L_Acquired":" ","L_OrigPric":" ","En_2018_19":463,"En_2019_20":417,"Full_Name_":"Laurel Elementary","En_2020_21":377,"En_2021_22":405,"Ch_In_18":0,"Ch_In_19":19.18,"Ch_In_20":17.77,"Ch_In_21":0,"Ch_Out_18":0,"Ch_Out_19":38.28,"Ch_Out_20":35.55,"Ch_Out_21":0,"En_2022_23":433,"En_2023_24":405,"En_2024_25":388}},{"type":"Feature","id":11,"geometry":{"type":"Point","coordinates":[-105.098363449201,40.5690119725578]},"properties":{"FID":11,"OBJECTID":11,"ShortName":"Bennett","Full_Name":"Bennett Elementary","Long_Name":"BENNETT ELEMENTARY","ADDRESS":"1125 Bennett Rd","City":"Fort Collins","State":"CO","Zip":"80521","School_Bas":"Home","SchoolType":"ES","Program":"IB","CDE":"0766","BldgID":91090,"LocCode":"109","GradeConfi":"K-5","ArticArea":"Rocky Mountain","Yr_Built":1963,"Yr_Remod":2002,"Modulars":0,"Phone":"970-488-4750","EMGNCY_PWR":"Y","Capacity":550,"Capacity_M":500,"Capacity_1":500,"Utilizatio":0.874545,"Utiliz_Mod":0.962,"Utiliz_M_1":0.962,"En_2005_06":407,"En_2006_07":428,"En_2007_08":456,"En_2008_09":485,"En_2009_10":454,"En_2010_11":468,"En_2011_12":478,"En_2012_13":494,"En_2013_14":492,"En_2014_15":509,"En_2015_16":494,"En_2016_17":496,"En_2017_18":485,"Temp_Txt":" ","Notes":" ","Ch_In_13":51.7000007629,"Ch_In_14":48.4000015259,"Ch_In_15":35.2000007629,"Ch_In_16":28.3999996185,"Ch_In_17":0,"Ch_Out_13":29.3999996185,"Ch_Out_14":27.1000003815,"Ch_Out_15":24.2000007629,"Ch_Out_16":17.7999992371,"Ch_Out_17":0,"Bld_SqFtOr":26535,"Bld_SqFtTo":50492,"Parking_Re":72,"Parking_Ad":2,"S_Asphalt":59739,"S_Concrete":13228,"F_Baseball":2,"F_Basketba":6,"F_Football":0,"F_Soccer":0,"F_Tennis":0,"F_Track":0,"F_Notes":" ","S_Area_Mai":6.5,"S_Area_Tur":2.90000009537,"S_Area_Tot":7.65999984741,"S_BikeRack":88,"DecadeBuil":1960,"FullAddres":"1125 Bennett Rd, Fort Collins, CO, 80521","GreatSchoo":8,"L_Size":0,"L_Acquired":" ","L_OrigPric":" ","En_2018_19":481,"En_2019_20":453,"Full_Name_":"Bennett Elementary","En_2020_21":405,"En_2021_22":379,"Ch_In_18":0,"Ch_In_19":26.05,"Ch_In_20":23.7,"Ch_In_21":0,"Ch_Out_18":0,"Ch_Out_19":25.88,"Ch_Out_20":22.75,"Ch_Out_21":0,"En_2022_23":393,"En_2023_24":368,"En_2024_25":346}},{"type":"Feature","id":12,"geometry":{"type":"Point","coordinates":[-105.052687928887,40.5635459694486]},"properties":{"FID":12,"OBJECTID":12,"ShortName":"Riffenburgh","Full_Name":"Riffenburgh Elementary","Long_Name":"RIFFENBURGH ELEMENTARY","ADDRESS":"1320 E Stuart St","City":"Fort Collins","State":"CO","Zip":"80525","School_Bas":"Home","SchoolType":"ES","Program":"IB","CDE":"7350","BldgID":91750,"LocCode":"175","GradeConfi":"K-5","ArticArea":"Fort Collins","Yr_Built":1968,"Yr_Remod":2014,"Modulars":6,"Phone":"970-488-7935","EMGNCY_PWR":"Y","Capacity":500,"Capacity_M":450,"Capacity_1":600,"Utilizatio":1.112,"Utiliz_Mod":1.23556,"Utiliz_M_1":0.926667,"En_2005_06":345,"En_2006_07":383,"En_2007_08":368,"En_2008_09":336,"En_2009_10":268,"En_2010_11":272,"En_2011_12":313,"En_2012_13":335,"En_2013_14":373,"En_2014_15":425,"En_2015_16":470,"En_2016_17":491,"En_2017_18":542,"Temp_Txt":" ","Notes":" ","Ch_In_13":31.7000007629,"Ch_In_14":26.5,"Ch_In_15":17.2000007629,"Ch_In_16":14.1000003815,"Ch_In_17":0,"Ch_Out_13":46.0999984741,"Ch_Out_14":41.7000007629,"Ch_Out_15":34.2000007629,"Ch_Out_16":29.7999992371,"Ch_Out_17":0,"Bld_SqFtOr":30377,"Bld_SqFtTo":48433,"Parking_Re":43,"Parking_Ad":2,"S_Asphalt":50938,"S_Concrete":15531,"F_Baseball":2,"F_Basketba":6,"F_Football":0,"F_Soccer":0,"F_Tennis":0,"F_Track":0,"F_Notes":" ","S_Area_Mai":7.78000020981,"S_Area_Tur":4.96000003815,"S_Area_Tot":8.89000034332,"S_BikeRack":0,"DecadeBuil":1960,"FullAddres":"1320 E Stuart St, Fort Collins, CO, 80525","GreatSchoo":9,"L_Size":0,"L_Acquired":" ","L_OrigPric":" ","En_2018_19":556,"En_2019_20":557,"Full_Name_":"Riffenburgh Elementary","En_2020_21":481,"En_2021_22":458,"Ch_In_18":0,"Ch_In_19":9.16,"Ch_In_20":8.32,"Ch_In_21":0,"Ch_Out_18":0,"Ch_Out_19":26.67,"Ch_Out_20":22.36,"Ch_Out_21":0,"En_2022_23":479,"En_2023_24":450,"En_2024_25":443}},{"type":"Feature","id":13,"geometry":{"type":"Point","coordinates":[-105.071995081075,40.5549227577021]},"properties":{"FID":13,"OBJECTID":13,"ShortName":"O'Dea","Full_Name":"O'Dea Elementary","Long_Name":"O'DEA ELEMENTARY","ADDRESS":"312 Princeton Rd","City":"Fort Collins","State":"CO","Zip":"80526","School_Bas":"Home","SchoolType":"ES","Program":"Core","CDE":"6476","BldgID":91630,"LocCode":"163","GradeConfi":"K-5","ArticArea":"Fort Collins","Yr_Built":1964,"Yr_Remod":2004,"Modulars":4,"Phone":"970-488-4450","EMGNCY_PWR":"Y","Capacity":475,"Capacity_M":400,"Capacity_1":500,"Utilizatio":0.943158,"Utiliz_Mod":1.12,"Utiliz_M_1":0.896,"En_2005_06":337,"En_2006_07":355,"En_2007_08":345,"En_2008_09":395,"En_2009_10":327,"En_2010_11":336,"En_2011_12":382,"En_2012_13":397,"En_2013_14":412,"En_2014_15":424,"En_2015_16":459,"En_2016_17":446,"En_2017_18":465,"Temp_Txt":" ","Notes":" ","Ch_In_13":34.7000007629,"Ch_In_14":29.6000003815,"Ch_In_15":25.8999996185,"Ch_In_16":25.7999992371,"Ch_In_17":0,"Ch_Out_13":38,"Ch_Out_14":35.4000015259,"Ch_Out_15":30.2000007629,"Ch_Out_16":27.6000003815,"Ch_Out_17":0,"Bld_SqFtOr":28280,"Bld_SqFtTo":48018,"Parking_Re":40,"Parking_Ad":2,"S_Asphalt":45608,"S_Concrete":14936,"F_Baseball":1,"F_Basketba":8,"F_Football":0,"F_Soccer":0,"F_Tennis":0,"F_Track":0,"F_Notes":" ","S_Area_Mai":5.51000022888,"S_Area_Tur":3.03999996185,"S_Area_Tot":6.61000013351,"S_BikeRack":0,"DecadeBuil":1960,"FullAddres":"312 Princeton Rd, Fort Collins, CO, 80526","GreatSchoo":7,"L_Size":0,"L_Acquired":" ","L_OrigPric":" ","En_2018_19":448,"En_2019_20":467,"Full_Name_":"O'Dea Elementary","En_2020_21":446,"En_2021_22":442,"Ch_In_18":0,"Ch_In_19":21.84,"Ch_In_20":22.42,"Ch_In_21":0,"Ch_Out_18":0,"Ch_Out_19":23.64,"Ch_Out_20":22.07,"Ch_Out_21":0,"En_2022_23":429,"En_2023_24":432,"En_2024_25":398}},{"type":"Feature","id":14,"geometry":{"type":"Point","coordinates":[-105.050794103472,40.541919898891]},"properties":{"FID":14,"OBJECTID":14,"ShortName":"Shepardson","Full_Name":"Shepardson Elementary","Long_Name":"SHEPARDSON ELEMENTARY","ADDRESS":"1501 Springwood Dr","City":"Fort Collins","State":"CO","Zip":"80525","School_Bas":"Home","SchoolType":"ES","Program":"STEM","CDE":"7834","BldgID":91780,"LocCode":"178","GradeConfi":"K-5","ArticArea":"Fort Collins","Yr_Built":1978,"Yr_Remod":2007,"Modulars":0,"Phone":"970-488-4525","EMGNCY_PWR":"Y","Capacity":500,"Capacity_M":425,"Capacity_1":425,"Utilizatio":0.796,"Utiliz_Mod":0.936471,"Utiliz_M_1":0.936471,"En_2005_06":484,"En_2006_07":463,"En_2007_08":424,"En_2008_09":403,"En_2009_10":328,"En_2010_11":342,"En_2011_12":347,"En_2012_13":326,"En_2013_14":351,"En_2014_15":364,"En_2015_16":387,"En_2016_17":385,"En_2017_18":406,"Temp_Txt":" ","Notes":" ","Ch_In_13":31.3999996185,"Ch_In_14":33.0999984741,"Ch_In_15":31.2999992371,"Ch_In_16":30.1000003815,"Ch_In_17":0,"Ch_Out_13":33.2000007629,"Ch_Out_14":27.2999992371,"Ch_Out_15":23.6000003815,"Ch_Out_16":20.6000003815,"Ch_Out_17":0,"Bld_SqFtOr":44460,"Bld_SqFtTo":50516,"Parking_Re":48,"Parking_Ad":2,"S_Asphalt":52002,"S_Concrete":16310,"F_Baseball":1,"F_Basketba":10,"F_Football":0,"F_Soccer":0,"F_Tennis":0,"F_Track":0,"F_Notes":" ","S_Area_Mai":6.30000019073,"S_Area_Tur":3.77999997139,"S_Area_Tot":7.46000003815,"S_BikeRack":0,"DecadeBuil":1970,"FullAddres":"1501 Springwood Dr, Fort Collins, CO, 80525","GreatSchoo":8,"L_Size":0,"L_Acquired":" ","L_OrigPric":" ","En_2018_19":398,"En_2019_20":404,"Full_Name_":"Shepardson Elementary","En_2020_21":406,"En_2021_22":410,"Ch_In_18":0,"Ch_In_19":23.76,"Ch_In_20":25.62,"Ch_In_21":0,"Ch_Out_18":0,"Ch_Out_19":17.87,"Ch_Out_20":15.88,"Ch_Out_21":0,"En_2022_23":415,"En_2023_24":424,"En_2024_25":414}},{"type":"Feature","id":15,"geometry":{"type":"Point","coordinates":[-105.088620862476,40.5317450103297]},"properties":{"FID":15,"OBJECTID":15,"ShortName":"Lopez","Full_Name":"Lopez Elementary","Long_Name":"LOPEZ ELEMENTARY","ADDRESS":"637 Wabash St","City":"Fort Collins","State":"CO","Zip":"80526","School_Bas":"Home","SchoolType":"ES","Program":" ","CDE":"5292","BldgID":91510,"LocCode":"151","GradeConfi":"K-5","ArticArea":"Rocky Mountain","Yr_Built":1986,"Yr_Remod":2014,"Modulars":0,"Phone":"970-488-8800","EMGNCY_PWR":"Y","Capacity":625,"Capacity_M":550,"Capacity_1":550,"Utilizatio":0.6176,"Utiliz_Mod":0.701818,"Utiliz_M_1":0.701818,"En_2005_06":486,"En_2006_07":459,"En_2007_08":459,"En_2008_09":450,"En_2009_10":371,"En_2010_11":372,"En_2011_12":382,"En_2012_13":396,"En_2013_14":404,"En_2014_15":411,"En_2015_16":393,"En_2016_17":381,"En_2017_18":375,"Temp_Txt":" ","Notes":" ","Ch_In_13":31.7000007629,"Ch_In_14":31.6000003815,"Ch_In_15":26.7000007629,"Ch_In_16":26.5,"Ch_In_17":0,"Ch_Out_13":27.5,"Ch_Out_14":28.7000007629,"Ch_Out_15":22.6000003815,"Ch_Out_16":22.2000007629,"Ch_Out_17":0,"Bld_SqFtOr":44945,"Bld_SqFtTo":57639,"Parking_Re":42,"Parking_Ad":2,"S_Asphalt":58183,"S_Concrete":14528,"F_Baseball":2,"F_Basketba":8,"F_Football":0,"F_Soccer":2,"F_Tennis":0,"F_Track":0,"F_Notes":" ","S_Area_Mai":8.18000030518,"S_Area_Tur":0.980000019073,"S_Area_Tot":9.57999992371,"S_BikeRack":0,"DecadeBuil":1980,"FullAddres":"637 Wabash St, Fort Collins, CO, 80526","GreatSchoo":6,"L_Size":0,"L_Acquired":" ","L_OrigPric":" ","En_2018_19":386,"En_2019_20":376,"Full_Name_":"Lopez Elementary","En_2020_21":349,"En_2021_22":326,"Ch_In_18":0,"Ch_In_19":28.72,"Ch_In_20":30.09,"Ch_In_21":0,"Ch_Out_18":0,"Ch_Out_19":24.93,"Ch_Out_20":26.73,"Ch_Out_21":0,"En_2022_23":315,"En_2023_24":319,"En_2024_25":319}},{"type":"Feature","id":16,"geometry":{"type":"Point","coordinates":[-105.04755460973,40.5263616990023]},"properties":{"FID":16,"OBJECTID":16,"ShortName":"Kruse","Full_Name":"Kruse Elementary","Long_Name":"KRUSE ELEMENTARY","ADDRESS":"4400 McMurry Ave","City":"Fort Collins","State":"CO","Zip":"80525","School_Bas":"Home","SchoolType":"ES","Program":" ","CDE":"4793","BldgID":91360,"LocCode":"136","GradeConfi":"K-5","ArticArea":"Fort Collins","Yr_Built":1992,"Yr_Remod":2014,"Modulars":2,"Phone":"970-488-5625","EMGNCY_PWR":"Y","Capacity":525,"Capacity_M":500,"Capacity_1":550,"Utilizatio":0.899048,"Utiliz_Mod":0.944,"Utiliz_M_1":0.858182,"En_2005_06":495,"En_2006_07":476,"En_2007_08":503,"En_2008_09":534,"En_2009_10":468,"En_2010_11":498,"En_2011_12":517,"En_2012_13":515,"En_2013_14":524,"En_2014_15":524,"En_2015_16":520,"En_2016_17":496,"En_2017_18":487,"Temp_Txt":" ","Notes":" ","Ch_In_13":19.5,"Ch_In_14":15.8000001907,"Ch_In_15":16.2999992371,"Ch_In_16":17.2999992371,"Ch_In_17":0,"Ch_Out_13":33.5,"Ch_Out_14":29,"Ch_Out_15":27.3999996185,"Ch_Out_16":25.2000007629,"Ch_Out_17":0,"Bld_SqFtOr":51384,"Bld_SqFtTo":51384,"Parking_Re":67,"Parking_Ad":2,"S_Asphalt":0,"S_Concrete":89865,"F_Baseball":1,"F_Basketba":12,"F_Football":0,"F_Soccer":0,"F_Tennis":0,"F_Track":0,"F_Notes":" ","S_Area_Mai":9.02000045776,"S_Area_Tur":6.48000001907,"S_Area_Tot":10.1999998093,"S_BikeRack":0,"DecadeBuil":1990,"FullAddres":"4400 McMurry Ave, Fort Collins, CO, 80525","GreatSchoo":7,"L_Size":0,"L_Acquired":" ","L_OrigPric":" ","En_2018_19":472,"En_2019_20":499,"Full_Name_":"Kruse Elementary","En_2020_21":431,"En_2021_22":430,"Ch_In_18":0,"Ch_In_19":20.64,"Ch_In_20":19.26,"Ch_In_21":0,"Ch_Out_18":0,"Ch_Out_19":25.14,"Ch_Out_20":26.27,"Ch_Out_21":0,"En_2022_23":431,"En_2023_24":414,"En_2024_25":369}},{"type":"Feature","id":17,"geometry":{"type":"Point","coordinates":[-105.066654475384,40.5125925339306]},"properties":{"FID":17,"OBJECTID":17,"ShortName":"Werner","Full_Name":"Werner Elementary","Long_Name":"WERNER ELEMENTARY","ADDRESS":"5402 Mail Creek Ln","City":"Fort Collins","State":"CO","Zip":"80525","School_Bas":"Home","SchoolType":"ES","Program":" ","CDE":"9380","BldgID":91900,"LocCode":"190","GradeConfi":"K-5","ArticArea":"Fossil Ridge","Yr_Built":1987,"Yr_Remod":2012,"Modulars":2,"Phone":"970-488-5550","EMGNCY_PWR":"Y","Capacity":525,"Capacity_M":500,"Capacity_1":550,"Utilizatio":0.96381,"Utiliz_Mod":1.012,"Utiliz_M_1":0.92,"En_2005_06":465,"En_2006_07":461,"En_2007_08":498,"En_2008_09":512,"En_2009_10":462,"En_2010_11":502,"En_2011_12":560,"En_2012_13":560,"En_2013_14":555,"En_2014_15":541,"En_2015_16":538,"En_2016_17":489,"En_2017_18":525,"Temp_Txt":" ","Notes":" ","Ch_In_13":15.3999996185,"Ch_In_14":19,"Ch_In_15":15.8000001907,"Ch_In_16":15.6999998093,"Ch_In_17":0,"Ch_Out_13":22.2999992371,"Ch_Out_14":20.7000007629,"Ch_Out_15":15.6000003815,"Ch_Out_16":12.6999998093,"Ch_Out_17":0,"Bld_SqFtOr":50300,"Bld_SqFtTo":50300,"Parking_Re":69,"Parking_Ad":7,"S_Asphalt":101809,"S_Concrete":23694,"F_Baseball":1,"F_Basketba":8,"F_Football":0,"F_Soccer":0,"F_Tennis":0,"F_Track":0,"F_Notes":" ","S_Area_Mai":8.61999988556,"S_Area_Tur":6.63000011444,"S_Area_Tot":9.77000045776,"S_BikeRack":0,"DecadeBuil":1980,"FullAddres":"5402 Mail Creek Ln, Fort Collins, CO, 80525","GreatSchoo":9,"L_Size":0,"L_Acquired":" ","L_OrigPric":" ","En_2018_19":506,"En_2019_20":482,"Full_Name_":"Werner Elementary","En_2020_21":416,"En_2021_22":392,"Ch_In_18":0,"Ch_In_19":11.2,"Ch_In_20":11.54,"Ch_In_21":0,"Ch_Out_18":0,"Ch_Out_19":10.27,"Ch_Out_20":9.36,"Ch_Out_21":0,"En_2022_23":392,"En_2023_24":350,"En_2024_25":358}},{"type":"Feature","id":18,"geometry":{"type":"Point","coordinates":[-104.983080841344,40.5325422844351]},"properties":{"FID":18,"OBJECTID":18,"ShortName":"Timnath","Full_Name":"Timnath Elementary","Long_Name":"TIMNATH ELEMENTARY","ADDRESS":"3909 Main Street","City":"Timnath","State":"CO","Zip":"80547","School_Bas":"Home","SchoolType":"ES","Program":" ","CDE":"8852","BldgID":91870,"LocCode":"187","GradeConfi":"K-5","ArticArea":"Fossil Ridge","Yr_Built":1919,"Yr_Remod":2002,"Modulars":0,"Phone":"970-488-6825","EMGNCY_PWR":"Y","Capacity":525,"Capacity_M":475,"Capacity_1":475,"Utilizatio":0.754286,"Utiliz_Mod":0.833684,"Utiliz_M_1":0.833684,"En_2005_06":515,"En_2006_07":559,"En_2007_08":577,"En_2008_09":427,"En_2009_10":320,"En_2010_11":303,"En_2011_12":300,"En_2012_13":302,"En_2013_14":299,"En_2014_15":305,"En_2015_16":302,"En_2016_17":350,"En_2017_18":343,"Temp_Txt":" ","Notes":" ","Ch_In_13":13.6999998093,"Ch_In_14":13.1999998093,"Ch_In_15":6.30000019073,"Ch_In_16":2.59999990463,"Ch_In_17":0,"Ch_Out_13":43.7999992371,"Ch_Out_14":41,"Ch_Out_15":38.2000007629,"Ch_Out_16":32.2999992371,"Ch_Out_17":0,"Bld_SqFtOr":42014,"Bld_SqFtTo":66232,"Parking_Re":81,"Parking_Ad":4,"S_Asphalt":64234,"S_Concrete":9998,"F_Baseball":2,"F_Basketba":6,"F_Football":0,"F_Soccer":0,"F_Tennis":0,"F_Track":0,"F_Notes":" ","S_Area_Mai":9.90999984741,"S_Area_Tur":5.57999992371,"S_Area_Tot":10.970000267,"S_BikeRack":0,"DecadeBuil":1910,"FullAddres":"3909 Main Street, Timnath, CO, 80547","GreatSchoo":0,"L_Size":0,"L_Acquired":" ","L_OrigPric":" ","En_2018_19":396,"En_2019_20":424,"Full_Name_":"Timnath Elementary","En_2020_21":403,"En_2021_22":392,"Ch_In_18":0,"Ch_In_19":2.36,"Ch_In_20":2.23,"Ch_In_21":0,"Ch_Out_18":0,"Ch_Out_19":25.67,"Ch_Out_20":25.24,"Ch_Out_21":0,"En_2022_23":415,"En_2023_24":438,"En_2024_25":427}},{"type":"Feature","id":19,"geometry":{"type":"Point","coordinates":[-105.144373573276,40.6266703186825]},"properties":{"FID":19,"OBJECTID":19,"ShortName":"Cache La Poudre","Full_Name":"Cache La Poudre Middle","Long_Name":"CACHE LA POUDRE MIDDLE","ADDRESS":"3511 N Us Hwy 287","City":"Laporte","State":"CO","Zip":"80535","School_Bas":"Home","SchoolType":"MS","Program":"IB","CDE":"1190","BldgID":92300,"LocCode":"230","GradeConfi":"6-8","ArticArea":"Poudre","Yr_Built":1949,"Yr_Remod":2015,"Modulars":0,"Phone":"970-488-7600","EMGNCY_PWR":"Y","Capacity":456,"Capacity_M":456,"Capacity_1":556,"Utilizatio":0.894737,"Utiliz_Mod":0.894737,"Utiliz_M_1":0.733813,"En_2005_06":0,"En_2006_07":0,"En_2007_08":0,"En_2008_09":0,"En_2009_10":0,"En_2010_11":0,"En_2011_12":0,"En_2012_13":322,"En_2013_14":304,"En_2014_15":301,"En_2015_16":324,"En_2016_17":303,"En_2017_18":323,"Temp_Txt":" ","Notes":" ","Ch_In_13":20.7000007629,"Ch_In_14":17.6000003815,"Ch_In_15":24,"Ch_In_16":23.2999992371,"Ch_In_17":0,"Ch_Out_13":42.2000007629,"Ch_Out_14":38.2999992371,"Ch_Out_15":31.3999996185,"Ch_Out_16":30.2000007629,"Ch_Out_17":0,"Bld_SqFtOr":37080,"Bld_SqFtTo":73913,"Parking_Re":78,"Parking_Ad":4,"S_Asphalt":86428,"S_Concrete":8204,"F_Baseball":2,"F_Basketba":0,"F_Football":1,"F_Soccer":0,"F_Tennis":2,"F_Track":1,"F_Notes":"Football & Soccer are shared","S_Area_Mai":23.7,"S_Area_Tur":0,"S_Area_Tot":25.3099,"S_BikeRack":0,"DecadeBuil":1940,"FullAddres":"3511 N Us Hwy 287, Laporte, CO, 80535","GreatSchoo":0,"L_Size":0,"L_Acquired":" ","L_OrigPric":" ","En_2018_19":310,"En_2019_20":335,"Full_Name_":"Cache La Poudre Middle","En_2020_21":331,"En_2021_22":330,"Ch_In_18":0,"Ch_In_19":30.15,"Ch_In_20":34.14,"Ch_In_21":0,"Ch_Out_18":0,"Ch_Out_19":15.52,"Ch_Out_20":17.42,"Ch_Out_21":0,"En_2022_23":324,"En_2023_24":298,"En_2024_25":280}},{"type":"Feature","id":20,"geometry":{"type":"Point","coordinates":[-105.143072095706,40.626610978691]},"properties":{"FID":20,"OBJECTID":20,"ShortName":"Cache La Poudre","Full_Name":"Cache La Poudre Elementary","Long_Name":"CACHE LA POUDRE ELEMENTARY","ADDRESS":"3511 County Road 54G","City":"Laporte","State":"CO","Zip":"80535","School_Bas":"Home","SchoolType":"ES","Program":"IB","CDE":"1186","BldgID":91150,"LocCode":"115","GradeConfi":"K-5","ArticArea":"Poudre","Yr_Built":1963,"Yr_Remod":2015,"Modulars":0,"Phone":"970-488-7600","EMGNCY_PWR":"Y","Capacity":525,"Capacity_M":475,"Capacity_1":475,"Utilizatio":0.580952,"Utiliz_Mod":0.642105,"Utiliz_M_1":0.642105,"En_2005_06":400,"En_2006_07":388,"En_2007_08":371,"En_2008_09":366,"En_2009_10":296,"En_2010_11":288,"En_2011_12":313,"En_2012_13":299,"En_2013_14":314,"En_2014_15":293,"En_2015_16":313,"En_2016_17":313,"En_2017_18":317,"Temp_Txt":" ","Notes":" ","Ch_In_13":20.7000007629,"Ch_In_14":17.6000003815,"Ch_In_15":24,"Ch_In_16":23.2999992371,"Ch_In_17":0,"Ch_Out_13":42.2000007629,"Ch_Out_14":38.2999992371,"Ch_Out_15":31.3999996185,"Ch_Out_16":30.2000007629,"Ch_Out_17":0,"Bld_SqFtOr":14543,"Bld_SqFtTo":53193,"Parking_Re":54,"Parking_Ad":4,"S_Asphalt":48600,"S_Concrete":6000,"F_Baseball":1,"F_Basketba":8,"F_Football":0,"F_Soccer":1,"F_Tennis":0,"F_Track":0,"F_Notes":"Football & Soccer are shared","S_Area_Mai":24.0699996948,"S_Area_Tur":9.60000038147,"S_Area_Tot":25.3099994659,"S_BikeRack":0,"DecadeBuil":1960,"FullAddres":"3511 County Road 54G, Laporte, CO, 80535","GreatSchoo":0,"L_Size":0,"L_Acquired":" ","L_OrigPric":" ","En_2018_19":305,"En_2019_20":328,"Full_Name_":"Cache La Poudre Elementary","En_2020_21":277,"En_2021_22":285,"Ch_In_18":0,"Ch_In_19":24.09,"Ch_In_20":28.52,"Ch_In_21":0,"Ch_Out_18":0,"Ch_Out_19":32.34,"Ch_Out_20":29.54,"Ch_Out_21":0,"En_2022_23":282,"En_2023_24":274,"En_2024_25":267}},{"type":"Feature","id":21,"geometry":{"type":"Point","coordinates":[-105.121740966241,40.5865325519592]},"properties":{"FID":21,"OBJECTID":21,"ShortName":"Poudre","Full_Name":"Poudre HS","Long_Name":"POUDRE HIGH SCHOOL","ADDRESS":"201 N Impala Dr","City":"Fort Collins","State":"CO","Zip":"80521","School_Bas":"Home","SchoolType":"HS","Program":" ","CDE":"7124","BldgID":93500,"LocCode":"350","GradeConfi":"9-12","ArticArea":"Poudre","Yr_Built":1962,"Yr_Remod":1995,"Modulars":9,"Phone":"970-488-6000","EMGNCY_PWR":"Y","Capacity":1658,"Capacity_M":1658,"Capacity_1":1883,"Utilizatio":1.05669,"Utiliz_Mod":1.05669,"Utiliz_M_1":0.93043,"En_2005_06":1797,"En_2006_07":1786,"En_2007_08":1725,"En_2008_09":1672,"En_2009_10":1888,"En_2010_11":1833,"En_2011_12":1781,"En_2012_13":1737,"En_2013_14":1756,"En_2014_15":1727,"En_2015_16":1840,"En_2016_17":1742,"En_2017_18":1764,"Temp_Txt":" ","Notes":" ","Ch_In_13":21.2000007629,"Ch_In_14":21.2999992371,"Ch_In_15":20.8999996185,"Ch_In_16":19.8999996185,"Ch_In_17":0,"Ch_Out_13":18.7000007629,"Ch_Out_14":18.6000003815,"Ch_Out_15":21.2000007629,"Ch_Out_16":18.7999992371,"Ch_Out_17":0,"Bld_SqFtOr":137950,"Bld_SqFtTo":274263,"Parking_Re":835,"Parking_Ad":11,"S_Asphalt":545303,"S_Concrete":101167,"F_Baseball":3,"F_Basketba":0,"F_Football":1,"F_Soccer":1,"F_Tennis":5,"F_Track":1,"F_Notes":" ","S_Area_Mai":56.3100013733,"S_Area_Tur":17.6000003815,"S_Area_Tot":62.4700012207,"S_BikeRack":0,"DecadeBuil":1960,"FullAddres":"201 N Impala Dr, Fort Collins, CO, 80521","GreatSchoo":4,"L_Size":0,"L_Acquired":" ","L_OrigPric":" ","En_2018_19":1752,"En_2019_20":1785,"Full_Name_":"Poudre HS","En_2020_21":1884,"En_2021_22":1859,"Ch_In_18":0,"Ch_In_19":14.59,"Ch_In_20":14.26,"Ch_In_21":0,"Ch_Out_18":0,"Ch_Out_19":18.85,"Ch_Out_20":18.59,"Ch_Out_21":0,"En_2022_23":1546,"En_2023_24":1482,"En_2024_25":1314}},{"type":"Feature","id":22,"geometry":{"type":"Point","coordinates":[-105.092204110285,40.5809073272102]},"properties":{"FID":22,"OBJECTID":22,"ShortName":"Dunn","Full_Name":"Dunn Elementary","Long_Name":"DUNN ELEMENTARY","ADDRESS":"501 S Washington Ave","City":"Fort Collins","State":"CO","Zip":"80521","School_Bas":"Home","SchoolType":"ES","Program":"IB","CDE":"2298","BldgID":91210,"LocCode":"121","GradeConfi":"K-5","ArticArea":"Poudre","Yr_Built":1949,"Yr_Remod":2016,"Modulars":2,"Phone":"970-488-4825","EMGNCY_PWR":"Y","Capacity":400,"Capacity_M":375,"Capacity_1":425,"Utilizatio":1.02,"Utiliz_Mod":1.088,"Utiliz_M_1":0.96,"En_2005_06":411,"En_2006_07":433,"En_2007_08":441,"En_2008_09":451,"En_2009_10":410,"En_2010_11":408,"En_2011_12":400,"En_2012_13":412,"En_2013_14":415,"En_2014_15":410,"En_2015_16":410,"En_2016_17":398,"En_2017_18":413,"Temp_Txt":" ","Notes":" ","Ch_In_13":51.7000007629,"Ch_In_14":50,"Ch_In_15":52.2000007629,"Ch_In_16":59.2999992371,"Ch_In_17":0,"Ch_Out_13":17.7999992371,"Ch_Out_14":12.8000001907,"Ch_Out_15":17.6000003815,"Ch_Out_16":19.3999996185,"Ch_Out_17":0,"Bld_SqFtOr":25930,"Bld_SqFtTo":45957,"Parking_Re":61,"Parking_Ad":3,"S_Asphalt":64468,"S_Concrete":8343,"F_Baseball":0,"F_Basketba":8,"F_Football":0,"F_Soccer":1,"F_Tennis":0,"F_Track":0,"F_Notes":" ","S_Area_Mai":4.32000017166,"S_Area_Tur":2.11999988556,"S_Area_Tot":5.38000011444,"S_BikeRack":0,"DecadeBuil":1940,"FullAddres":"501 S Washington Ave, Fort Collins, CO, 80521","GreatSchoo":7,"L_Size":0,"L_Acquired":" ","L_OrigPric":" ","En_2018_19":408,"En_2019_20":409,"Full_Name_":"Dunn Elementary","En_2020_21":378,"En_2021_22":383,"Ch_In_18":0,"Ch_In_19":60.88,"Ch_In_20":61.34,"Ch_In_21":0,"Ch_Out_18":0,"Ch_Out_19":18.37,"Ch_Out_20":16.09,"Ch_Out_21":0,"En_2022_23":389,"En_2023_24":393,"En_2024_25":392}},{"type":"Feature","id":23,"geometry":{"type":"Point","coordinates":[-105.072897807611,40.5784319421112]},"properties":{"FID":23,"OBJECTID":23,"ShortName":"Centennial","Full_Name":"Centennial HS","Long_Name":"CENTENNIAL SR HIGH","ADDRESS":"330 E Laurel St","City":"Fort Collins","State":"CO","Zip":"80524","School_Bas":"Option","SchoolType":"Option","Program":" ","CDE":"3760","BldgID":93300,"LocCode":"330","GradeConfi":"7-12","ArticArea":"Districtwide","Yr_Built":1907,"Yr_Remod":2004,"Modulars":0,"Phone":"970-488-4940","EMGNCY_PWR":"Y","Capacity":250,"Capacity_M":250,"Capacity_1":250,"Utilizatio":0.476,"Utiliz_Mod":0.476,"Utiliz_M_1":0.476,"En_2005_06":100,"En_2006_07":113,"En_2007_08":127,"En_2008_09":146,"En_2009_10":136,"En_2010_11":150,"En_2011_12":145,"En_2012_13":146,"En_2013_14":139,"En_2014_15":132,"En_2015_16":149,"En_2016_17":150,"En_2017_18":128,"Temp_Txt":" ","Notes":" ","Ch_In_13":0,"Ch_In_14":0,"Ch_In_15":0,"Ch_In_16":0,"Ch_In_17":0,"Ch_Out_13":0,"Ch_Out_14":0,"Ch_Out_15":0,"Ch_Out_16":0,"Ch_Out_17":0,"Bld_SqFtOr":22446,"Bld_SqFtTo":39967,"Parking_Re":16,"Parking_Ad":0,"S_Asphalt":5022,"S_Concrete":93015,"F_Baseball":0,"F_Basketba":0,"F_Football":0,"F_Soccer":0,"F_Tennis":0,"F_Track":0,"F_Notes":" ","S_Area_Mai":1.02999997139,"S_Area_Tur":0.920000016689,"S_Area_Tot":1.70000004768,"S_BikeRack":0,"DecadeBuil":1900,"FullAddres":"330 E Laurel St, Fort Collins, CO, 80524","GreatSchoo":0,"L_Size":0,"L_Acquired":" ","L_OrigPric":" ","En_2018_19":119,"En_2019_20":107,"Full_Name_":"Centennial HS","En_2020_21":110,"En_2021_22":125,"Ch_In_18":0,"Ch_In_19":0,"Ch_In_20":0,"Ch_In_21":0,"Ch_Out_18":0,"Ch_Out_19":0,"Ch_Out_20":0,"Ch_Out_21":0,"En_2022_23":136,"En_2023_24":138,"En_2024_25":113}},{"type":"Feature","id":24,"geometry":{"type":"Point","coordinates":[-105.069527678586,40.5738856668663]},"properties":{"FID":24,"OBJECTID":24,"ShortName":"Harris","Full_Name":"Harris Elementary","Long_Name":"HARRIS BILINGUAL IMMERSION","ADDRESS":"501 Garfield St","City":"Fort Collins","State":"CO","Zip":"80524","School_Bas":"Option","SchoolType":"Option","Program":"Bilingual","CDE":"3787","BldgID":91120,"LocCode":"112","GradeConfi":"K-5","ArticArea":"Districtwide","Yr_Built":1919,"Yr_Remod":2002,"Modulars":0,"Phone":"970-488-5200","EMGNCY_PWR":"Y","Capacity":375,"Capacity_M":300,"Capacity_1":300,"Utilizatio":0.802667,"Utiliz_Mod":1.00333,"Utiliz_M_1":1.00333,"En_2005_06":324,"En_2006_07":332,"En_2007_08":336,"En_2008_09":351,"En_2009_10":300,"En_2010_11":291,"En_2011_12":288,"En_2012_13":291,"En_2013_14":289,"En_2014_15":296,"En_2015_16":296,"En_2016_17":290,"En_2017_18":297,"Temp_Txt":" ","Notes":" ","Ch_In_13":0,"Ch_In_14":0,"Ch_In_15":0,"Ch_In_16":0,"Ch_In_17":0,"Ch_Out_13":0,"Ch_Out_14":0,"Ch_Out_15":0,"Ch_Out_16":0,"Ch_Out_17":0,"Bld_SqFtOr":18015,"Bld_SqFtTo":38599,"Parking_Re":20,"Parking_Ad":1,"S_Asphalt":15004,"S_Concrete":12394,"F_Baseball":0,"F_Basketba":4,"F_Football":0,"F_Soccer":0,"F_Tennis":0,"F_Track":0,"F_Notes":" ","S_Area_Mai":2.05999994278,"S_Area_Tur":0.5,"S_Area_Tot":2.5,"S_BikeRack":0,"DecadeBuil":1910,"FullAddres":"501 Garfield St, Fort Collins, CO, 80524","GreatSchoo":6,"L_Size":0,"L_Acquired":" ","L_OrigPric":" ","En_2018_19":301,"En_2019_20":310,"Full_Name_":"Harris Elementary","En_2020_21":302,"En_2021_22":298,"Ch_In_18":0,"Ch_In_19":0,"Ch_In_20":0,"Ch_In_21":0,"Ch_Out_18":0,"Ch_Out_19":0,"Ch_Out_20":0,"Ch_Out_21":0,"En_2022_23":299,"En_2023_24":292,"En_2024_25":295}},{"type":"Feature","id":25,"geometry":{"type":"Point","coordinates":[-105.066182237584,40.5685909409692]},"properties":{"FID":25,"OBJECTID":25,"ShortName":"Lesher","Full_Name":"Lesher Middle","Long_Name":"LESHER MIDDLE SCHOOL","ADDRESS":"1400 Stover St","City":"Fort Collins","State":"CO","Zip":"80524","School_Bas":"Home","SchoolType":"MS","Program":"IB","CDE":"5068","BldgID":92400,"LocCode":"240","GradeConfi":"6-8","ArticArea":"Fort Collins","Yr_Built":1960,"Yr_Remod":2014,"Modulars":0,"Phone":"970-472-3800","EMGNCY_PWR":"Y","Capacity":792,"Capacity_M":762,"Capacity_1":762,"Utilizatio":0.972222,"Utiliz_Mod":1.0105,"Utiliz_M_1":1.0105,"En_2005_06":546,"En_2006_07":583,"En_2007_08":620,"En_2008_09":613,"En_2009_10":665,"En_2010_11":683,"En_2011_12":693,"En_2012_13":746,"En_2013_14":733,"En_2014_15":766,"En_2015_16":754,"En_2016_17":768,"En_2017_18":761,"Temp_Txt":" ","Notes":" ","Ch_In_13":47.2999992371,"Ch_In_14":43.5999984741,"Ch_In_15":40.4000015259,"Ch_In_16":38.2999992371,"Ch_In_17":0,"Ch_Out_13":28.2999992371,"Ch_Out_14":26.3999996185,"Ch_Out_15":24.3999996185,"Ch_Out_16":22.7999992371,"Ch_Out_17":0,"Bld_SqFtOr":54775,"Bld_SqFtTo":93686,"Parking_Re":66,"Parking_Ad":4,"S_Asphalt":60746,"S_Concrete":18328,"F_Baseball":2,"F_Basketba":0,"F_Football":1,"F_Soccer":0,"F_Tennis":1,"F_Track":0,"F_Notes":" ","S_Area_Mai":5.96000003815,"S_Area_Tur":4.71000003815,"S_Area_Tot":8.10999965668,"S_BikeRack":0,"DecadeBuil":1960,"FullAddres":"1400 Stover St, Fort Collins, CO, 80524","GreatSchoo":4,"L_Size":0,"L_Acquired":" ","L_OrigPric":" ","En_2018_19":770,"En_2019_20":791,"Full_Name_":"Lesher Middle","En_2020_21":799,"En_2021_22":777,"Ch_In_18":0,"Ch_In_19":28.82,"Ch_In_20":28.79,"Ch_In_21":0,"Ch_Out_18":0,"Ch_Out_19":19.46,"Ch_Out_20":17.54,"Ch_Out_21":0,"En_2022_23":723,"En_2023_24":769,"En_2024_25":765}},{"type":"Feature","id":26,"geometry":{"type":"Point","coordinates":[-105.121527731211,40.5668741576594]},"properties":{"FID":26,"OBJECTID":26,"ShortName":"Bauder","Full_Name":"Bauder Elementary","Long_Name":"BAUDER ELEMENTARY","ADDRESS":"2345 W Prospect Rd","City":"Fort Collins","State":"CO","Zip":"80526","School_Bas":"Home","SchoolType":"ES","Program":" ","CDE":"0612","BldgID":91030,"LocCode":"103","GradeConfi":"K-5","ArticArea":"Rocky Mountain","Yr_Built":1968,"Yr_Remod":2013,"Modulars":0,"Phone":"970-488-4150","EMGNCY_PWR":"Y","Capacity":700,"Capacity_M":625,"Capacity_1":625,"Utilizatio":0.742857,"Utiliz_Mod":0.832,"Utiliz_M_1":0.832,"En_2005_06":360,"En_2006_07":336,"En_2007_08":332,"En_2008_09":368,"En_2009_10":322,"En_2010_11":546,"En_2011_12":539,"En_2012_13":523,"En_2013_14":535,"En_2014_15":520,"En_2015_16":496,"En_2016_17":494,"En_2017_18":501,"Temp_Txt":" ","Notes":" ","Ch_In_13":27.5,"Ch_In_14":23.6000003815,"Ch_In_15":24,"Ch_In_16":22.7000007629,"Ch_In_17":22.7,"Ch_Out_13":41.7999992371,"Ch_Out_14":37.5,"Ch_Out_15":36,"Ch_Out_16":35.4000015259,"Ch_Out_17":35.4,"Bld_SqFtOr":30181,"Bld_SqFtTo":63156,"Parking_Re":85,"Parking_Ad":4,"S_Asphalt":79135,"S_Concrete":8168,"F_Baseball":2,"F_Basketba":6,"F_Football":0,"F_Soccer":0,"F_Tennis":0,"F_Track":0,"F_Notes":" ","S_Area_Mai":9.51000022888,"S_Area_Tur":5.80000019073,"S_Area_Tot":10.9600000381,"S_BikeRack":88,"DecadeBuil":1960,"FullAddres":"2345 W Prospect Rd, Fort Collins, CO, 80526","GreatSchoo":5,"L_Size":0,"L_Acquired":" ","L_OrigPric":" ","En_2018_19":520,"En_2019_20":526,"Full_Name_":"Bauder Elementary","En_2020_21":473,"En_2021_22":476,"Ch_In_18":0,"Ch_In_19":17.11,"Ch_In_20":17.34,"Ch_In_21":0,"Ch_Out_18":0,"Ch_Out_19":35.22,"Ch_Out_20":33.05,"Ch_Out_21":0,"En_2022_23":450,"En_2023_24":397,"En_2024_25":401}},{"type":"Feature","id":27,"geometry":{"type":"Point","coordinates":[-105.067033123434,40.5665642994443]},"properties":{"FID":27,"OBJECTID":27,"ShortName":"PGA","Full_Name":"PSD Global Academy","Long_Name":"BARTON EARLY CHILDHOOD CENTER","ADDRESS":"703 E Prospect Rd","City":"Fort Collins","State":"CO","Zip":"80525","School_Bas":"Preschool","SchoolType":"PreK","Program":" ","CDE":" ","BldgID":91980,"LocCode":"198","GradeConfi":"PreK","ArticArea":"Districtwide","Yr_Built":1957,"Yr_Remod":1982,"Modulars":0,"Phone":" ","EMGNCY_PWR":"Y","Capacity":0,"Capacity_M":0,"Capacity_1":0,"Utilizatio":0,"Utiliz_Mod":0,"Utiliz_M_1":0,"En_2005_06":0,"En_2006_07":0,"En_2007_08":0,"En_2008_09":0,"En_2009_10":0,"En_2010_11":0,"En_2011_12":0,"En_2012_13":0,"En_2013_14":0,"En_2014_15":0,"En_2015_16":0,"En_2016_17":0,"En_2017_18":0,"Temp_Txt":" ","Notes":" ","Ch_In_13":0,"Ch_In_14":0,"Ch_In_15":0,"Ch_In_16":0,"Ch_In_17":0,"Ch_Out_13":0,"Ch_Out_14":0,"Ch_Out_15":0,"Ch_Out_16":0,"Ch_Out_17":0,"Bld_SqFtOr":26541,"Bld_SqFtTo":30530,"Parking_Re":0,"Parking_Ad":0,"S_Asphalt":66500,"S_Concrete":4192,"F_Baseball":0,"F_Basketba":0,"F_Football":0,"F_Soccer":0,"F_Tennis":0,"F_Track":0,"F_Notes":" ","S_Area_Mai":3.52999997139,"S_Area_Tur":1.34000003338,"S_Area_Tot":4.23000001907,"S_BikeRack":56,"DecadeBuil":1950,"FullAddres":"703 E Prospect Rd, Fort Collins, CO, 80525","GreatSchoo":0,"L_Size":0,"L_Acquired":" ","L_OrigPric":" ","En_2018_19":0,"En_2019_20":0,"Full_Name_":"Poudre Global Academy","En_2020_21":0,"En_2021_22":0,"Ch_In_18":0,"Ch_In_19":0,"Ch_In_20":0,"Ch_In_21":0,"Ch_Out_18":0,"Ch_Out_19":0,"Ch_Out_20":0,"Ch_Out_21":0,"En_2022_23":null,"En_2023_24":null,"En_2024_25":null}},{"type":"Feature","id":28,"geometry":{"type":"Point","coordinates":[-105.116120122128,40.5594144537278]},"properties":{"FID":28,"OBJECTID":28,"ShortName":"Blevins","Full_Name":"Blevins Middle","Long_Name":"BLEVINS MIDDLE SCHOOL","ADDRESS":"2101 S Taft Hill Rd","City":"Fort Collins","State":"CO","Zip":"80526","School_Bas":"Home","SchoolType":"MS","Program":" ","CDE":"0892","BldgID":92100,"LocCode":"210","GradeConfi":"6-8","ArticArea":"Rocky Mountain","Yr_Built":1968,"Yr_Remod":1997,"Modulars":0,"Phone":"970-488-4000","EMGNCY_PWR":"Y","Capacity":840,"Capacity_M":840,"Capacity_1":840,"Utilizatio":0.730952,"Utiliz_Mod":0.730952,"Utiliz_M_1":0.730952,"En_2005_06":518,"En_2006_07":529,"En_2007_08":538,"En_2008_09":551,"En_2009_10":550,"En_2010_11":526,"En_2011_12":511,"En_2012_13":505,"En_2013_14":545,"En_2014_15":557,"En_2015_16":598,"En_2016_17":582,"En_2017_18":649,"Temp_Txt":" ","Notes":" ","Ch_In_13":18.2000007629,"Ch_In_14":17,"Ch_In_15":14.1999998093,"Ch_In_16":16.5,"Ch_In_17":0,"Ch_Out_13":35.5999984741,"Ch_Out_14":32.9000015259,"Ch_Out_15":28.8999996185,"Ch_Out_16":30.3999996185,"Ch_Out_17":0,"Bld_SqFtOr":79208,"Bld_SqFtTo":104635,"Parking_Re":91,"Parking_Ad":4,"S_Asphalt":183875,"S_Concrete":1737,"F_Baseball":2,"F_Basketba":4,"F_Football":1,"F_Soccer":1,"F_Tennis":2,"F_Track":1,"F_Notes":" ","S_Area_Mai":17.6000003815,"S_Area_Tur":11.5,"S_Area_Tot":20,"S_BikeRack":0,"DecadeBuil":1960,"FullAddres":"2101 S Taft Hill Rd, Fort Collins, CO, 80526","GreatSchoo":5,"L_Size":0,"L_Acquired":" ","L_OrigPric":" ","En_2018_19":614,"En_2019_20":627,"Full_Name_":"Blevins Middle","En_2020_21":553,"En_2021_22":543,"Ch_In_18":0,"Ch_In_19":21.21,"Ch_In_20":19.35,"Ch_In_21":0,"Ch_Out_18":0,"Ch_Out_19":31.29,"Ch_Out_20":33.63,"Ch_Out_21":0,"En_2022_23":503,"En_2023_24":419,"En_2024_25":362}},{"type":"Feature","id":29,"geometry":{"type":"Point","coordinates":[-105.099596377946,40.5472409020787]},"properties":{"FID":29,"OBJECTID":29,"ShortName":"Rocky Mountain","Full_Name":"Rocky Mountain HS","Long_Name":"ROCKY MOUNTAIN SR HIGH","ADDRESS":"1300 W Swallow Rd","City":"Fort Collins","State":"CO","Zip":"80526","School_Bas":"Home","SchoolType":"HS","Program":" ","CDE":"7470","BldgID":93600,"LocCode":"360","GradeConfi":"7-12","ArticArea":"Rocky Mountain","Yr_Built":1973,"Yr_Remod":2004,"Modulars":0,"Phone":"970-488-7023","EMGNCY_PWR":"Y","Capacity":2053,"Capacity_M":2053,"Capacity_1":2053,"Utilizatio":0.977594,"Utiliz_Mod":0.977594,"Utiliz_M_1":0.977594,"En_2005_06":1719,"En_2006_07":1739,"En_2007_08":1741,"En_2008_09":1681,"En_2009_10":2084,"En_2010_11":2001,"En_2011_12":1954,"En_2012_13":1927,"En_2013_14":1934,"En_2014_15":1954,"En_2015_16":1971,"En_2016_17":1978,"En_2017_18":1975,"Temp_Txt":" ","Notes":" ","Ch_In_13":17.2000007629,"Ch_In_14":19.6000003815,"Ch_In_15":19.2999992371,"Ch_In_16":17.5,"Ch_In_17":0,"Ch_Out_13":15.1000003815,"Ch_Out_14":15.6000003815,"Ch_Out_15":16.2999992371,"Ch_Out_16":11.5,"Ch_Out_17":0,"Bld_SqFtOr":175559,"Bld_SqFtTo":291858,"Parking_Re":915,"Parking_Ad":19,"S_Asphalt":50000,"S_Concrete":120740,"F_Baseball":3,"F_Basketba":4,"F_Football":1,"F_Soccer":2,"F_Tennis":6,"F_Track":1,"F_Notes":" ","S_Area_Mai":41.4900016785,"S_Area_Tur":18.3999996185,"S_Area_Tot":48.1899986267,"S_BikeRack":282,"DecadeBuil":1970,"FullAddres":"1300 W Swallow Rd, Fort Collins, CO, 80526","GreatSchoo":6,"L_Size":0,"L_Acquired":" ","L_OrigPric":" ","En_2018_19":2007,"En_2019_20":1998,"Full_Name_":"Rocky Mountain HS","En_2020_21":2033,"En_2021_22":2056,"Ch_In_18":0,"Ch_In_19":15.5,"Ch_In_20":14.46,"Ch_In_21":0,"Ch_Out_18":0,"Ch_Out_19":11.18,"Ch_Out_20":12.13,"Ch_Out_21":0,"En_2022_23":2015,"En_2023_24":2001,"En_2024_25":1939}},{"type":"Feature","id":30,"geometry":{"type":"Point","coordinates":[-105.036898292336,40.5406958283509]},"properties":{"FID":30,"OBJECTID":30,"ShortName":"Fort Collins","Full_Name":"Fort Collins HS","Long_Name":"FORT COLLINS SR HIGH","ADDRESS":"3400 S Timberline Rd","City":"Fort Collins","State":"CO","Zip":"80525","School_Bas":"Home","SchoolType":"HS","Program":" ","CDE":"3046","BldgID":93400,"LocCode":"340","GradeConfi":"7-12","ArticArea":"Fort Collins","Yr_Built":1995,"Yr_Remod":2012,"Modulars":0,"Phone":"970-488-8021","EMGNCY_PWR":"Y","Capacity":1734,"Capacity_M":1734,"Capacity_1":1734,"Utilizatio":1.04498,"Utiliz_Mod":1.04498,"Utiliz_M_1":1.04498,"En_2005_06":1377,"En_2006_07":1226,"En_2007_08":1184,"En_2008_09":1137,"En_2009_10":1714,"En_2010_11":1661,"En_2011_12":1648,"En_2012_13":1553,"En_2013_14":1499,"En_2014_15":1599,"En_2015_16":1621,"En_2016_17":1682,"En_2017_18":1776,"Temp_Txt":" ","Notes":" ","Ch_In_13":25.1000003815,"Ch_In_14":26.6000003815,"Ch_In_15":24.7999992371,"Ch_In_16":25.6000003815,"Ch_In_17":0,"Ch_Out_13":32.5999984741,"Ch_Out_14":32.2999992371,"Ch_Out_15":30.3999996185,"Ch_Out_16":25.7999992371,"Ch_Out_17":0,"Bld_SqFtOr":285000,"Bld_SqFtTo":286552,"Parking_Re":978,"Parking_Ad":15,"S_Asphalt":489895,"S_Concrete":107661,"F_Baseball":3,"F_Basketba":0,"F_Football":1,"F_Soccer":2,"F_Tennis":6,"F_Track":1,"F_Notes":" ","S_Area_Mai":61.9000015259,"S_Area_Tur":28.3600006104,"S_Area_Tot":68,"S_BikeRack":0,"DecadeBuil":1990,"FullAddres":"3400 S Timberline Rd, Fort Collins, CO, 80525","GreatSchoo":6,"L_Size":0,"L_Acquired":" ","L_OrigPric":" ","En_2018_19":1812,"En_2019_20":1801,"Full_Name_":"Fort Collins HS","En_2020_21":1898,"En_2021_22":1935,"Ch_In_18":0,"Ch_In_19":20.59,"Ch_In_20":19.95,"Ch_In_21":0,"Ch_Out_18":0,"Ch_Out_19":17.13,"Ch_Out_20":17.04,"Ch_Out_21":0,"En_2022_23":1865,"En_2023_24":1859,"En_2024_25":1786}},{"type":"Feature","id":31,"geometry":{"type":"Point","coordinates":[-105.062528838918,40.5424843422801]},"properties":{"FID":31,"OBJECTID":31,"ShortName":"Boltz","Full_Name":"Boltz Middle","Long_Name":"BOLTZ MIDDLE SCHOOL","ADDRESS":"720 Boltz Dr","City":"Fort Collins","State":"CO","Zip":"80525","School_Bas":"Home","SchoolType":"MS","Program":" ","CDE":"0898","BldgID":92200,"LocCode":"220","GradeConfi":"6-8","ArticArea":"Fort Collins","Yr_Built":1972,"Yr_Remod":2003,"Modulars":0,"Phone":"970-472-3700","EMGNCY_PWR":"Y","Capacity":840,"Capacity_M":780,"Capacity_1":830,"Utilizatio":0.719048,"Utiliz_Mod":0.774359,"Utiliz_M_1":0.727711,"En_2005_06":770,"En_2006_07":686,"En_2007_08":649,"En_2008_09":636,"En_2009_10":641,"En_2010_11":592,"En_2011_12":570,"En_2012_13":542,"En_2013_14":614,"En_2014_15":623,"En_2015_16":580,"En_2016_17":589,"En_2017_18":590,"Temp_Txt":" ","Notes":" ","Ch_In_13":27.5,"Ch_In_14":26.5,"Ch_In_15":25.2000007629,"Ch_In_16":24.7999992371,"Ch_In_17":0,"Ch_Out_13":37.2999992371,"Ch_Out_14":31.7000007629,"Ch_Out_15":28,"Ch_Out_16":28.7000007629,"Ch_Out_17":0,"Bld_SqFtOr":67000,"Bld_SqFtTo":85120,"Parking_Re":143,"Parking_Ad":2,"S_Asphalt":135584,"S_Concrete":70211,"F_Baseball":2,"F_Basketba":0,"F_Football":1,"F_Soccer":1,"F_Tennis":2,"F_Track":1,"F_Notes":" ","S_Area_Mai":26.0699996948,"S_Area_Tur":20.2900009155,"S_Area_Tot":28.0200004578,"S_BikeRack":0,"DecadeBuil":1970,"FullAddres":"720 Boltz Dr, Fort Collins, CO, 80525","GreatSchoo":5,"L_Size":0,"L_Acquired":" ","L_OrigPric":" ","En_2018_19":604,"En_2019_20":627,"Full_Name_":"Boltz Middle","En_2020_21":645,"En_2021_22":621,"Ch_In_18":0,"Ch_In_19":21.69,"Ch_In_20":23.88,"Ch_In_21":0,"Ch_Out_18":0,"Ch_Out_19":21.69,"Ch_Out_20":20.81,"Ch_Out_21":0,"En_2022_23":579,"En_2023_24":564,"En_2024_25":551}},{"type":"Feature","id":32,"geometry":{"type":"Point","coordinates":[-105.120665593273,40.5395530154922]},"properties":{"FID":32,"OBJECTID":32,"ShortName":"Olander","Full_Name":"Olander Elementary","Long_Name":"OLANDER ELEMENTARY","ADDRESS":"3401 Auntie Stone St","City":"Fort Collins","State":"CO","Zip":"80526","School_Bas":"Home","SchoolType":"ES","Program":" ","CDE":"6482","BldgID":91660,"LocCode":"166","GradeConfi":"K-5","ArticArea":"Rocky Mountain","Yr_Built":1990,"Yr_Remod":2013,"Modulars":0,"Phone":"970-488-8410","EMGNCY_PWR":"Y","Capacity":525,"Capacity_M":475,"Capacity_1":475,"Utilizatio":0.794286,"Utiliz_Mod":0.877895,"Utiliz_M_1":0.877895,"En_2005_06":418,"En_2006_07":395,"En_2007_08":390,"En_2008_09":382,"En_2009_10":347,"En_2010_11":367,"En_2011_12":419,"En_2012_13":446,"En_2013_14":427,"En_2014_15":431,"En_2015_16":430,"En_2016_17":429,"En_2017_18":409,"Temp_Txt":" ","Notes":" ","Ch_In_13":31.5,"Ch_In_14":34.7000007629,"Ch_In_15":34.7000007629,"Ch_In_16":32.5999984741,"Ch_In_17":0,"Ch_Out_13":23.7000007629,"Ch_Out_14":22.6000003815,"Ch_Out_15":23,"Ch_Out_16":18.7999992371,"Ch_Out_17":0,"Bld_SqFtOr":51384,"Bld_SqFtTo":51384,"Parking_Re":73,"Parking_Ad":6,"S_Asphalt":63130,"S_Concrete":43200,"F_Baseball":2,"F_Basketba":12,"F_Football":0,"F_Soccer":0,"F_Tennis":0,"F_Track":0,"F_Notes":" ","S_Area_Mai":8.81999969482,"S_Area_Tur":4.90000009537,"S_Area_Tot":10,"S_BikeRack":0,"DecadeBuil":1990,"FullAddres":"3401 Auntie Stone St, Fort Collins, CO, 80526","GreatSchoo":7,"L_Size":0,"L_Acquired":" ","L_OrigPric":" ","En_2018_19":417,"En_2019_20":399,"Full_Name_":"Olander Elementary","En_2020_21":339,"En_2021_22":339,"Ch_In_18":0,"Ch_In_19":36.09,"Ch_In_20":35.99,"Ch_In_21":0,"Ch_Out_18":0,"Ch_Out_19":22.49,"Ch_Out_20":23.86,"Ch_Out_21":0,"En_2022_23":316,"En_2023_24":323,"En_2024_25":294}},{"type":"Feature","id":33,"geometry":{"type":"Point","coordinates":[-105.031386998399,40.5324859541326]},"properties":{"FID":33,"OBJECTID":33,"ShortName":"Linton","Full_Name":"Linton Elementary","Long_Name":"LINTON ELEMENTARY","ADDRESS":"4100 Caribou Dr","City":"Fort Collins","State":"CO","Zip":"80525","School_Bas":"Home","SchoolType":"ES","Program":" ","CDE":"5196","BldgID":91450,"LocCode":"145","GradeConfi":"K-5","ArticArea":"Fort Collins","Yr_Built":1988,"Yr_Remod":2013,"Modulars":2,"Phone":"970-488-5850","EMGNCY_PWR":"Y","Capacity":525,"Capacity_M":450,"Capacity_1":500,"Utilizatio":0.782857,"Utiliz_Mod":0.913333,"Utiliz_M_1":0.822,"En_2005_06":510,"En_2006_07":503,"En_2007_08":488,"En_2008_09":500,"En_2009_10":415,"En_2010_11":447,"En_2011_12":439,"En_2012_13":430,"En_2013_14":420,"En_2014_15":446,"En_2015_16":449,"En_2016_17":430,"En_2017_18":406,"Temp_Txt":" ","Notes":" ","Ch_In_13":13.8000001907,"Ch_In_14":14,"Ch_In_15":11.1000003815,"Ch_In_16":9.30000019073,"Ch_In_17":0,"Ch_Out_13":26.7000007629,"Ch_Out_14":15.3999996185,"Ch_Out_15":23,"Ch_Out_16":24,"Ch_Out_17":0,"Bld_SqFtOr":51384,"Bld_SqFtTo":51384,"Parking_Re":69,"Parking_Ad":2,"S_Asphalt":96494,"S_Concrete":22976,"F_Baseball":1,"F_Basketba":12,"F_Football":0,"F_Soccer":0,"F_Tennis":0,"F_Track":0,"F_Notes":" ","S_Area_Mai":6.21999979019,"S_Area_Tur":2.76999998093,"S_Area_Tot":7.40000009537,"S_BikeRack":0,"DecadeBuil":1980,"FullAddres":"4100 Caribou Dr, Fort Collins, CO, 80525","GreatSchoo":5,"L_Size":0,"L_Acquired":" ","L_OrigPric":" ","En_2018_19":411,"En_2019_20":384,"Full_Name_":"Linton Elementary","En_2020_21":339,"En_2021_22":337,"Ch_In_18":0,"Ch_In_19":7.55,"Ch_In_20":11.21,"Ch_In_21":0,"Ch_Out_18":0,"Ch_Out_19":31.33,"Ch_Out_20":35.13,"Ch_Out_21":0,"En_2022_23":302,"En_2023_24":266,"En_2024_25":265}},{"type":"Feature","id":34,"geometry":{"type":"Point","coordinates":[-105.103478894841,40.5303426125183]},"properties":{"FID":34,"OBJECTID":34,"ShortName":"Johnson","Full_Name":"Johnson Elementary","Long_Name":"JOHNSON ELEMENTARY","ADDRESS":"4101 Seneca St","City":"Fort Collins","State":"CO","Zip":"80526","School_Bas":"Home","SchoolType":"ES","Program":" ","CDE":"4456","BldgID":91330,"LocCode":"133","GradeConfi":"K-5","ArticArea":"Rocky Mountain","Yr_Built":1988,"Yr_Remod":2012,"Modulars":0,"Phone":"970-488-5000","EMGNCY_PWR":"Y","Capacity":625,"Capacity_M":575,"Capacity_1":575,"Utilizatio":0.6384,"Utiliz_Mod":0.693913,"Utiliz_M_1":0.693913,"En_2005_06":502,"En_2006_07":489,"En_2007_08":489,"En_2008_09":502,"En_2009_10":480,"En_2010_11":452,"En_2011_12":454,"En_2012_13":420,"En_2013_14":413,"En_2014_15":419,"En_2015_16":405,"En_2016_17":401,"En_2017_18":388,"Temp_Txt":" ","Notes":" ","Ch_In_13":27.6000003815,"Ch_In_14":27.7999992371,"Ch_In_15":29.6000003815,"Ch_In_16":24.8999996185,"Ch_In_17":0,"Ch_Out_13":24.6000003815,"Ch_Out_14":25.1000003815,"Ch_Out_15":24.3999996185,"Ch_Out_16":22.2000007629,"Ch_Out_17":0,"Bld_SqFtOr":50360,"Bld_SqFtTo":56396,"Parking_Re":49,"Parking_Ad":4,"S_Asphalt":83569,"S_Concrete":23252,"F_Baseball":2,"F_Basketba":9,"F_Football":0,"F_Soccer":0,"F_Tennis":0,"F_Track":0,"F_Notes":" ","S_Area_Mai":9.52000045776,"S_Area_Tur":4.19999980927,"S_Area_Tot":10.8100004196,"S_BikeRack":0,"DecadeBuil":1980,"FullAddres":"4101 Seneca St, Fort Collins, CO, 80526","GreatSchoo":7,"L_Size":0,"L_Acquired":" ","L_OrigPric":" ","En_2018_19":399,"En_2019_20":403,"Full_Name_":"Johnson Elementary","En_2020_21":353,"En_2021_22":339,"Ch_In_18":0,"Ch_In_19":27.79,"Ch_In_20":29.18,"Ch_In_21":0,"Ch_Out_18":0,"Ch_Out_19":17.8,"Ch_Out_20":20.89,"Ch_Out_21":0,"En_2022_23":326,"En_2023_24":300,"En_2024_25":303}},{"type":"Feature","id":35,"geometry":{"type":"Point","coordinates":[-105.104919581577,40.5275635286322]},"properties":{"FID":35,"OBJECTID":35,"ShortName":"Webber","Full_Name":"Webber Middle","Long_Name":"WEBBER MIDDLE SCHOOL","ADDRESS":"4201 Seneca St","City":"Fort Collins","State":"CO","Zip":"80526","School_Bas":"Home","SchoolType":"MS","Program":" ","CDE":"9330","BldgID":92700,"LocCode":"270","GradeConfi":"6-8","ArticArea":"Rocky Mountain","Yr_Built":1990,"Yr_Remod":2005,"Modulars":2,"Phone":"970-488-7800","EMGNCY_PWR":"Y","Capacity":984,"Capacity_M":924,"Capacity_1":974,"Utilizatio":0.79065,"Utiliz_Mod":0.841991,"Utiliz_M_1":0.798768,"En_2005_06":866,"En_2006_07":833,"En_2007_08":831,"En_2008_09":831,"En_2009_10":793,"En_2010_11":761,"En_2011_12":762,"En_2012_13":791,"En_2013_14":799,"En_2014_15":804,"En_2015_16":786,"En_2016_17":814,"En_2017_18":809,"Temp_Txt":" ","Notes":" ","Ch_In_13":23.2999992371,"Ch_In_14":26.1000003815,"Ch_In_15":25.6000003815,"Ch_In_16":24.1000003815,"Ch_In_17":0,"Ch_Out_13":12.5,"Ch_Out_14":12,"Ch_Out_15":10.1000003815,"Ch_Out_16":11,"Ch_Out_17":0,"Bld_SqFtOr":110378,"Bld_SqFtTo":122787,"Parking_Re":0,"Parking_Ad":0,"S_Asphalt":0,"S_Concrete":0,"F_Baseball":2,"F_Basketba":0,"F_Football":1,"F_Soccer":0,"F_Tennis":0,"F_Track":1,"F_Notes":" ","S_Area_Mai":0,"S_Area_Tur":0,"S_Area_Tot":0,"S_BikeRack":0,"DecadeBuil":1990,"FullAddres":"4201 Seneca St, Fort Collins, CO, 80526","GreatSchoo":5,"L_Size":0,"L_Acquired":" ","L_OrigPric":" ","En_2018_19":778,"En_2019_20":805,"Full_Name_":"Webber Middle","En_2020_21":793,"En_2021_22":738,"Ch_In_18":0,"Ch_In_19":20.99,"Ch_In_20":23.08,"Ch_In_21":0,"Ch_Out_18":0,"Ch_Out_19":13.35,"Ch_Out_20":12.1,"Ch_Out_21":0,"En_2022_23":729,"En_2023_24":726,"En_2024_25":729}},{"type":"Feature","id":36,"geometry":{"type":"Point","coordinates":[-105.086603087875,40.5209952517656]},"properties":{"FID":36,"OBJECTID":36,"ShortName":"McGraw","Full_Name":"McGraw Elementary","Long_Name":"MCGRAW ELEMENTARY","ADDRESS":"4800 Hinsdale Dr","City":"Fort Collins","State":"CO","Zip":"80526","School_Bas":"Home","SchoolType":"ES","Program":"IB","CDE":"5688","BldgID":91540,"LocCode":"154","GradeConfi":"K-5","ArticArea":"Rocky Mountain","Yr_Built":1992,"Yr_Remod":0,"Modulars":0,"Phone":"970-488-8335","EMGNCY_PWR":"Y","Capacity":525,"Capacity_M":500,"Capacity_1":500,"Utilizatio":0.779048,"Utiliz_Mod":0.818,"Utiliz_M_1":0.818,"En_2005_06":475,"En_2006_07":496,"En_2007_08":519,"En_2008_09":524,"En_2009_10":462,"En_2010_11":494,"En_2011_12":466,"En_2012_13":477,"En_2013_14":475,"En_2014_15":473,"En_2015_16":452,"En_2016_17":441,"En_2017_18":421,"Temp_Txt":" ","Notes":" ","Ch_In_13":39.2000007629,"Ch_In_14":30.3999996185,"Ch_In_15":28.5,"Ch_In_16":22.7000007629,"Ch_In_17":0,"Ch_Out_13":26.5,"Ch_Out_14":23.2999992371,"Ch_Out_15":24.7000007629,"Ch_Out_16":20.2999992371,"Ch_Out_17":0,"Bld_SqFtOr":51384,"Bld_SqFtTo":51384,"Parking_Re":73,"Parking_Ad":2,"S_Asphalt":0,"S_Concrete":82593,"F_Baseball":1,"F_Basketba":7,"F_Football":0,"F_Soccer":0,"F_Tennis":0,"F_Track":0,"F_Notes":" ","S_Area_Mai":9.38000011444,"S_Area_Tur":2.29999995232,"S_Area_Tot":10.5600004196,"S_BikeRack":0,"DecadeBuil":1990,"FullAddres":"4800 Hinsdale Dr, Fort Collins, CO, 80526","GreatSchoo":0,"L_Size":0,"L_Acquired":" ","L_OrigPric":" ","En_2018_19":409,"En_2019_20":410,"Full_Name_":"McGraw Elementary","En_2020_21":364,"En_2021_22":382,"Ch_In_18":0,"Ch_In_19":25.12,"Ch_In_20":26.37,"Ch_In_21":0,"Ch_Out_18":0,"Ch_Out_19":18.35,"Ch_Out_20":17.54,"Ch_Out_21":0,"En_2022_23":371,"En_2023_24":359,"En_2024_25":349}},{"type":"Feature","id":37,"geometry":{"type":"Point","coordinates":[-105.025268682487,40.5185325200664]},"properties":{"FID":37,"OBJECTID":37,"ShortName":"Preston","Full_Name":"Preston Middle","Long_Name":"PRESTON MIDDLE SCHOOL","ADDRESS":"4901 Corbett Dr","City":"Fort Collins","State":"CO","Zip":"80528","School_Bas":"Home","SchoolType":"MS","Program":" ","CDE":"7161","BldgID":92600,"LocCode":"260","GradeConfi":"6-8","ArticArea":"Fossil Ridge","Yr_Built":1994,"Yr_Remod":2005,"Modulars":6,"Phone":"970-488-7300","EMGNCY_PWR":"Y","Capacity":960,"Capacity_M":960,"Capacity_1":1110,"Utilizatio":1.19479,"Utiliz_Mod":1.19479,"Utiliz_M_1":1.03333,"En_2005_06":908,"En_2006_07":810,"En_2007_08":810,"En_2008_09":775,"En_2009_10":746,"En_2010_11":753,"En_2011_12":889,"En_2012_13":1000,"En_2013_14":1058,"En_2014_15":1113,"En_2015_16":1095,"En_2016_17":1154,"En_2017_18":1146,"Temp_Txt":" ","Notes":" ","Ch_In_13":19.7999992371,"Ch_In_14":12.3000001907,"Ch_In_15":2.20000004768,"Ch_In_16":1.79999995232,"Ch_In_17":0,"Ch_Out_13":40.5999984741,"Ch_Out_14":37.5,"Ch_Out_15":34.9000015259,"Ch_Out_16":32.5,"Ch_Out_17":0,"Bld_SqFtOr":124500,"Bld_SqFtTo":127966,"Parking_Re":91,"Parking_Ad":6,"S_Asphalt":84545,"S_Concrete":10260,"F_Baseball":2,"F_Basketba":0,"F_Football":1,"F_Soccer":2,"F_Tennis":0,"F_Track":1,"F_Notes":" ","S_Area_Mai":22.7099990845,"S_Area_Tur":15.1300001144,"S_Area_Tot":25,"S_BikeRack":0,"DecadeBuil":1990,"FullAddres":"4901 Corbett Dr, Fort Collins, CO, 80528","GreatSchoo":6,"L_Size":0,"L_Acquired":" ","L_OrigPric":" ","En_2018_19":1147,"En_2019_20":1131,"Full_Name_":"Preston Middle","En_2020_21":1048,"En_2021_22":982,"Ch_In_18":0,"Ch_In_19":1.68,"Ch_In_20":1.91,"Ch_In_21":0,"Ch_Out_18":0,"Ch_Out_19":36.13,"Ch_Out_20":38.48,"Ch_Out_21":0,"En_2022_23":545,"En_2023_24":549,"En_2024_25":568}},{"type":"Feature","id":38,"geometry":{"type":"Point","coordinates":[-105.002033045099,40.7086754742907]},"properties":{"FID":38,"OBJECTID":38,"ShortName":"Eyestone South","Full_Name":"Eyestone South Elementary","Long_Name":"EYESTONE SOUTH ELEMENTARY SCHOOL","ADDRESS":"4001 Wilson Ave","City":"Wellington","State":"CO","Zip":"80549","School_Bas":"Home","SchoolType":"ES","Program":" ","CDE":"9374","BldgID":92800,"LocCode":"280","GradeConfi":"K-5","ArticArea":"Poudre","Yr_Built":1993,"Yr_Remod":2002,"Modulars":4,"Phone":"970-488-6600","EMGNCY_PWR":"Y","Capacity":456,"Capacity_M":426,"Capacity_1":701,"Utilizatio":1.24123,"Utiliz_Mod":1.32864,"Utiliz_M_1":0.807418,"En_2005_06":315,"En_2006_07":331,"En_2007_08":332,"En_2008_09":380,"En_2009_10":345,"En_2010_11":360,"En_2011_12":385,"En_2012_13":394,"En_2013_14":423,"En_2014_15":450,"En_2015_16":461,"En_2016_17":504,"En_2017_18":550,"Temp_Txt":" ","Notes":" ","Ch_In_13":5.90000009537,"Ch_In_14":5.59999990463,"Ch_In_15":7.59999990463,"Ch_In_16":5.59999990463,"Ch_In_17":0,"Ch_Out_13":14.8000001907,"Ch_Out_14":9.80000019073,"Ch_Out_15":9.19999980927,"Ch_Out_16":9.80000019073,"Ch_Out_17":0,"Bld_SqFtOr":30024,"Bld_SqFtTo":59556,"Parking_Re":45,"Parking_Ad":3,"S_Asphalt":35670,"S_Concrete":7440,"F_Baseball":0,"F_Basketba":0,"F_Football":1,"F_Soccer":0,"F_Tennis":2,"F_Track":0,"F_Notes":" ","S_Area_Mai":8.82999992371,"S_Area_Tur":5.30999994278,"S_Area_Tot":10.1999998093,"S_BikeRack":0,"DecadeBuil":1990,"FullAddres":"4001 Wilson Ave, Wellington, CO, 80549","GreatSchoo":6,"L_Size":0,"L_Acquired":" ","L_OrigPric":" ","En_2018_19":566,"En_2019_20":551,"Full_Name_":"Eyestone South Elementary","En_2020_21":531,"En_2021_22":517,"Ch_In_18":0,"Ch_In_19":0.36,"Ch_In_20":1.13,"Ch_In_21":0,"Ch_Out_18":0,"Ch_Out_19":11.17,"Ch_Out_20":10.56,"Ch_Out_21":0,"En_2022_23":555,"En_2023_24":534,"En_2024_25":524}},{"type":"Feature","id":39,"geometry":{"type":"Point","coordinates":[-105.001627125489,40.7103814565398]},"properties":{"FID":39,"OBJECTID":39,"ShortName":"Eyestone","Full_Name":"Eyestone Elementary","Long_Name":"EYESTONE ELEMENTARY","ADDRESS":"4000 Wilson Ave","City":"Wellington","State":"CO","Zip":"80549","School_Bas":"Home","SchoolType":"ES","Program":" ","CDE":"9370","BldgID":91240,"LocCode":"124","GradeConfi":"K-5","ArticArea":"Poudre","Yr_Built":1973,"Yr_Remod":2012,"Modulars":4,"Phone":"970-488-8600","EMGNCY_PWR":"Y","Capacity":700,"Capacity_M":650,"Capacity_1":650,"Utilizatio":0.855714,"Utiliz_Mod":0.921538,"Utiliz_M_1":0.921538,"En_2005_06":704,"En_2006_07":740,"En_2007_08":512,"En_2008_09":541,"En_2009_10":501,"En_2010_11":458,"En_2011_12":463,"En_2012_13":459,"En_2013_14":443,"En_2014_15":494,"En_2015_16":506,"En_2016_17":562,"En_2017_18":587,"Temp_Txt":" ","Notes":" ","Ch_In_13":8.30000019073,"Ch_In_14":7.59999990463,"Ch_In_15":5.90000009537,"Ch_In_16":5.69999980927,"Ch_In_17":0,"Ch_Out_13":27.3999996185,"Ch_Out_14":28.6000003815,"Ch_Out_15":30.1000003815,"Ch_Out_16":28.6000003815,"Ch_Out_17":0,"Bld_SqFtOr":25852,"Bld_SqFtTo":62708,"Parking_Re":79,"Parking_Ad":3,"S_Asphalt":45378,"S_Concrete":15655,"F_Baseball":3,"F_Basketba":6,"F_Football":0,"F_Soccer":0,"F_Tennis":0,"F_Track":0,"F_Notes":" ","S_Area_Mai":6.57000017166,"S_Area_Tur":2.67000007629,"S_Area_Tot":8.01000022888,"S_BikeRack":0,"DecadeBuil":1970,"FullAddres":"4000 Wilson Ave, Wellington, CO, 80549","GreatSchoo":5,"L_Size":0,"L_Acquired":" ","L_OrigPric":" ","En_2018_19":599,"En_2019_20":603,"Full_Name_":"Eyestone Elementary","En_2020_21":543,"En_2021_22":558,"Ch_In_18":0,"Ch_In_19":4.15,"Ch_In_20":5.34,"Ch_In_21":0,"Ch_Out_18":0,"Ch_Out_19":24.35,"Ch_Out_20":20.31,"Ch_Out_21":0,"En_2022_23":555,"En_2023_24":534,"En_2024_25":524}},{"type":"Feature","id":40,"geometry":{"type":"Point","coordinates":[-105.357705131465,40.619723801892]},"properties":{"FID":40,"OBJECTID":40,"ShortName":"Stove Prairie","Full_Name":"Stove Prairie Elementary","Long_Name":"STOVE PRAIRIE ELEMENTARY","ADDRESS":"3891 Stove Prairie Rd","City":"Bellvue","State":"CO","Zip":"80512","School_Bas":"Home","SchoolType":"ES","Program":" ","CDE":"8318","BldgID":91810,"LocCode":"181","GradeConfi":"K-5","ArticArea":"Poudre","Yr_Built":1896,"Yr_Remod":2005,"Modulars":0,"Phone":"970-488-6575","EMGNCY_PWR":"Y","Capacity":100,"Capacity_M":100,"Capacity_1":100,"Utilizatio":0.34,"Utiliz_Mod":0.34,"Utiliz_M_1":0.34,"En_2005_06":44,"En_2006_07":50,"En_2007_08":49,"En_2008_09":51,"En_2009_10":40,"En_2010_11":51,"En_2011_12":46,"En_2012_13":45,"En_2013_14":45,"En_2014_15":43,"En_2015_16":49,"En_2016_17":42,"En_2017_18":36,"Temp_Txt":" ","Notes":" ","Ch_In_13":43.5,"Ch_In_14":34.7999992371,"Ch_In_15":32.7000007629,"Ch_In_16":31,"Ch_In_17":0,"Ch_Out_13":10.3000001907,"Ch_Out_14":9.10000038147,"Ch_Out_15":15.3999996185,"Ch_Out_16":19.3999996185,"Ch_Out_17":0,"Bld_SqFtOr":920,"Bld_SqFtTo":7849,"Parking_Re":0,"Parking_Ad":0,"S_Asphalt":0,"S_Concrete":798,"F_Baseball":0,"F_Basketba":0,"F_Football":0,"F_Soccer":1,"F_Tennis":0,"F_Track":0,"F_Notes":" ","S_Area_Mai":2.74000000954,"S_Area_Tur":0,"S_Area_Tot":2.93000006676,"S_BikeRack":0,"DecadeBuil":1890,"FullAddres":"3891 Stove Prairie Rd, Bellvue, CO, 80512","GreatSchoo":0,"L_Size":0,"L_Acquired":" ","L_OrigPric":" ","En_2018_19":34,"En_2019_20":36,"Full_Name_":"Stove Prairie Elementary","En_2020_21":29,"En_2021_22":37,"Ch_In_18":0,"Ch_In_19":25,"Ch_In_20":31.03,"Ch_In_21":0,"Ch_Out_18":0,"Ch_Out_19":18.18,"Ch_Out_20":16.67,"Ch_Out_21":0,"En_2022_23":28,"En_2023_24":25,"En_2024_25":30}},{"type":"Feature","id":41,"geometry":{"type":"Point","coordinates":[-105.610533531998,40.7999887018317]},"properties":{"FID":41,"OBJECTID":41,"ShortName":"Red Feather","Full_Name":"Red Feather Elementary","Long_Name":"RED FEATHER ELEMENTARY","ADDRESS":"505 North Cr 73C","City":"Red Feather","State":"CO","Zip":"80545","School_Bas":"Home","SchoolType":"ES","Program":" ","CDE":"7290","BldgID":91720,"LocCode":"172","GradeConfi":"K-5","ArticArea":"Poudre","Yr_Built":1985,"Yr_Remod":1997,"Modulars":0,"Phone":"970-488-6550","EMGNCY_PWR":"Y","Capacity":100,"Capacity_M":75,"Capacity_1":75,"Utilizatio":0.45,"Utiliz_Mod":0.6,"Utiliz_M_1":0.6,"En_2005_06":49,"En_2006_07":47,"En_2007_08":40,"En_2008_09":34,"En_2009_10":35,"En_2010_11":31,"En_2011_12":27,"En_2012_13":24,"En_2013_14":36,"En_2014_15":36,"En_2015_16":41,"En_2016_17":43,"En_2017_18":38,"Temp_Txt":" ","Notes":" ","Ch_In_13":9.10000038147,"Ch_In_14":8.60000038147,"Ch_In_15":2.40000009537,"Ch_In_16":2.29999995232,"Ch_In_17":0,"Ch_Out_13":33.2999992371,"Ch_Out_14":23.7999992371,"Ch_Out_15":36.5,"Ch_Out_16":17.6000003815,"Ch_Out_17":0,"Bld_SqFtOr":6904,"Bld_SqFtTo":9001,"Parking_Re":0,"Parking_Ad":0,"S_Asphalt":0,"S_Concrete":2600,"F_Baseball":1,"F_Basketba":2,"F_Football":0,"F_Soccer":0,"F_Tennis":0,"F_Track":0,"F_Notes":" ","S_Area_Mai":9.78999996185,"S_Area_Tur":0,"S_Area_Tot":10,"S_BikeRack":0,"DecadeBuil":1980,"FullAddres":"505 North Cr 73C, Red Feather, CO, 80545","GreatSchoo":0,"L_Size":0,"L_Acquired":" ","L_OrigPric":" ","En_2018_19":45,"En_2019_20":44,"Full_Name_":"Red Feather Elementary","En_2020_21":41,"En_2021_22":43,"Ch_In_18":0,"Ch_In_19":4.55,"Ch_In_20":2.44,"Ch_In_21":0,"Ch_Out_18":0,"Ch_Out_19":26.32,"Ch_Out_20":24.53,"Ch_Out_21":0,"En_2022_23":35,"En_2023_24":32,"En_2024_25":22}},{"type":"Feature","id":42,"geometry":{"type":"Point","coordinates":[-105.015553618323,40.5144216316843]},"properties":{"FID":42,"OBJECTID":42,"ShortName":"Fossil Ridge","Full_Name":"Fossil Ridge HS","Long_Name":"FOSSIL RIDGE HIGH SCHOOL","ADDRESS":"5400 Zeigler Rd","City":"Fort Collins","State":"CO","Zip":"85026","School_Bas":"Home","SchoolType":"HS","Program":" ","CDE":"3105","BldgID":99710,"LocCode":"345","GradeConfi":"7-12","ArticArea":"Fossil Ridge","Yr_Built":2004,"Yr_Remod":0,"Modulars":0,"Phone":"970-488-6260","EMGNCY_PWR":"Y","Capacity":1964,"Capacity_M":1964,"Capacity_1":1964,"Utilizatio":1.03921,"Utiliz_Mod":1.03921,"Utiliz_M_1":1.03921,"En_2005_06":748,"En_2006_07":983,"En_2007_08":1059,"En_2008_09":1201,"En_2009_10":1743,"En_2010_11":1912,"En_2011_12":1953,"En_2012_13":2067,"En_2013_14":2085,"En_2014_15":1930,"En_2015_16":1970,"En_2016_17":1952,"En_2017_18":1992,"Temp_Txt":" ","Notes":" ","Ch_In_13":28.7000007629,"Ch_In_14":24.3999996185,"Ch_In_15":12.1000003815,"Ch_In_16":7.19999980927,"Ch_In_17":0,"Ch_Out_13":15.1999998093,"Ch_Out_14":14.6000003815,"Ch_Out_15":15.3000001907,"Ch_Out_16":13.3000001907,"Ch_Out_17":0,"Bld_SqFtOr":296375,"Bld_SqFtTo":296375,"Parking_Re":965,"Parking_Ad":22,"S_Asphalt":538866,"S_Concrete":281062,"F_Baseball":3,"F_Basketba":0,"F_Football":1,"F_Soccer":2,"F_Tennis":3,"F_Track":1,"F_Notes":" ","S_Area_Mai":87.7600021362,"S_Area_Tur":52.7999992371,"S_Area_Tot":93.9599990845,"S_BikeRack":0,"DecadeBuil":2000,"FullAddres":"5400 Zeigler Rd, Fort Collins, CO, 85026","GreatSchoo":8,"L_Size":0,"L_Acquired":" ","L_OrigPric":" ","En_2018_19":2041,"En_2019_20":2101,"Full_Name_":"Fossil Ridge HS","En_2020_21":2162,"En_2021_22":2236,"Ch_In_18":0,"Ch_In_19":1.96,"Ch_In_20":1.17,"Ch_In_21":0,"Ch_Out_18":0,"Ch_Out_19":11.65,"Ch_Out_20":11.35,"Ch_Out_21":0,"En_2022_23":2018,"En_2023_24":1935,"En_2024_25":1795}},{"type":"Feature","id":43,"geometry":{"type":"Point","coordinates":[-105.085041793675,40.5471584724083]},"properties":{"FID":43,"OBJECTID":43,"ShortName":"Beattie","Full_Name":"Beattie Elementary","Long_Name":"BEATTIE ELEMENTARY","ADDRESS":"300 Meadowlark Ave","City":"Fort Collins","State":"CO","Zip":"80526","School_Bas":"Home","SchoolType":"ES","Program":" ","CDE":"0678","BldgID":91060,"LocCode":"106","GradeConfi":"K-5","ArticArea":"Rocky Mountain","Yr_Built":1972,"Yr_Remod":2014,"Modulars":0,"Phone":"970-488-4225","EMGNCY_PWR":"Y","Capacity":525,"Capacity_M":500,"Capacity_1":500,"Utilizatio":0.554286,"Utiliz_Mod":0.582,"Utiliz_M_1":0.582,"En_2005_06":426,"En_2006_07":390,"En_2007_08":373,"En_2008_09":358,"En_2009_10":289,"En_2010_11":292,"En_2011_12":288,"En_2012_13":288,"En_2013_14":282,"En_2014_15":280,"En_2015_16":294,"En_2016_17":303,"En_2017_18":276,"Temp_Txt":" ","Notes":" ","Ch_In_13":30.5,"Ch_In_14":29.3999996185,"Ch_In_15":27.6000003815,"Ch_In_16":27.7000007629,"Ch_In_17":22.7,"Ch_Out_13":44.2999992371,"Ch_Out_14":43.0999984741,"Ch_Out_15":39.2999992371,"Ch_Out_16":37.5999984741,"Ch_Out_17":37.6,"Bld_SqFtOr":30444,"Bld_SqFtTo":45535,"Parking_Re":52,"Parking_Ad":1,"S_Asphalt":50760,"S_Concrete":11432,"F_Baseball":2,"F_Basketba":6,"F_Football":0,"F_Soccer":0,"F_Tennis":0,"F_Track":0,"F_Notes":" ","S_Area_Mai":11.9499998093,"S_Area_Tur":0.589999973774,"S_Area_Tot":13.0100002289,"S_BikeRack":88,"DecadeBuil":1970,"FullAddres":"300 Meadowlark Ave, Fort Collins, CO, 80526","GreatSchoo":4,"L_Size":0,"L_Acquired":" ","L_OrigPric":" ","En_2018_19":291,"En_2019_20":300,"Full_Name_":"Beattie Elementary","En_2020_21":280,"En_2021_22":265,"Ch_In_18":0,"Ch_In_19":23.33,"Ch_In_20":20,"Ch_In_21":0,"Ch_Out_18":0,"Ch_Out_19":37.33,"Ch_Out_20":34.12,"Ch_Out_21":0,"En_2022_23":276,"En_2023_24":255,"En_2024_25":243}},{"type":"Feature","id":44,"geometry":{"type":"Point","coordinates":[-105.022253968974,40.504288226329]},"properties":{"FID":44,"OBJECTID":44,"ShortName":"Kinard","Full_Name":"Kinard Middle","Long_Name":"KINARD MIDDLE SCHOOL","ADDRESS":"3002 E Trilby Rd","City":"Fort Collins","State":"CO","Zip":"80528","School_Bas":"Option","SchoolType":"Option","Program":"Core","CDE":"4698","BldgID":92350,"LocCode":"235","GradeConfi":"6-8","ArticArea":"Districtwide","Yr_Built":2006,"Yr_Remod":0,"Modulars":0,"Phone":"970-488-5400","EMGNCY_PWR":"Y","Capacity":864,"Capacity_M":864,"Capacity_1":864,"Utilizatio":0.956019,"Utiliz_Mod":0.956019,"Utiliz_M_1":0.956019,"En_2005_06":428,"En_2006_07":724,"En_2007_08":781,"En_2008_09":856,"En_2009_10":800,"En_2010_11":781,"En_2011_12":761,"En_2012_13":775,"En_2013_14":774,"En_2014_15":807,"En_2015_16":822,"En_2016_17":806,"En_2017_18":813,"Temp_Txt":" ","Notes":" ","Ch_In_13":0,"Ch_In_14":0,"Ch_In_15":0,"Ch_In_16":0,"Ch_In_17":0,"Ch_Out_13":0,"Ch_Out_14":0,"Ch_Out_15":0,"Ch_Out_16":0,"Ch_Out_17":0,"Bld_SqFtOr":112735,"Bld_SqFtTo":112735,"Parking_Re":112,"Parking_Ad":6,"S_Asphalt":128948,"S_Concrete":112997,"F_Baseball":2,"F_Basketba":0,"F_Football":1,"F_Soccer":0,"F_Tennis":0,"F_Track":1,"F_Notes":" ","S_Area_Mai":23.1599998474,"S_Area_Tur":13.8500003815,"S_Area_Tot":25,"S_BikeRack":0,"DecadeBuil":2000,"FullAddres":"3002 E Trilby Rd, Fort Collins, CO, 80528","GreatSchoo":8,"L_Size":0,"L_Acquired":" ","L_OrigPric":" ","En_2018_19":826,"En_2019_20":839,"Full_Name_":"Kinard Middle","En_2020_21":814,"En_2021_22":830,"Ch_In_18":0,"Ch_In_19":0,"Ch_In_20":0,"Ch_In_21":0,"Ch_Out_18":0,"Ch_Out_19":0,"Ch_Out_20":0,"Ch_Out_21":0,"En_2022_23":748,"En_2023_24":766,"En_2024_25":762}},{"type":"Feature","id":45,"geometry":{"type":"Point","coordinates":[-105.00354295896,40.6875315742831]},"properties":{"FID":45,"OBJECTID":45,"ShortName":"Rice","Full_Name":"Rice Elementary","Long_Name":"RICE ELEMENTARY","ADDRESS":"7000 3Rd Street","City":"Wellington","State":"CO","Zip":"80549","School_Bas":"Home","SchoolType":"ES","Program":" ","CDE":"7325","BldgID":91740,"LocCode":"174","GradeConfi":"K-5","ArticArea":"Poudre","Yr_Built":2007,"Yr_Remod":0,"Modulars":4,"Phone":"970-488-8700","EMGNCY_PWR":"Y","Capacity":575,"Capacity_M":500,"Capacity_1":500,"Utilizatio":0.772174,"Utiliz_Mod":0.888,"Utiliz_M_1":0.888,"En_2005_06":0,"En_2006_07":0,"En_2007_08":317,"En_2008_09":316,"En_2009_10":329,"En_2010_11":347,"En_2011_12":373,"En_2012_13":401,"En_2013_14":400,"En_2014_15":439,"En_2015_16":444,"En_2016_17":461,"En_2017_18":458,"Temp_Txt":" ","Notes":" ","Ch_In_13":35.9000015259,"Ch_In_14":36.7000007629,"Ch_In_15":36.9000015259,"Ch_In_16":34.9000015259,"Ch_In_17":0,"Ch_Out_13":18.1000003815,"Ch_Out_14":14.6000003815,"Ch_Out_15":12.5,"Ch_Out_16":10.1999998093,"Ch_Out_17":0,"Bld_SqFtOr":62691,"Bld_SqFtTo":62691,"Parking_Re":63,"Parking_Ad":5,"S_Asphalt":0,"S_Concrete":0,"F_Baseball":0,"F_Basketba":4,"F_Football":0,"F_Soccer":0,"F_Tennis":0,"F_Track":0,"F_Notes":" ","S_Area_Mai":17.4699993134,"S_Area_Tur":0,"S_Area_Tot":18.5300006866,"S_BikeRack":0,"DecadeBuil":2000,"FullAddres":"7000 3Rd Street, Wellington, CO, 80549","GreatSchoo":7,"L_Size":0,"L_Acquired":" ","L_OrigPric":" ","En_2018_19":444,"En_2019_20":439,"Full_Name_":"Rice Elementary","En_2020_21":400,"En_2021_22":475,"Ch_In_18":0,"Ch_In_19":22.55,"Ch_In_20":16.75,"Ch_In_21":0,"Ch_Out_18":0,"Ch_Out_19":11.69,"Ch_Out_20":11.2,"Ch_Out_21":0,"En_2022_23":455,"En_2023_24":424,"En_2024_25":401}},{"type":"Feature","id":46,"geometry":{"type":"Point","coordinates":[-104.950907083222,40.5146279923444]},"properties":{"FID":46,"OBJECTID":46,"ShortName":"Bethke","Full_Name":"Bethke Elementary","Long_Name":"BETHKE ELEMENTARY","ADDRESS":"5100 School House Drive","City":"Timnath","State":"CO","Zip":"80547","School_Bas":"Home","SchoolType":"ES","Program":" ","CDE":"0498","BldgID":91100,"LocCode":"110","GradeConfi":"K-5","ArticArea":"Fossil Ridge","Yr_Built":2008,"Yr_Remod":0,"Modulars":8,"Phone":"970-488-4300","EMGNCY_PWR":"Y","Capacity":575,"Capacity_M":575,"Capacity_1":725,"Utilizatio":1.11826,"Utiliz_Mod":1.11826,"Utiliz_M_1":0.886897,"En_2005_06":0,"En_2006_07":0,"En_2007_08":0,"En_2008_09":277,"En_2009_10":323,"En_2010_11":363,"En_2011_12":435,"En_2012_13":497,"En_2013_14":543,"En_2014_15":569,"En_2015_16":590,"En_2016_17":616,"En_2017_18":633,"Temp_Txt":" ","Notes":" ","Ch_In_13":34.0999984741,"Ch_In_14":26.5,"Ch_In_15":14.8999996185,"Ch_In_16":11.3999996185,"Ch_In_17":0,"Ch_Out_13":11.1000003815,"Ch_Out_14":11.1999998093,"Ch_Out_15":6.19999980927,"Ch_Out_16":5,"Ch_Out_17":0,"Bld_SqFtOr":62691,"Bld_SqFtTo":62691,"Parking_Re":96,"Parking_Ad":4,"S_Asphalt":43330,"S_Concrete":101154,"F_Baseball":0,"F_Basketba":4,"F_Football":0,"F_Soccer":0,"F_Tennis":0,"F_Track":0,"F_Notes":" ","S_Area_Mai":13.2399997711,"S_Area_Tur":3,"S_Area_Tot":14.3000001907,"S_BikeRack":0,"DecadeBuil":2000,"FullAddres":"5100 School House Drive, Timnath, CO, 80547","GreatSchoo":8,"L_Size":0,"L_Acquired":" ","L_OrigPric":" ","En_2018_19":643,"En_2019_20":638,"Full_Name_":"Bethke Elementary","En_2020_21":608,"En_2021_22":532,"Ch_In_18":0,"Ch_In_19":3.13,"Ch_In_20":2.3,"Ch_In_21":0,"Ch_Out_18":0,"Ch_Out_19":6.93,"Ch_Out_20":7.19,"Ch_Out_21":0,"En_2022_23":554,"En_2023_24":525,"En_2024_25":512}},{"type":"Feature","id":47,"geometry":{"type":"Point","coordinates":[-105.124364603826,40.5898228818657]},"properties":{"FID":47,"OBJECTID":47,"ShortName":"PCA","Full_Name":"Poudre Community Academy","Long_Name":"POUDRE COMMUNITY ACADEMY","ADDRESS":"2540 Laporte Avenue","City":"Fort Collins","State":"CO","Zip":"80521","School_Bas":"Option","SchoolType":"Option","Program":" ","CDE":"7127","BldgID":92550,"LocCode":"602","GradeConfi":"9-12","ArticArea":"Districtwide","Yr_Built":1906,"Yr_Remod":2004,"Modulars":8,"Phone":"970-490-3295","EMGNCY_PWR":"Y","Capacity":0,"Capacity_M":225,"Capacity_1":425,"Utilizatio":0,"Utiliz_Mod":0.8,"Utiliz_M_1":0.423529,"En_2005_06":0,"En_2006_07":0,"En_2007_08":0,"En_2008_09":0,"En_2009_10":41,"En_2010_11":50,"En_2011_12":67,"En_2012_13":74,"En_2013_14":65,"En_2014_15":74,"En_2015_16":90,"En_2016_17":107,"En_2017_18":147,"Temp_Txt":" ","Notes":"Used to be Poudre Transition Center","Ch_In_13":0,"Ch_In_14":0,"Ch_In_15":0,"Ch_In_16":0,"Ch_In_17":0,"Ch_Out_13":0,"Ch_Out_14":0,"Ch_Out_15":0,"Ch_Out_16":0,"Ch_Out_17":0,"Bld_SqFtOr":0,"Bld_SqFtTo":0,"Parking_Re":0,"Parking_Ad":0,"S_Asphalt":0,"S_Concrete":0,"F_Baseball":0,"F_Basketba":0,"F_Football":0,"F_Soccer":0,"F_Tennis":0,"F_Track":0,"F_Notes":" ","S_Area_Mai":0,"S_Area_Tur":0,"S_Area_Tot":0,"S_BikeRack":0,"DecadeBuil":1900,"FullAddres":"2540 Laporte Avenue, Fort Collins, CO, 80521","GreatSchoo":0,"L_Size":0,"L_Acquired":" ","L_OrigPric":" ","En_2018_19":180,"En_2019_20":213,"Full_Name_":"Poudre Community Academy","En_2020_21":251,"En_2021_22":235,"Ch_In_18":0,"Ch_In_19":0,"Ch_In_20":0,"Ch_In_21":0,"Ch_Out_18":0,"Ch_Out_19":0,"Ch_Out_20":0,"Ch_Out_21":0,"En_2022_23":218,"En_2023_24":200,"En_2024_25":127}},{"type":"Feature","id":48,"geometry":{"type":"Point","coordinates":[-105.222307352901,40.7944118797116]},"properties":{"FID":48,"OBJECTID":48,"ShortName":"Livermore","Full_Name":"Livermore Elementary","Long_Name":"LIVERMORE ELEMENTARY","ADDRESS":"360 Red Feather Lakes Rd","City":"Livermore","State":"CO","Zip":"80536","School_Bas":"Home","SchoolType":"ES","Program":" ","CDE":"5234","BldgID":91480,"LocCode":"148","GradeConfi":"K-5","ArticArea":"Poudre","Yr_Built":1953,"Yr_Remod":2002,"Modulars":0,"Phone":"970-488-6520","EMGNCY_PWR":"Y","Capacity":100,"Capacity_M":100,"Capacity_1":100,"Utilizatio":0.36,"Utiliz_Mod":0.36,"Utiliz_M_1":0.36,"En_2005_06":73,"En_2006_07":71,"En_2007_08":74,"En_2008_09":68,"En_2009_10":44,"En_2010_11":43,"En_2011_12":42,"En_2012_13":33,"En_2013_14":34,"En_2014_15":44,"En_2015_16":41,"En_2016_17":35,"En_2017_18":30,"Temp_Txt":" ","Notes":" ","Ch_In_13":14.6999998093,"Ch_In_14":15.3999996185,"Ch_In_15":36.5999984741,"Ch_In_16":25.7000007629,"Ch_In_17":0,"Ch_Out_13":23.7000007629,"Ch_Out_14":25.8999996185,"Ch_Out_15":27.7999992371,"Ch_Out_16":29.7000007629,"Ch_Out_17":0,"Bld_SqFtOr":3480,"Bld_SqFtTo":11292,"Parking_Re":0,"Parking_Ad":0,"S_Asphalt":3711,"S_Concrete":1551,"F_Baseball":0,"F_Basketba":2,"F_Football":0,"F_Soccer":1,"F_Tennis":0,"F_Track":0,"F_Notes":" ","S_Area_Mai":2.75,"S_Area_Tur":0,"S_Area_Tot":3.00999999046,"S_BikeRack":0,"DecadeBuil":1950,"FullAddres":"360 Red Feather Lakes Rd, Livermore, CO, 80536","GreatSchoo":0,"L_Size":0,"L_Acquired":" ","L_OrigPric":" ","En_2018_19":36,"En_2019_20":40,"Full_Name_":"Livermore Elementary","En_2020_21":31,"En_2021_22":29,"Ch_In_18":0,"Ch_In_19":25,"Ch_In_20":38.71,"Ch_In_21":0,"Ch_Out_18":0,"Ch_Out_19":25,"Ch_Out_20":32.14,"Ch_Out_21":0,"En_2022_23":36,"En_2023_24":38,"En_2024_25":36}},{"type":"Feature","id":49,"geometry":{"type":"Point","coordinates":[-105.028865769771,40.5188313329909]},"properties":{"FID":49,"OBJECTID":49,"ShortName":"Traut","Full_Name":"Traut Elementary","Long_Name":"TRAUT CORE KNOWLEDGE","ADDRESS":"2515 Timberwood Dr","City":"Fort Collins","State":"CO","Zip":"80528","School_Bas":"Option","SchoolType":"Option","Program":"Core","CDE":"9251","BldgID":91880,"LocCode":"188","GradeConfi":"K-5","ArticArea":"Districtwide","Yr_Built":1998,"Yr_Remod":2015,"Modulars":0,"Phone":"970-488-7500","EMGNCY_PWR":" ","Capacity":500,"Capacity_M":450,"Capacity_1":450,"Utilizatio":0.91,"Utiliz_Mod":1.01111,"Utiliz_M_1":1.01111,"En_2005_06":526,"En_2006_07":527,"En_2007_08":525,"En_2008_09":525,"En_2009_10":468,"En_2010_11":468,"En_2011_12":453,"En_2012_13":451,"En_2013_14":449,"En_2014_15":451,"En_2015_16":451,"En_2016_17":447,"En_2017_18":448,"Temp_Txt":" ","Notes":" ","Ch_In_13":0,"Ch_In_14":0,"Ch_In_15":0,"Ch_In_16":0,"Ch_In_17":0,"Ch_Out_13":0,"Ch_Out_14":0,"Ch_Out_15":0,"Ch_Out_16":0,"Ch_Out_17":0,"Bld_SqFtOr":50871,"Bld_SqFtTo":50871,"Parking_Re":165,"Parking_Ad":7,"S_Asphalt":144625,"S_Concrete":18825,"F_Baseball":0,"F_Basketba":10,"F_Football":0,"F_Soccer":0,"F_Tennis":0,"F_Track":0,"F_Notes":" ","S_Area_Mai":8.82999992371,"S_Area_Tur":2.73000001907,"S_Area_Tot":10,"S_BikeRack":0,"DecadeBuil":1990,"FullAddres":"2515 Timberwood Dr, Fort Collins, CO, 80528","GreatSchoo":8,"L_Size":0,"L_Acquired":" ","L_OrigPric":" ","En_2018_19":455,"En_2019_20":450,"Full_Name_":"Traut Elementary","En_2020_21":448,"En_2021_22":447,"Ch_In_18":0,"Ch_In_19":0,"Ch_In_20":0,"Ch_In_21":0,"Ch_Out_18":0,"Ch_Out_19":0,"Ch_Out_20":0,"Ch_Out_21":0,"En_2022_23":447,"En_2023_24":440,"En_2024_25":440}},{"type":"Feature","id":50,"geometry":{"type":"Point","coordinates":[-105.066759736535,40.5665632811479]},"properties":{"FID":50,"OBJECTID":50,"ShortName":"PSD Global","Full_Name":"PSD Global Academy","Long_Name":"PSD GLOBAL ACADEMY","ADDRESS":"703 E Prospect Rd","City":"Fort Collins","State":"CO","Zip":"80525","School_Bas":"Option","SchoolType":"Option","Program":" ","CDE":"7198","BldgID":91980,"LocCode":"461","GradeConfi":"K-12","ArticArea":"Districtwide","Yr_Built":1957,"Yr_Remod":1982,"Modulars":0,"Phone":"970-490-3086","EMGNCY_PWR":"Y","Capacity":0,"Capacity_M":0,"Capacity_1":0,"Utilizatio":0,"Utiliz_Mod":0,"Utiliz_M_1":0,"En_2005_06":0,"En_2006_07":0,"En_2007_08":0,"En_2008_09":0,"En_2009_10":0,"En_2010_11":0,"En_2011_12":0,"En_2012_13":0,"En_2013_14":0,"En_2014_15":158,"En_2015_16":176,"En_2016_17":196,"En_2017_18":210,"Temp_Txt":" ","Notes":" ","Ch_In_13":0,"Ch_In_14":0,"Ch_In_15":0,"Ch_In_16":0,"Ch_In_17":0,"Ch_Out_13":0,"Ch_Out_14":0,"Ch_Out_15":0,"Ch_Out_16":0,"Ch_Out_17":0,"Bld_SqFtOr":0,"Bld_SqFtTo":0,"Parking_Re":0,"Parking_Ad":0,"S_Asphalt":0,"S_Concrete":0,"F_Baseball":0,"F_Basketba":0,"F_Football":0,"F_Soccer":0,"F_Tennis":0,"F_Track":0,"F_Notes":" ","S_Area_Mai":0,"S_Area_Tur":0,"S_Area_Tot":0,"S_BikeRack":0,"DecadeBuil":1950,"FullAddres":"703 E Prospect Rd, Fort Collins, CO, 80525","GreatSchoo":6,"L_Size":0,"L_Acquired":" ","L_OrigPric":" ","En_2018_19":221,"En_2019_20":263,"Full_Name_":"PSD Global Academy","En_2020_21":246,"En_2021_22":193,"Ch_In_18":0,"Ch_In_19":0,"Ch_In_20":0,"Ch_In_21":0,"Ch_Out_18":0,"Ch_Out_19":0,"Ch_Out_20":0,"Ch_Out_21":0,"En_2022_23":189,"En_2023_24":294,"En_2024_25":255}},{"type":"Feature","id":51,"geometry":{"type":"Point","coordinates":[-105.097311384882,40.523028775135]},"properties":{"FID":51,"OBJECTID":51,"ShortName":"Fort Collins Montessori","Full_Name":"Fort Collins Montessori","Long_Name":"FORT COLLINS MONTESSORI","ADDRESS":"1109 W Harmony Rd","City":"Fort Collins","State":"CO","Zip":"80526","School_Bas":"Charter","SchoolType":"Charter","Program":" ","CDE":"3242","BldgID":0,"LocCode":" ","GradeConfi":"PK-9","ArticArea":"Charter","Yr_Built":0,"Yr_Remod":0,"Modulars":0,"Phone":"970-631-8612","EMGNCY_PWR":" ","Capacity":0,"Capacity_M":0,"Capacity_1":0,"Utilizatio":0,"Utiliz_Mod":0,"Utiliz_M_1":0,"En_2005_06":0,"En_2006_07":0,"En_2007_08":0,"En_2008_09":0,"En_2009_10":0,"En_2010_11":0,"En_2011_12":0,"En_2012_13":0,"En_2013_14":0,"En_2014_15":0,"En_2015_16":64,"En_2016_17":86,"En_2017_18":99,"Temp_Txt":" ","Notes":" ","Ch_In_13":0,"Ch_In_14":0,"Ch_In_15":0,"Ch_In_16":0,"Ch_In_17":0,"Ch_Out_13":0,"Ch_Out_14":0,"Ch_Out_15":0,"Ch_Out_16":0,"Ch_Out_17":0,"Bld_SqFtOr":0,"Bld_SqFtTo":0,"Parking_Re":0,"Parking_Ad":0,"S_Asphalt":0,"S_Concrete":0,"F_Baseball":0,"F_Basketba":0,"F_Football":0,"F_Soccer":0,"F_Tennis":0,"F_Track":0,"F_Notes":" ","S_Area_Mai":0,"S_Area_Tur":0,"S_Area_Tot":0,"S_BikeRack":0,"DecadeBuil":0,"FullAddres":"1900 S Taft Hill Rd, Fort Collins, CO, 80526","GreatSchoo":0,"L_Size":0,"L_Acquired":" ","L_OrigPric":" ","En_2018_19":98,"En_2019_20":103,"Full_Name_":"Fort Collins Montessori","En_2020_21":133,"En_2021_22":0,"Ch_In_18":0,"Ch_In_19":0,"Ch_In_20":0,"Ch_In_21":0,"Ch_Out_18":0,"Ch_Out_19":0,"Ch_Out_20":0,"Ch_Out_21":0,"En_2022_23":null,"En_2023_24":null,"En_2024_25":null}},{"type":"Feature","id":52,"geometry":{"type":"Point","coordinates":[-105.030435511198,40.5633443084402]},"properties":{"FID":52,"OBJECTID":52,"ShortName":"Liberty Common ES","Full_Name":"Liberty Common","Long_Name":"LIBERTY COMMON ELEMENTARY","ADDRESS":"1725 Sharp Point Dr","City":"Fort Collins","State":"CO","Zip":"80525","School_Bas":"Charter","SchoolType":"Charter","Program":" ","CDE":"5120","BldgID":0,"LocCode":" ","GradeConfi":"K-6","ArticArea":"Charter","Yr_Built":0,"Yr_Remod":0,"Modulars":0,"Phone":"970-482-9800","EMGNCY_PWR":" ","Capacity":0,"Capacity_M":0,"Capacity_1":0,"Utilizatio":0,"Utiliz_Mod":0,"Utiliz_M_1":0,"En_2005_06":0,"En_2006_07":0,"En_2007_08":0,"En_2008_09":0,"En_2009_10":0,"En_2010_11":0,"En_2011_12":0,"En_2012_13":0,"En_2013_14":0,"En_2014_15":0,"En_2015_16":1101,"En_2016_17":524,"En_2017_18":528,"Temp_Txt":" ","Notes":" ","Ch_In_13":0,"Ch_In_14":0,"Ch_In_15":0,"Ch_In_16":0,"Ch_In_17":0,"Ch_Out_13":0,"Ch_Out_14":0,"Ch_Out_15":0,"Ch_Out_16":0,"Ch_Out_17":0,"Bld_SqFtOr":0,"Bld_SqFtTo":0,"Parking_Re":0,"Parking_Ad":0,"S_Asphalt":0,"S_Concrete":0,"F_Baseball":0,"F_Basketba":0,"F_Football":0,"F_Soccer":0,"F_Tennis":0,"F_Track":0,"F_Notes":" ","S_Area_Mai":0,"S_Area_Tur":0,"S_Area_Tot":0,"S_BikeRack":0,"DecadeBuil":0,"FullAddres":"1725 Sharp Point Dr, Fort Collins, CO, 80525","GreatSchoo":0,"L_Size":0,"L_Acquired":" ","L_OrigPric":" ","En_2018_19":523,"En_2019_20":610,"Full_Name_":"Liberty Common","En_2020_21":609,"En_2021_22":0,"Ch_In_18":0,"Ch_In_19":0,"Ch_In_20":0,"Ch_In_21":0,"Ch_Out_18":0,"Ch_Out_19":0,"Ch_Out_20":0,"Ch_Out_21":0,"En_2022_23":null,"En_2023_24":null,"En_2024_25":null}},{"type":"Feature","id":53,"geometry":{"type":"Point","coordinates":[-105.033178712826,40.5502399059597]},"properties":{"FID":53,"OBJECTID":53,"ShortName":"Liberty Common JR/SR","Full_Name":"Liberty Common JR / SR","Long_Name":"LIBERTY COMMON HIGH SCHOOL","ADDRESS":"2745 Minnesota Dr","City":"Fort Collins","State":"CO","Zip":"80525","School_Bas":"Charter","SchoolType":"Charter","Program":" ","CDE":"5120","BldgID":0,"LocCode":" ","GradeConfi":"7-12","ArticArea":"Charter","Yr_Built":0,"Yr_Remod":0,"Modulars":0,"Phone":"970-482-9800","EMGNCY_PWR":" ","Capacity":0,"Capacity_M":0,"Capacity_1":0,"Utilizatio":0,"Utiliz_Mod":0,"Utiliz_M_1":0,"En_2005_06":0,"En_2006_07":0,"En_2007_08":0,"En_2008_09":0,"En_2009_10":0,"En_2010_11":0,"En_2011_12":0,"En_2012_13":0,"En_2013_14":0,"En_2014_15":0,"En_2015_16":0,"En_2016_17":604,"En_2017_18":620,"Temp_Txt":" ","Notes":" ","Ch_In_13":0,"Ch_In_14":0,"Ch_In_15":0,"Ch_In_16":0,"Ch_In_17":0,"Ch_Out_13":0,"Ch_Out_14":0,"Ch_Out_15":0,"Ch_Out_16":0,"Ch_Out_17":0,"Bld_SqFtOr":0,"Bld_SqFtTo":0,"Parking_Re":0,"Parking_Ad":0,"S_Asphalt":0,"S_Concrete":0,"F_Baseball":0,"F_Basketba":0,"F_Football":0,"F_Soccer":0,"F_Tennis":0,"F_Track":0,"F_Notes":" ","S_Area_Mai":0,"S_Area_Tur":0,"S_Area_Tot":0,"S_BikeRack":0,"DecadeBuil":0,"FullAddres":"2745 Minnesota Dr, Fort Collins, CO, 80525","GreatSchoo":8,"L_Size":0,"L_Acquired":" ","L_OrigPric":" ","En_2018_19":619,"En_2019_20":538,"Full_Name_":"Liberty Common JR / SR","En_2020_21":554,"En_2021_22":0,"Ch_In_18":0,"Ch_In_19":0,"Ch_In_20":0,"Ch_In_21":0,"Ch_Out_18":0,"Ch_Out_19":0,"Ch_Out_20":0,"Ch_Out_21":0,"En_2022_23":null,"En_2023_24":null,"En_2024_25":null}},{"type":"Feature","id":54,"geometry":{"type":"Point","coordinates":[-105.035122339377,40.5679486753342]},"properties":{"FID":54,"OBJECTID":54,"ShortName":"Mountain Sage","Full_Name":"Mountain Sage Community","Long_Name":"MOUNTAIN SAGE COMMUNITY SCHOOL","ADDRESS":"2310 E Prospect Rd Ste A","City":"Fort Collins","State":"CO","Zip":"80525","School_Bas":"Charter","SchoolType":"Charter","Program":" ","CDE":"5917","BldgID":0,"LocCode":" ","GradeConfi":"K-8","ArticArea":"Charter","Yr_Built":0,"Yr_Remod":0,"Modulars":0,"Phone":" ","EMGNCY_PWR":" ","Capacity":0,"Capacity_M":0,"Capacity_1":0,"Utilizatio":0,"Utiliz_Mod":0,"Utiliz_M_1":0,"En_2005_06":0,"En_2006_07":0,"En_2007_08":0,"En_2008_09":0,"En_2009_10":0,"En_2010_11":0,"En_2011_12":0,"En_2012_13":0,"En_2013_14":0,"En_2014_15":0,"En_2015_16":232,"En_2016_17":265,"En_2017_18":270,"Temp_Txt":" ","Notes":" ","Ch_In_13":0,"Ch_In_14":0,"Ch_In_15":0,"Ch_In_16":0,"Ch_In_17":0,"Ch_Out_13":0,"Ch_Out_14":0,"Ch_Out_15":0,"Ch_Out_16":0,"Ch_Out_17":0,"Bld_SqFtOr":0,"Bld_SqFtTo":0,"Parking_Re":0,"Parking_Ad":0,"S_Asphalt":0,"S_Concrete":0,"F_Baseball":0,"F_Basketba":0,"F_Football":0,"F_Soccer":0,"F_Tennis":0,"F_Track":0,"F_Notes":" ","S_Area_Mai":0,"S_Area_Tur":0,"S_Area_Tot":0,"S_BikeRack":0,"DecadeBuil":0,"FullAddres":"2310 E Prospect Rd Ste A, Fort Collins, CO, 80525","GreatSchoo":6,"L_Size":0,"L_Acquired":" ","L_OrigPric":" ","En_2018_19":313,"En_2019_20":314,"Full_Name_":"Mountain Sage Community","En_2020_21":289,"En_2021_22":0,"Ch_In_18":0,"Ch_In_19":0,"Ch_In_20":0,"Ch_In_21":0,"Ch_Out_18":0,"Ch_Out_19":0,"Ch_Out_20":0,"Ch_Out_21":0,"En_2022_23":null,"En_2023_24":null,"En_2024_25":null}},{"type":"Feature","id":55,"geometry":{"type":"Point","coordinates":[-105.057231012986,40.5628990538778]},"properties":{"FID":55,"OBJECTID":55,"ShortName":"Ridgeview","Full_Name":"Ridgeview Classical","Long_Name":"RIDGEVIEW CLASSICAL","ADDRESS":"1800 South Lemay","City":"Fort Collins","State":"CO","Zip":"80525","School_Bas":"Charter","SchoolType":"Charter","Program":" ","CDE":"0146","BldgID":0,"LocCode":" ","GradeConfi":"K-12","ArticArea":"Charter","Yr_Built":0,"Yr_Remod":0,"Modulars":0,"Phone":"970-494-4620","EMGNCY_PWR":" ","Capacity":0,"Capacity_M":0,"Capacity_1":0,"Utilizatio":0,"Utiliz_Mod":0,"Utiliz_M_1":0,"En_2005_06":0,"En_2006_07":0,"En_2007_08":0,"En_2008_09":0,"En_2009_10":0,"En_2010_11":0,"En_2011_12":0,"En_2012_13":0,"En_2013_14":0,"En_2014_15":0,"En_2015_16":789,"En_2016_17":774,"En_2017_18":692,"Temp_Txt":" ","Notes":" ","Ch_In_13":0,"Ch_In_14":0,"Ch_In_15":0,"Ch_In_16":0,"Ch_In_17":0,"Ch_Out_13":0,"Ch_Out_14":0,"Ch_Out_15":0,"Ch_Out_16":0,"Ch_Out_17":0,"Bld_SqFtOr":0,"Bld_SqFtTo":0,"Parking_Re":0,"Parking_Ad":0,"S_Asphalt":0,"S_Concrete":0,"F_Baseball":0,"F_Basketba":0,"F_Football":0,"F_Soccer":0,"F_Tennis":0,"F_Track":0,"F_Notes":" ","S_Area_Mai":0,"S_Area_Tur":0,"S_Area_Tot":0,"S_BikeRack":0,"DecadeBuil":0,"FullAddres":"1800 South Lemay, Fort Collins, CO, 80525","GreatSchoo":7,"L_Size":0,"L_Acquired":" ","L_OrigPric":" ","En_2018_19":703,"En_2019_20":689,"Full_Name_":"Ridgeview Classical","En_2020_21":687,"En_2021_22":0,"Ch_In_18":0,"Ch_In_19":0,"Ch_In_20":0,"Ch_In_21":0,"Ch_Out_18":0,"Ch_Out_19":0,"Ch_Out_20":0,"Ch_Out_21":0,"En_2022_23":null,"En_2023_24":null,"En_2024_25":null}},{"type":"Feature","id":56,"geometry":{"type":"Point","coordinates":[-104.990112322007,40.568728541656]},"properties":{"FID":56,"OBJECTID":56,"ShortName":"Timnath MS/HS","Full_Name":"Timnath Middle High School","Long_Name":"TIMNATH MIDDLE-HIGH SCHOOL","ADDRESS":"4700 E Prospect Rd","City":"Timnath","State":"CO","Zip":"80535","School_Bas":"Home","SchoolType":"MS / HS","Program":" ","CDE":" ","BldgID":0,"LocCode":" ","GradeConfi":"6-12","ArticArea":"Timnath","Yr_Built":2022,"Yr_Remod":0,"Modulars":0,"Phone":" ","EMGNCY_PWR":"Y","Capacity":0,"Capacity_M":0,"Capacity_1":0,"Utilizatio":0,"Utiliz_Mod":0,"Utiliz_M_1":0,"En_2005_06":0,"En_2006_07":0,"En_2007_08":0,"En_2008_09":0,"En_2009_10":0,"En_2010_11":0,"En_2011_12":0,"En_2012_13":0,"En_2013_14":0,"En_2014_15":0,"En_2015_16":0,"En_2016_17":0,"En_2017_18":0,"Temp_Txt":" ","Notes":"Stadium - 4550 E Prospect Rd","Ch_In_13":0,"Ch_In_14":0,"Ch_In_15":0,"Ch_In_16":0,"Ch_In_17":0,"Ch_Out_13":0,"Ch_Out_14":0,"Ch_Out_15":0,"Ch_Out_16":0,"Ch_Out_17":0,"Bld_SqFtOr":0,"Bld_SqFtTo":0,"Parking_Re":0,"Parking_Ad":0,"S_Asphalt":0,"S_Concrete":0,"F_Baseball":0,"F_Basketba":0,"F_Football":0,"F_Soccer":0,"F_Tennis":0,"F_Track":0,"F_Notes":" ","S_Area_Mai":0,"S_Area_Tur":0,"S_Area_Tot":0,"S_BikeRack":0,"DecadeBuil":0,"FullAddres":" ","GreatSchoo":0,"L_Size":0,"L_Acquired":" ","L_OrigPric":" ","En_2018_19":0,"En_2019_20":0,"Full_Name_":"Timnath Middle High School","En_2020_21":0,"En_2021_22":0,"Ch_In_18":0,"Ch_In_19":0,"Ch_In_20":0,"Ch_In_21":0,"Ch_Out_18":0,"Ch_Out_19":0,"Ch_Out_20":0,"Ch_Out_21":0,"En_2022_23":1023,"En_2023_24":1255,"En_2024_25":1458}},{"type":"Feature","id":57,"geometry":{"type":"Point","coordinates":[-104.985747239823,40.4622642294268]},"properties":{"FID":57,"OBJECTID":57,"ShortName":"Bamford","Full_Name":"Bamford Elementary","Long_Name":"BAMFORD ELEMENTARY SCHOOL","ADDRESS":"6055 Travers Stakes Way","City":"Loveland","State":"CO","Zip":"80538","School_Bas":"Home","SchoolType":"ES","Program":" ","CDE":" ","BldgID":0,"LocCode":" ","GradeConfi":"K-5","ArticArea":"Timnath","Yr_Built":2021,"Yr_Remod":0,"Modulars":0,"Phone":" ","EMGNCY_PWR":" ","Capacity":600,"Capacity_M":600,"Capacity_1":600,"Utilizatio":0,"Utiliz_Mod":0,"Utiliz_M_1":0,"En_2005_06":0,"En_2006_07":0,"En_2007_08":0,"En_2008_09":0,"En_2009_10":0,"En_2010_11":0,"En_2011_12":0,"En_2012_13":0,"En_2013_14":0,"En_2014_15":0,"En_2015_16":0,"En_2016_17":0,"En_2017_18":0,"Temp_Txt":" ","Notes":" ","Ch_In_13":0,"Ch_In_14":0,"Ch_In_15":0,"Ch_In_16":0,"Ch_In_17":0,"Ch_Out_13":0,"Ch_Out_14":0,"Ch_Out_15":0,"Ch_Out_16":0,"Ch_Out_17":0,"Bld_SqFtOr":0,"Bld_SqFtTo":0,"Parking_Re":0,"Parking_Ad":0,"S_Asphalt":0,"S_Concrete":0,"F_Baseball":0,"F_Basketba":0,"F_Football":0,"F_Soccer":0,"F_Tennis":0,"F_Track":0,"F_Notes":" ","S_Area_Mai":0,"S_Area_Tur":0,"S_Area_Tot":0,"S_BikeRack":0,"DecadeBuil":2020,"FullAddres":" ","GreatSchoo":0,"L_Size":14.19,"L_Acquired":"20181010","L_OrigPric":"1960200","En_2018_19":0,"En_2019_20":0,"Full_Name_":"Bamford Elementary","En_2020_21":0,"En_2021_22":244,"Ch_In_18":0,"Ch_In_19":0,"Ch_In_20":0,"Ch_In_21":0,"Ch_Out_18":0,"Ch_Out_19":0,"Ch_Out_20":0,"Ch_Out_21":0,"En_2022_23":271,"En_2023_24":284,"En_2024_25":285}},{"type":"Feature","id":58,"geometry":{"type":"Point","coordinates":[-105.024384384541,40.7060538026639]},"properties":{"FID":58,"OBJECTID":58,"ShortName":"Wellington MS/HS","Full_Name":"Wellington Middle High School","Long_Name":"WELLINGTON MIDDLE HIGH SCHOOL","ADDRESS":"2856 Cleveland Avenue","City":"Wellington","State":"CO","Zip":"80549","School_Bas":"Home","SchoolType":"MS / HS","Program":" ","CDE":" ","BldgID":0,"LocCode":" ","GradeConfi":"6-12","ArticArea":"Wellington","Yr_Built":2022,"Yr_Remod":0,"Modulars":0,"Phone":" ","EMGNCY_PWR":" ","Capacity":0,"Capacity_M":0,"Capacity_1":0,"Utilizatio":0,"Utiliz_Mod":0,"Utiliz_M_1":0,"En_2005_06":0,"En_2006_07":0,"En_2007_08":0,"En_2008_09":0,"En_2009_10":0,"En_2010_11":0,"En_2011_12":0,"En_2012_13":0,"En_2013_14":0,"En_2014_15":0,"En_2015_16":0,"En_2016_17":0,"En_2017_18":0,"Temp_Txt":" ","Notes":" ","Ch_In_13":0,"Ch_In_14":0,"Ch_In_15":0,"Ch_In_16":0,"Ch_In_17":0,"Ch_Out_13":0,"Ch_Out_14":0,"Ch_Out_15":0,"Ch_Out_16":0,"Ch_Out_17":0,"Bld_SqFtOr":0,"Bld_SqFtTo":0,"Parking_Re":0,"Parking_Ad":0,"S_Asphalt":0,"S_Concrete":0,"F_Baseball":0,"F_Basketba":0,"F_Football":0,"F_Soccer":0,"F_Tennis":0,"F_Track":0,"F_Notes":" ","S_Area_Mai":0,"S_Area_Tur":0,"S_Area_Tot":0,"S_BikeRack":0,"DecadeBuil":0,"FullAddres":"8543 N County Rd 9, Wellington, CO 80549","GreatSchoo":0,"L_Size":0,"L_Acquired":" ","L_OrigPric":" ","En_2018_19":0,"En_2019_20":0,"Full_Name_":"Wellington Middle-High School","En_2020_21":0,"En_2021_22":0,"Ch_In_18":0,"Ch_In_19":0,"Ch_In_20":0,"Ch_In_21":0,"Ch_Out_18":0,"Ch_Out_19":0,"Ch_Out_20":0,"Ch_Out_21":0,"En_2022_23":859,"En_2023_24":1030,"En_2024_25":1173}},{"type":"Feature","id":59,"geometry":{"type":"Point","coordinates":[-105.115849012084,40.5392059704821]},"properties":{"FID":59,"OBJECTID":null,"ShortName":"Liberty Commons","Full_Name":"Liberty Common Elementary School","Long_Name":"LIBERTY COMMON ELEMENTARY SCHOOL- ARISTOTLE CAMPUS","ADDRESS":"2130 W Horsetooth Rd","City":"Fort Collins, CO ","State":"CO","Zip":"80526","School_Bas":null,"SchoolType":null,"Program":null,"CDE":null,"BldgID":null,"LocCode":null,"GradeConfi":null,"ArticArea":null,"Yr_Built":null,"Yr_Remod":null,"Modulars":null,"Phone":null,"EMGNCY_PWR":null,"Capacity":null,"Capacity_M":null,"Capacity_1":null,"Utilizatio":null,"Utiliz_Mod":null,"Utiliz_M_1":null,"En_2005_06":null,"En_2006_07":null,"En_2007_08":null,"En_2008_09":null,"En_2009_10":null,"En_2010_11":null,"En_2011_12":null,"En_2012_13":null,"En_2013_14":null,"En_2014_15":null,"En_2015_16":null,"En_2016_17":null,"En_2017_18":null,"Temp_Txt":null,"Notes":null,"Ch_In_13":null,"Ch_In_14":null,"Ch_In_15":null,"Ch_In_16":null,"Ch_In_17":null,"Ch_Out_13":null,"Ch_Out_14":null,"Ch_Out_15":null,"Ch_Out_16":null,"Ch_Out_17":null,"Bld_SqFtOr":null,"Bld_SqFtTo":null,"Parking_Re":null,"Parking_Ad":null,"S_Asphalt":null,"S_Concrete":null,"F_Baseball":null,"F_Basketba":null,"F_Football":null,"F_Soccer":null,"F_Tennis":null,"F_Track":null,"F_Notes":null,"S_Area_Mai":null,"S_Area_Tur":null,"S_Area_Tot":null,"S_BikeRack":null,"DecadeBuil":null,"FullAddres":null,"GreatSchoo":null,"L_Size":null,"L_Acquired":null,"L_OrigPric":null,"En_2018_19":null,"En_2019_20":null,"Full_Name_":null,"En_2020_21":null,"En_2021_22":null,"Ch_In_18":null,"Ch_In_19":null,"Ch_In_20":null,"Ch_In_21":null,"Ch_Out_18":null,"Ch_Out_19":null,"Ch_Out_20":null,"Ch_Out_21":null,"En_2022_23":null,"En_2023_24":null,"En_2024_25":null}},{"type":"Feature","id":60,"geometry":{"type":"Point","coordinates":[-105.115865105339,40.5391896634778]},"properties":{"FID":60,"OBJECTID":null,"ShortName":"Liberty Common","Full_Name":"Liberty Common Elementary School","Long_Name":"Liberty Common Elementary School – Aristotle Campus","ADDRESS":"2130 W Horsetooth Rd","City":"CO","State":"Fort Collins, CO 80526","Zip":"80526","School_Bas":null,"SchoolType":"Charter","Program":null,"CDE":null,"BldgID":null,"LocCode":null,"GradeConfi":null,"ArticArea":null,"Yr_Built":null,"Yr_Remod":null,"Modulars":null,"Phone":null,"EMGNCY_PWR":null,"Capacity":null,"Capacity_M":null,"Capacity_1":null,"Utilizatio":null,"Utiliz_Mod":null,"Utiliz_M_1":null,"En_2005_06":null,"En_2006_07":null,"En_2007_08":null,"En_2008_09":null,"En_2009_10":null,"En_2010_11":null,"En_2011_12":null,"En_2012_13":null,"En_2013_14":null,"En_2014_15":null,"En_2015_16":null,"En_2016_17":null,"En_2017_18":null,"Temp_Txt":null,"Notes":null,"Ch_In_13":null,"Ch_In_14":null,"Ch_In_15":null,"Ch_In_16":null,"Ch_In_17":null,"Ch_Out_13":null,"Ch_Out_14":null,"Ch_Out_15":null,"Ch_Out_16":null,"Ch_Out_17":null,"Bld_SqFtOr":null,"Bld_SqFtTo":null,"Parking_Re":null,"Parking_Ad":null,"S_Asphalt":null,"S_Concrete":null,"F_Baseball":null,"F_Basketba":null,"F_Football":null,"F_Soccer":null,"F_Tennis":null,"F_Track":null,"F_Notes":null,"S_Area_Mai":null,"S_Area_Tur":null,"S_Area_Tot":null,"S_BikeRack":null,"DecadeBuil":null,"FullAddres":null,"GreatSchoo":null,"L_Size":null,"L_Acquired":null,"L_OrigPric":null,"En_2018_19":null,"En_2019_20":null,"Full_Name_":null,"En_2020_21":null,"En_2021_22":null,"Ch_In_18":null,"Ch_In_19":null,"Ch_In_20":null,"Ch_In_21":null,"Ch_Out_18":null,"Ch_Out_19":null,"Ch_Out_20":null,"Ch_Out_21":null,"En_2022_23":null,"En_2023_24":null,"En_2024_25":null}},{"type":"Feature","id":66,"geometry":{"type":"Point","coordinates":[-105.040987292286,40.5414685825279]},"properties":{"FID":66,"OBJECTID":8,"ShortName":"EAS","Full_Name":"Employee Assistance Services","Long_Name":"EMPLOYEE ASSISTANCE SERVICES","ADDRESS":"3350 Eastbrook Drive Suite 200","City":"Fort Collins","State":"CO","Zip":"80525","School_Bas":"Admin","SchoolType":"Admin","Program":" ","CDE":" ","BldgID":0,"LocCode":null,"GradeConfi":"Admin","ArticArea":"Admin","Yr_Built":null,"Yr_Remod":0,"Modulars":0,"Phone":" ","EMGNCY_PWR":"Y","Capacity":0,"Capacity_M":0,"Capacity_1":0,"Utilizatio":0,"Utiliz_Mod":0,"Utiliz_M_1":0,"En_2005_06":0,"En_2006_07":0,"En_2007_08":0,"En_2008_09":0,"En_2009_10":0,"En_2010_11":0,"En_2011_12":0,"En_2012_13":0,"En_2013_14":0,"En_2014_15":0,"En_2015_16":0,"En_2016_17":0,"En_2017_18":0,"Temp_Txt":" ","Notes":" ","Ch_In_13":0,"Ch_In_14":0,"Ch_In_15":0,"Ch_In_16":0,"Ch_In_17":0,"Ch_Out_13":0,"Ch_Out_14":0,"Ch_Out_15":0,"Ch_Out_16":0,"Ch_Out_17":0,"Bld_SqFtOr":null,"Bld_SqFtTo":null,"Parking_Re":null,"Parking_Ad":null,"S_Asphalt":null,"S_Concrete":null,"F_Baseball":0,"F_Basketba":0,"F_Football":0,"F_Soccer":0,"F_Tennis":0,"F_Track":0,"F_Notes":" ","S_Area_Mai":null,"S_Area_Tur":null,"S_Area_Tot":null,"S_BikeRack":null,"DecadeBuil":null,"FullAddres":"3350 Eastbrook Drive, Suite 200 \r\nFort Collins, CO  80525","GreatSchoo":0,"L_Size":0,"L_Acquired":" ","L_OrigPric":" ","En_2018_19":0,"En_2019_20":0,"Full_Name_":"Employee Assistance Services","En_2020_21":0,"En_2021_22":0,"Ch_In_18":0,"Ch_In_19":0,"Ch_In_20":0,"Ch_In_21":0,"Ch_Out_18":0,"Ch_Out_19":0,"Ch_Out_20":0,"Ch_Out_21":0,"En_2022_23":null,"En_2023_24":null,"En_2024_25":null}},{"type":"Feature","id":67,"geometry":{"type":"Point","coordinates":[-105.120489382503,40.589007190914]},"properties":{"FID":67,"OBJECTID":8,"ShortName":"JSSC","Full_Name":"Johannsen Support Services Center","Long_Name":"JOHANNSEN SUPPORT SERVICES CENTER","ADDRESS":"2407 Laporte Ave","City":"Fort Collins","State":"CO","Zip":"80521","School_Bas":"Admin","SchoolType":"Admin","Program":" ","CDE":" ","BldgID":0,"LocCode":"600","GradeConfi":"Admin","ArticArea":"Admin","Yr_Built":1970,"Yr_Remod":0,"Modulars":0,"Phone":" ","EMGNCY_PWR":"Y","Capacity":0,"Capacity_M":0,"Capacity_1":0,"Utilizatio":0,"Utiliz_Mod":0,"Utiliz_M_1":0,"En_2005_06":0,"En_2006_07":0,"En_2007_08":0,"En_2008_09":0,"En_2009_10":0,"En_2010_11":0,"En_2011_12":0,"En_2012_13":0,"En_2013_14":0,"En_2014_15":0,"En_2015_16":0,"En_2016_17":0,"En_2017_18":0,"Temp_Txt":" ","Notes":" ","Ch_In_13":0,"Ch_In_14":0,"Ch_In_15":0,"Ch_In_16":0,"Ch_In_17":0,"Ch_Out_13":0,"Ch_Out_14":0,"Ch_Out_15":0,"Ch_Out_16":0,"Ch_Out_17":0,"Bld_SqFtOr":28774,"Bld_SqFtTo":28774,"Parking_Re":161,"Parking_Ad":3,"S_Asphalt":56046,"S_Concrete":20881,"F_Baseball":0,"F_Basketba":0,"F_Football":0,"F_Soccer":0,"F_Tennis":0,"F_Track":0,"F_Notes":" ","S_Area_Mai":63.0099983215,"S_Area_Tur":0.460000008345,"S_Area_Tot":63.4700012207,"S_BikeRack":36,"DecadeBuil":1970,"FullAddres":"2407 Laporte Ave, Fort Collins, CO, 80521","GreatSchoo":0,"L_Size":0,"L_Acquired":" ","L_OrigPric":" ","En_2018_19":0,"En_2019_20":0,"Full_Name_":"ITC","En_2020_21":0,"En_2021_22":0,"Ch_In_18":0,"Ch_In_19":0,"Ch_In_20":0,"Ch_In_21":0,"Ch_Out_18":0,"Ch_Out_19":0,"Ch_Out_20":0,"Ch_Out_21":0,"En_2022_23":null,"En_2023_24":null,"En_2024_25":null}},{"type":"Feature","id":68,"geometry":{"type":"Point","coordinates":[-105.120819581642,40.5879827364644]},"properties":{"FID":68,"OBJECTID":8,"ShortName":"Assessment & Research","Full_Name":"Institutional Effectiveness Assessment & Research","Long_Name":"ASSESSMENT & RESEARCH","ADDRESS":"2407 Laporte Ave","City":"Fort Collins","State":"CO","Zip":"80521","School_Bas":"Admin","SchoolType":"Admin","Program":" ","CDE":" ","BldgID":0,"LocCode":"600","GradeConfi":"Admin","ArticArea":"Admin","Yr_Built":null,"Yr_Remod":null,"Modulars":0,"Phone":" ","EMGNCY_PWR":"Y","Capacity":0,"Capacity_M":0,"Capacity_1":0,"Utilizatio":0,"Utiliz_Mod":0,"Utiliz_M_1":0,"En_2005_06":0,"En_2006_07":0,"En_2007_08":0,"En_2008_09":0,"En_2009_10":0,"En_2010_11":0,"En_2011_12":0,"En_2012_13":0,"En_2013_14":0,"En_2014_15":0,"En_2015_16":0,"En_2016_17":0,"En_2017_18":0,"Temp_Txt":" ","Notes":" ","Ch_In_13":0,"Ch_In_14":0,"Ch_In_15":0,"Ch_In_16":0,"Ch_In_17":0,"Ch_Out_13":0,"Ch_Out_14":0,"Ch_Out_15":0,"Ch_Out_16":0,"Ch_Out_17":0,"Bld_SqFtOr":960,"Bld_SqFtTo":1632,"Parking_Re":13,"Parking_Ad":0,"S_Asphalt":179447,"S_Concrete":10773,"F_Baseball":0,"F_Basketba":0,"F_Football":0,"F_Soccer":0,"F_Tennis":0,"F_Track":0,"F_Notes":" ","S_Area_Mai":6.06,"S_Area_Tur":0,"S_Area_Tot":6.75,"S_BikeRack":0,"DecadeBuil":1998,"FullAddres":"2407 Laporte Ave, Fort Collins, CO, 80521","GreatSchoo":0,"L_Size":0,"L_Acquired":" ","L_OrigPric":" ","En_2018_19":0,"En_2019_20":0,"Full_Name_":"Assessment & Research","En_2020_21":null,"En_2021_22":0,"Ch_In_18":0,"Ch_In_19":0,"Ch_In_20":0,"Ch_In_21":0,"Ch_Out_18":0,"Ch_Out_19":0,"Ch_Out_20":0,"Ch_Out_21":0,"En_2022_23":null,"En_2023_24":null,"En_2024_25":null}},{"type":"Feature","id":69,"geometry":{"type":"Point","coordinates":[-105.123132245832,40.587948356246]},"properties":{"FID":69,"OBJECTID":8,"ShortName":"NBT","Full_Name":"North Bus Transportation","Long_Name":"NORTH BUS TRANSPORTATION","ADDRESS":"2445 Laporte Ave","City":"Fort Collins","State":"CO","Zip":"80521","School_Bas":"Admin","SchoolType":"Admin","Program":" ","CDE":" ","BldgID":0,"LocCode":"600","GradeConfi":"Admin","ArticArea":"Admin","Yr_Built":null,"Yr_Remod":null,"Modulars":0,"Phone":" ","EMGNCY_PWR":"Y","Capacity":0,"Capacity_M":0,"Capacity_1":0,"Utilizatio":0,"Utiliz_Mod":0,"Utiliz_M_1":0,"En_2005_06":0,"En_2006_07":0,"En_2007_08":0,"En_2008_09":0,"En_2009_10":0,"En_2010_11":0,"En_2011_12":0,"En_2012_13":0,"En_2013_14":0,"En_2014_15":0,"En_2015_16":0,"En_2016_17":0,"En_2017_18":0,"Temp_Txt":" ","Notes":" ","Ch_In_13":0,"Ch_In_14":0,"Ch_In_15":0,"Ch_In_16":0,"Ch_In_17":0,"Ch_Out_13":0,"Ch_Out_14":0,"Ch_Out_15":0,"Ch_Out_16":0,"Ch_Out_17":0,"Bld_SqFtOr":null,"Bld_SqFtTo":null,"Parking_Re":null,"Parking_Ad":null,"S_Asphalt":null,"S_Concrete":null,"F_Baseball":0,"F_Basketba":0,"F_Football":0,"F_Soccer":0,"F_Tennis":0,"F_Track":0,"F_Notes":" ","S_Area_Mai":null,"S_Area_Tur":null,"S_Area_Tot":null,"S_BikeRack":null,"DecadeBuil":null,"FullAddres":"2445 Laporte Ave, Fort Collins, CO, 80521","GreatSchoo":0,"L_Size":0,"L_Acquired":" ","L_OrigPric":" ","En_2018_19":0,"En_2019_20":null,"Full_Name_":"North Bus Transportation","En_2020_21":null,"En_2021_22":0,"Ch_In_18":0,"Ch_In_19":0,"Ch_In_20":0,"Ch_In_21":0,"Ch_Out_18":0,"Ch_Out_19":0,"Ch_Out_20":0,"Ch_Out_21":0,"En_2022_23":null,"En_2023_24":null,"En_2024_25":null}},{"type":"Feature","id":70,"geometry":{"type":"Point","coordinates":[-105.123316034851,40.5891240996064]},"properties":{"FID":70,"OBJECTID":8,"ShortName":"Operations","Full_Name":"Operations Center","Long_Name":"OPERATIONS CENTER","ADDRESS":"2445 Laporte Ave","City":"Fort Collins","State":"CO","Zip":"80521","School_Bas":"Admin","SchoolType":"Admin","Program":" ","CDE":" ","BldgID":0,"LocCode":"600","GradeConfi":"Admin","ArticArea":"Admin","Yr_Built":2002,"Yr_Remod":2016,"Modulars":0,"Phone":" ","EMGNCY_PWR":"Y","Capacity":0,"Capacity_M":0,"Capacity_1":0,"Utilizatio":0,"Utiliz_Mod":0,"Utiliz_M_1":0,"En_2005_06":0,"En_2006_07":0,"En_2007_08":0,"En_2008_09":0,"En_2009_10":0,"En_2010_11":0,"En_2011_12":0,"En_2012_13":0,"En_2013_14":0,"En_2014_15":0,"En_2015_16":0,"En_2016_17":0,"En_2017_18":0,"Temp_Txt":" ","Notes":" ","Ch_In_13":0,"Ch_In_14":0,"Ch_In_15":0,"Ch_In_16":0,"Ch_In_17":0,"Ch_Out_13":0,"Ch_Out_14":0,"Ch_Out_15":0,"Ch_Out_16":0,"Ch_Out_17":0,"Bld_SqFtOr":8753,"Bld_SqFtTo":8753,"Parking_Re":17,"Parking_Ad":2,"S_Asphalt":32500,"S_Concrete":684,"F_Baseball":0,"F_Basketba":0,"F_Football":0,"F_Soccer":0,"F_Tennis":0,"F_Track":0,"F_Notes":" ","S_Area_Mai":null,"S_Area_Tur":null,"S_Area_Tot":null,"S_BikeRack":null,"DecadeBuil":null,"FullAddres":"2445 Laporte Ave, Fort Collins, CO, 80521","GreatSchoo":0,"L_Size":0,"L_Acquired":" ","L_OrigPric":" ","En_2018_19":0,"En_2019_20":null,"Full_Name_":"Operations","En_2020_21":null,"En_2021_22":0,"Ch_In_18":0,"Ch_In_19":0,"Ch_In_20":0,"Ch_In_21":0,"Ch_Out_18":0,"Ch_Out_19":0,"Ch_Out_20":0,"Ch_Out_21":0,"En_2022_23":null,"En_2023_24":null,"En_2024_25":null}},{"type":"Feature","id":71,"geometry":{"type":"Point","coordinates":[-105.1235601143,40.5873402115572]},"properties":{"FID":71,"OBJECTID":8,"ShortName":"OS","Full_Name":"Facilities","Long_Name":"FACILITIES","ADDRESS":"2445 Laporte Ave","City":"Fort Collins","State":"CO","Zip":"80521","School_Bas":"Admin","SchoolType":"Admin","Program":" ","CDE":" ","BldgID":0,"LocCode":"600","GradeConfi":"Admin","ArticArea":"Admin","Yr_Built":1977,"Yr_Remod":null,"Modulars":0,"Phone":" ","EMGNCY_PWR":"Y","Capacity":0,"Capacity_M":0,"Capacity_1":0,"Utilizatio":0,"Utiliz_Mod":0,"Utiliz_M_1":0,"En_2005_06":0,"En_2006_07":0,"En_2007_08":0,"En_2008_09":0,"En_2009_10":0,"En_2010_11":0,"En_2011_12":0,"En_2012_13":0,"En_2013_14":0,"En_2014_15":0,"En_2015_16":0,"En_2016_17":0,"En_2017_18":0,"Temp_Txt":" ","Notes":" ","Ch_In_13":0,"Ch_In_14":0,"Ch_In_15":0,"Ch_In_16":0,"Ch_In_17":0,"Ch_Out_13":0,"Ch_Out_14":0,"Ch_Out_15":0,"Ch_Out_16":0,"Ch_Out_17":0,"Bld_SqFtOr":3200,"Bld_SqFtTo":11536,"Parking_Re":22,"Parking_Ad":null,"S_Asphalt":6555,"S_Concrete":154,"F_Baseball":null,"F_Basketba":0,"F_Football":0,"F_Soccer":0,"F_Tennis":0,"F_Track":0,"F_Notes":" ","S_Area_Mai":null,"S_Area_Tur":null,"S_Area_Tot":null,"S_BikeRack":null,"DecadeBuil":null,"FullAddres":"2445 Laporte Ave, Fort Collins, CO, 80521","GreatSchoo":0,"L_Size":0,"L_Acquired":" ","L_OrigPric":" ","En_2018_19":0,"En_2019_20":null,"Full_Name_":"Facilities","En_2020_21":null,"En_2021_22":0,"Ch_In_18":0,"Ch_In_19":0,"Ch_In_20":0,"Ch_In_21":0,"Ch_Out_18":0,"Ch_Out_19":0,"Ch_Out_20":0,"Ch_Out_21":0,"En_2022_23":null,"En_2023_24":null,"En_2024_25":null}},{"type":"Feature","id":72,"geometry":{"type":"Point","coordinates":[-105.122821560796,40.5884491246837]},"properties":{"FID":72,"OBJECTID":8,"ShortName":"Warehouse 4","Full_Name":"Warehouse 4","Long_Name":"WAREHOUSE 4","ADDRESS":"2445 Laporte Ave","City":"Fort Collins","State":"CO","Zip":"80521","School_Bas":"Admin","SchoolType":"Admin","Program":" ","CDE":" ","BldgID":0,"LocCode":"600","GradeConfi":"Admin","ArticArea":"Admin","Yr_Built":1997,"Yr_Remod":null,"Modulars":0,"Phone":" ","EMGNCY_PWR":"Y","Capacity":0,"Capacity_M":0,"Capacity_1":0,"Utilizatio":0,"Utiliz_Mod":0,"Utiliz_M_1":0,"En_2005_06":0,"En_2006_07":0,"En_2007_08":0,"En_2008_09":0,"En_2009_10":0,"En_2010_11":0,"En_2011_12":0,"En_2012_13":0,"En_2013_14":0,"En_2014_15":0,"En_2015_16":0,"En_2016_17":0,"En_2017_18":0,"Temp_Txt":" ","Notes":" ","Ch_In_13":0,"Ch_In_14":0,"Ch_In_15":0,"Ch_In_16":0,"Ch_In_17":0,"Ch_Out_13":0,"Ch_Out_14":0,"Ch_Out_15":0,"Ch_Out_16":0,"Ch_Out_17":0,"Bld_SqFtOr":14688,"Bld_SqFtTo":14688,"Parking_Re":72,"Parking_Ad":4,"S_Asphalt":32500,"S_Concrete":1975,"F_Baseball":0,"F_Basketba":0,"F_Football":0,"F_Soccer":0,"F_Tennis":0,"F_Track":0,"F_Notes":" ","S_Area_Mai":6.06,"S_Area_Tur":null,"S_Area_Tot":6.75,"S_BikeRack":null,"DecadeBuil":null,"FullAddres":"2445 Laporte Ave, Fort Collins, CO, 80521","GreatSchoo":0,"L_Size":0,"L_Acquired":" ","L_OrigPric":" ","En_2018_19":0,"En_2019_20":null,"Full_Name_":"Warehouse 4","En_2020_21":null,"En_2021_22":0,"Ch_In_18":0,"Ch_In_19":0,"Ch_In_20":0,"Ch_In_21":0,"Ch_Out_18":0,"Ch_Out_19":0,"Ch_Out_20":0,"Ch_Out_21":0,"En_2022_23":null,"En_2023_24":null,"En_2024_25":null}},{"type":"Feature","id":73,"geometry":{"type":"Point","coordinates":[-105.122254961007,40.5884708651658]},"properties":{"FID":73,"OBJECTID":8,"ShortName":"Warehouse 3","Full_Name":"Warehouse 3","Long_Name":"WAREHOUSE 3","ADDRESS":"2445 Laporte Ave","City":"Fort Collins","State":"CO","Zip":"80521","School_Bas":"Admin","SchoolType":"Admin","Program":" ","CDE":" ","BldgID":0,"LocCode":"600","GradeConfi":"Admin","ArticArea":"Admin","Yr_Built":null,"Yr_Remod":null,"Modulars":0,"Phone":" ","EMGNCY_PWR":"Y","Capacity":0,"Capacity_M":0,"Capacity_1":0,"Utilizatio":0,"Utiliz_Mod":0,"Utiliz_M_1":0,"En_2005_06":0,"En_2006_07":0,"En_2007_08":0,"En_2008_09":0,"En_2009_10":0,"En_2010_11":0,"En_2011_12":0,"En_2012_13":0,"En_2013_14":0,"En_2014_15":0,"En_2015_16":0,"En_2016_17":0,"En_2017_18":0,"Temp_Txt":" ","Notes":" ","Ch_In_13":0,"Ch_In_14":0,"Ch_In_15":0,"Ch_In_16":0,"Ch_In_17":0,"Ch_Out_13":0,"Ch_Out_14":0,"Ch_Out_15":0,"Ch_Out_16":0,"Ch_Out_17":0,"Bld_SqFtOr":null,"Bld_SqFtTo":null,"Parking_Re":5,"Parking_Ad":3,"S_Asphalt":null,"S_Concrete":null,"F_Baseball":0,"F_Basketba":0,"F_Football":0,"F_Soccer":0,"F_Tennis":0,"F_Track":0,"F_Notes":" ","S_Area_Mai":null,"S_Area_Tur":null,"S_Area_Tot":null,"S_BikeRack":null,"DecadeBuil":null,"FullAddres":"2445 Laporte Ave, Fort Collins, CO, 80521","GreatSchoo":0,"L_Size":0,"L_Acquired":" ","L_OrigPric":" ","En_2018_19":0,"En_2019_20":null,"Full_Name_":"Warehouse 3","En_2020_21":null,"En_2021_22":0,"Ch_In_18":0,"Ch_In_19":0,"Ch_In_20":0,"Ch_In_21":0,"Ch_Out_18":0,"Ch_Out_19":0,"Ch_Out_20":0,"Ch_Out_21":0,"En_2022_23":null,"En_2023_24":null,"En_2024_25":null}},{"type":"Feature","id":74,"geometry":{"type":"Point","coordinates":[-105.066176525367,40.4973490758316]},"properties":{"FID":74,"OBJECTID":8,"ShortName":"South Bus Terminal","Full_Name":"South Bus Terminal Facility","Long_Name":"SOUTH BUS TERMINAL","ADDRESS":"6425 Portner Rd","City":"Fort Collins","State":"CO","Zip":"80525","School_Bas":"Admin","SchoolType":"Admin","Program":" ","CDE":" ","BldgID":0,"LocCode":"600","GradeConfi":"Admin","ArticArea":"Admin","Yr_Built":1993,"Yr_Remod":null,"Modulars":0,"Phone":" ","EMGNCY_PWR":"Y","Capacity":0,"Capacity_M":0,"Capacity_1":0,"Utilizatio":0,"Utiliz_Mod":0,"Utiliz_M_1":0,"En_2005_06":0,"En_2006_07":0,"En_2007_08":0,"En_2008_09":0,"En_2009_10":0,"En_2010_11":0,"En_2011_12":0,"En_2012_13":0,"En_2013_14":0,"En_2014_15":0,"En_2015_16":0,"En_2016_17":0,"En_2017_18":0,"Temp_Txt":" ","Notes":" ","Ch_In_13":0,"Ch_In_14":0,"Ch_In_15":0,"Ch_In_16":0,"Ch_In_17":0,"Ch_Out_13":0,"Ch_Out_14":0,"Ch_Out_15":0,"Ch_Out_16":0,"Ch_Out_17":0,"Bld_SqFtOr":16000,"Bld_SqFtTo":32000,"Parking_Re":58,"Parking_Ad":2,"S_Asphalt":143795,"S_Concrete":500,"F_Baseball":0,"F_Basketba":0,"F_Football":0,"F_Soccer":0,"F_Tennis":0,"F_Track":0,"F_Notes":" ","S_Area_Mai":4.5,"S_Area_Tur":3.65,"S_Area_Tot":6.2,"S_BikeRack":0,"DecadeBuil":1993,"FullAddres":"6425 Portner Rd, Fort Collins, CO 80525","GreatSchoo":1,"L_Size":0,"L_Acquired":" ","L_OrigPric":" ","En_2018_19":0,"En_2019_20":null,"Full_Name_":"South Bus Terminal","En_2020_21":null,"En_2021_22":0,"Ch_In_18":0,"Ch_In_19":0,"Ch_In_20":0,"Ch_In_21":0,"Ch_Out_18":0,"Ch_Out_19":0,"Ch_Out_20":0,"Ch_Out_21":0,"En_2022_23":null,"En_2023_24":null,"En_2024_25":null}},{"type":"Feature","id":75,"geometry":{"type":"Point","coordinates":[-105.038096348412,40.568926982721]},"properties":{"FID":75,"OBJECTID":8,"ShortName":"Warehouse 5","Full_Name":"Warehouse 5","Long_Name":"WAREHOUSE 5","ADDRESS":"1502 South Timberline Road","City":"Fort Collins","State":"CO","Zip":"80524","School_Bas":"Admin","SchoolType":"Admin","Program":" ","CDE":" ","BldgID":0,"LocCode":null,"GradeConfi":"Admin","ArticArea":"Admin","Yr_Built":1999,"Yr_Remod":2010,"Modulars":0,"Phone":" ","EMGNCY_PWR":"Y","Capacity":0,"Capacity_M":0,"Capacity_1":0,"Utilizatio":0,"Utiliz_Mod":0,"Utiliz_M_1":0,"En_2005_06":0,"En_2006_07":0,"En_2007_08":0,"En_2008_09":0,"En_2009_10":0,"En_2010_11":0,"En_2011_12":0,"En_2012_13":0,"En_2013_14":0,"En_2014_15":0,"En_2015_16":0,"En_2016_17":0,"En_2017_18":0,"Temp_Txt":" ","Notes":" ","Ch_In_13":0,"Ch_In_14":0,"Ch_In_15":0,"Ch_In_16":0,"Ch_In_17":0,"Ch_Out_13":0,"Ch_Out_14":0,"Ch_Out_15":0,"Ch_Out_16":0,"Ch_Out_17":0,"Bld_SqFtOr":38000,"Bld_SqFtTo":38000,"Parking_Re":49,"Parking_Ad":2,"S_Asphalt":77651,"S_Concrete":12132,"F_Baseball":0,"F_Basketba":0,"F_Football":0,"F_Soccer":0,"F_Tennis":0,"F_Track":0,"F_Notes":" ","S_Area_Mai":5.66,"S_Area_Tur":0.23,"S_Area_Tot":6.53,"S_BikeRack":0,"DecadeBuil":1999,"FullAddres":"1502 South Timberline Road\r\nFort Collins, Colorado 80524","GreatSchoo":null,"L_Size":0,"L_Acquired":" ","L_OrigPric":" ","En_2018_19":0,"En_2019_20":null,"Full_Name_":"Warehouse 5","En_2020_21":0,"En_2021_22":0,"Ch_In_18":0,"Ch_In_19":0,"Ch_In_20":0,"Ch_In_21":0,"Ch_Out_18":0,"Ch_Out_19":0,"Ch_Out_20":0,"Ch_Out_21":0,"En_2022_23":null,"En_2023_24":null,"En_2024_25":null}},{"type":"Feature","id":77,"geometry":{"type":"Point","coordinates":[-105.074385706827,40.5455212712264]},"properties":{"FID":77,"OBJECTID":8,"ShortName":null,"Full_Name":"Cooper Home","Long_Name":"COOPER HOME","ADDRESS":"217 E Swallow","City":"Fort Collins","State":"CO","Zip":"80525","School_Bas":"Admin","SchoolType":"Admin","Program":" ","CDE":" ","BldgID":0,"LocCode":null,"GradeConfi":"Admin","ArticArea":"Admin","Yr_Built":null,"Yr_Remod":null,"Modulars":0,"Phone":" ","EMGNCY_PWR":"Y","Capacity":0,"Capacity_M":0,"Capacity_1":0,"Utilizatio":0,"Utiliz_Mod":0,"Utiliz_M_1":0,"En_2005_06":0,"En_2006_07":0,"En_2007_08":0,"En_2008_09":0,"En_2009_10":0,"En_2010_11":0,"En_2011_12":0,"En_2012_13":0,"En_2013_14":0,"En_2014_15":0,"En_2015_16":0,"En_2016_17":0,"En_2017_18":0,"Temp_Txt":" ","Notes":" ","Ch_In_13":0,"Ch_In_14":0,"Ch_In_15":0,"Ch_In_16":0,"Ch_In_17":0,"Ch_Out_13":0,"Ch_Out_14":0,"Ch_Out_15":0,"Ch_Out_16":0,"Ch_Out_17":0,"Bld_SqFtOr":null,"Bld_SqFtTo":null,"Parking_Re":null,"Parking_Ad":null,"S_Asphalt":null,"S_Concrete":null,"F_Baseball":0,"F_Basketba":0,"F_Football":0,"F_Soccer":0,"F_Tennis":0,"F_Track":0,"F_Notes":" ","S_Area_Mai":null,"S_Area_Tur":null,"S_Area_Tot":null,"S_BikeRack":null,"DecadeBuil":null,"FullAddres":"217 E Swallow Fort Collins, CO 80525","GreatSchoo":0,"L_Size":0,"L_Acquired":" ","L_OrigPric":" ","En_2018_19":0,"En_2019_20":null,"Full_Name_":"Cooper Home","En_2020_21":null,"En_2021_22":0,"Ch_In_18":0,"Ch_In_19":0,"Ch_In_20":0,"Ch_In_21":0,"Ch_Out_18":0,"Ch_Out_19":0,"Ch_Out_20":0,"Ch_Out_21":0,"En_2022_23":null,"En_2023_24":null,"En_2024_25":null}},{"type":"Feature","id":78,"geometry":{"type":"Point","coordinates":[-105.096482834495,40.5482307968527]},"properties":{"FID":78,"OBJECTID":8,"ShortName":null,"Full_Name":"Community Connections","Long_Name":"COMMUNITY CONNECTIONS","ADDRESS":"2901 South Shields","City":"Fort Collins","State":"CO","Zip":"80526","School_Bas":"Admin","SchoolType":"Admin","Program":" ","CDE":" ","BldgID":0,"LocCode":null,"GradeConfi":"Admin","ArticArea":"Admin","Yr_Built":null,"Yr_Remod":null,"Modulars":0,"Phone":" ","EMGNCY_PWR":"Y","Capacity":0,"Capacity_M":0,"Capacity_1":0,"Utilizatio":0,"Utiliz_Mod":0,"Utiliz_M_1":0,"En_2005_06":0,"En_2006_07":0,"En_2007_08":0,"En_2008_09":0,"En_2009_10":0,"En_2010_11":0,"En_2011_12":0,"En_2012_13":0,"En_2013_14":0,"En_2014_15":0,"En_2015_16":0,"En_2016_17":0,"En_2017_18":0,"Temp_Txt":" ","Notes":" ","Ch_In_13":0,"Ch_In_14":0,"Ch_In_15":0,"Ch_In_16":0,"Ch_In_17":0,"Ch_Out_13":0,"Ch_Out_14":0,"Ch_Out_15":0,"Ch_Out_16":0,"Ch_Out_17":0,"Bld_SqFtOr":null,"Bld_SqFtTo":null,"Parking_Re":null,"Parking_Ad":null,"S_Asphalt":null,"S_Concrete":null,"F_Baseball":0,"F_Basketba":0,"F_Football":0,"F_Soccer":0,"F_Tennis":0,"F_Track":0,"F_Notes":" ","S_Area_Mai":null,"S_Area_Tur":null,"S_Area_Tot":null,"S_BikeRack":null,"DecadeBuil":null,"FullAddres":"2901 S Shields St, Fort Collins, CO 80526","GreatSchoo":0,"L_Size":0,"L_Acquired":" ","L_OrigPric":" ","En_2018_19":0,"En_2019_20":null,"Full_Name_":"Community Connections","En_2020_21":null,"En_2021_22":0,"Ch_In_18":0,"Ch_In_19":0,"Ch_In_20":0,"Ch_In_21":0,"Ch_Out_18":0,"Ch_Out_19":0,"Ch_Out_20":0,"Ch_Out_21":0,"En_2022_23":null,"En_2023_24":null,"En_2024_25":null}}]}